[08May2026 01:13:28.462] [main/INFO] [cpw.mods.modlauncher.Launcher/MODLAUNCHER]: ModLauncher running: args [--launchTarget, forgeserver, --fml.forgeVersion, 47.4.20, --fml.mcVersion, 1.20.1, --fml.forgeGroup, net.minecraftforge, --fml.mcpVersion, 20230612.114412, nogui]
[08May2026 01:13:28.465] [main/INFO] [cpw.mods.modlauncher.Launcher/MODLAUNCHER]: ModLauncher 10.0.9+10.0.9+main.dcd20f30 starting: java version 17.0.18 by Ubuntu; OS Linux arch amd64 version 6.8.0-1044-azure
[08May2026 01:13:33.386] [main/INFO] [net.minecraftforge.fml.loading.ImmediateWindowHandler/]: ImmediateWindowProvider not loading because launch target is forgeserver
[08May2026 01:13:33.473] [main/INFO] [mixin/]: SpongePowered MIXIN Subsystem Version=0.8.5 Source=union:/workspaces/effective-couscous/servidor_minecraft/libraries/org/spongepowered/mixin/0.8.5/mixin-0.8.5.jar%2365!/ Service=ModLauncher Env=SERVER
[08May2026 01:13:34.352] [main/WARN] [net.minecraftforge.fml.loading.moddiscovery.ModFileParser/LOADING]: Mod file /workspaces/effective-couscous/servidor_minecraft/libraries/net/minecraftforge/fmlcore/1.20.1-47.4.20/fmlcore-1.20.1-47.4.20.jar is missing mods.toml file
[08May2026 01:13:34.353] [main/WARN] [net.minecraftforge.fml.loading.moddiscovery.ModFileParser/LOADING]: Mod file /workspaces/effective-couscous/servidor_minecraft/libraries/net/minecraftforge/javafmllanguage/1.20.1-47.4.20/javafmllanguage-1.20.1-47.4.20.jar is missing mods.toml file
[08May2026 01:13:34.354] [main/WARN] [net.minecraftforge.fml.loading.moddiscovery.ModFileParser/LOADING]: Mod file /workspaces/effective-couscous/servidor_minecraft/libraries/net/minecraftforge/lowcodelanguage/1.20.1-47.4.20/lowcodelanguage-1.20.1-47.4.20.jar is missing mods.toml file
[08May2026 01:13:34.355] [main/WARN] [net.minecraftforge.fml.loading.moddiscovery.ModFileParser/LOADING]: Mod file /workspaces/effective-couscous/servidor_minecraft/libraries/net/minecraftforge/mclanguage/1.20.1-47.4.20/mclanguage-1.20.1-47.4.20.jar is missing mods.toml file
[08May2026 01:13:35.451] [main/WARN] [net.minecraftforge.jarjar.selection.JarSelector/]: Attempted to select a dependency jar for JarJar which was passed in as source: fabric_api. Using Mod File: /workspaces/effective-couscous/servidor_minecraft/mods/fabric-api-0.92.6+1.11.14+1.20.1.jar
[08May2026 01:13:35.452] [main/WARN] [net.minecraftforge.jarjar.selection.JarSelector/]: Attempted to select a dependency jar for JarJar which was passed in as source: aeroblender. Using Mod File: /workspaces/effective-couscous/servidor_minecraft/mods/aeroblender-1.20.1-1.0.1-neoforge.jar
[08May2026 01:13:35.452] [main/WARN] [net.minecraftforge.jarjar.selection.JarSelector/]: Attempted to select a dependency jar for JarJar which was passed in as source: curios. Using Mod File: /workspaces/effective-couscous/servidor_minecraft/mods/curios-forge-5.14.1+1.20.1.jar
[08May2026 01:13:35.452] [main/WARN] [net.minecraftforge.jarjar.selection.JarSelector/]: Attempted to select a dependency jar for JarJar which was passed in as source: resourcefullib. Using Mod File: /workspaces/effective-couscous/servidor_minecraft/mods/resourcefullib-forge-1.20.1-2.1.29.jar
[08May2026 01:13:35.452] [main/INFO] [net.minecraftforge.fml.loading.moddiscovery.JarInJarDependencyLocator/]: Found 76 dependencies adding them to mods collection
[08May2026 01:13:46.819] [main/INFO] [mixin/]: Compatibility level set to JAVA_17
[08May2026 01:13:47.228] [main/ERROR] [mixin/]: Mixin config fabric-item-api-v1.client.mixins.json does not specify "minVersion" property
[08May2026 01:13:47.736] [main/ERROR] [mixin/]: Mixin config fabric-item-group-api-v1.mixins.json does not specify "minVersion" property
[08May2026 01:13:47.739] [main/ERROR] [mixin/]: Mixin config fabric-item-group-api-v1.client.mixins.json does not specify "minVersion" property
[08May2026 01:13:47.898] [main/ERROR] [mixin/]: Mixin config fabric-data-attachment-api-v1.mixins.json does not specify "minVersion" property
[08May2026 01:13:47.902] [main/ERROR] [mixin/]: Mixin config fabric-data-attachment-api-v1.client.mixins.json does not specify "minVersion" property
[08May2026 01:13:48.290] [main/INFO] [mixin/]: Successfully loaded Mixin Connector [com.sonicether.soundphysics.MixinConnector]
[08May2026 01:13:48.292] [main/INFO] [mixin/]: Successfully loaded Mixin Connector [de.maxhenkel.shulkerbox.MixinConnector]
[08May2026 01:13:48.300] [main/INFO] [net.fabricmc.loader.impl.bootstrap.FabricLoaderBootstrap/]: Propagating FML mod list to Fabric Loader
[08May2026 01:13:48.318] [main/INFO] [cpw.mods.modlauncher.LaunchServiceHandler/MODLAUNCHER]: Launching target 'forgeserver' with arguments [nogui]
[08May2026 01:13:48.447] [main/INFO] [ModernFix/]: Loaded configuration file for ModernFix 5.26.2+mc1.20.1: 98 options available, 1 override(s) found
[08May2026 01:13:48.448] [main/WARN] [ModernFix/]: Option 'mixin.bugfix.buffer_builder_leak' overriden (by mods [witherstormmod]) to 'false'
[08May2026 01:13:48.449] [main/INFO] [ModernFix/]: Applying Nashorn fix
[08May2026 01:13:48.499] [main/INFO] [ModernFix/]: Applied Forge config corruption patch
[08May2026 01:13:48.591] [main/WARN] [mixin/]: Reference map 'handcrafted-forge-1.20.1-forge-refmap.json' for handcrafted.mixins.json could not be read. If this is a development environment you can ignore this message
[08May2026 01:13:48.616] [main/WARN] [mixin/]: Reference map 'yungsextras.refmap.json' for yungsextras.mixins.json could not be read. If this is a development environment you can ignore this message
[08May2026 01:13:48.621] [main/WARN] [mixin/]: Reference map 'yungsextras.refmap.json' for yungsextras_forge.mixins.json could not be read. If this is a development environment you can ignore this message
[08May2026 01:13:48.662] [main/WARN] [mixin/]: Reference map 'nitrogen_internals.refmap.json' for nitrogen_internals.mixins.json could not be read. If this is a development environment you can ignore this message
[08May2026 01:13:48.757] [main/INFO] [Radium Config/]: Loaded configuration file for Radium: 125 options available, 1 override(s) found
[08May2026 01:13:48.980] [main/WARN] [mixin/]: Reference map 'fastpaintings-forge-refmap.json' for fastpaintings-forge.mixins.json could not be read. If this is a development environment you can ignore this message
[08May2026 01:13:49.316] [main/INFO] [Longer Following Time/]: Loaded forge.com.cursee.longer_following_time.platform.ForgePlatformHelper@16eb93af for service interface forge.com.cursee.longer_following_time.platform.services.IPlatformHelper
[08May2026 01:13:49.317] [main/INFO] [Longer Following Time/]: /workspaces/effective-couscous/servidor_minecraft/config/longer_following_time.toml exists, loadin configuration from file.
[08May2026 01:13:49.733] [main/WARN] [mixin/]: Reference map 'ametrin.mixin.refmap.json' for ametrin.mixins.json could not be read. If this is a development environment you can ignore this message
[08May2026 01:13:49.810] [main/WARN] [mixin/]: Reference map 'graveyard-FORGE-forge-refmap.json' for graveyard-forge.mixins.json could not be read. If this is a development environment you can ignore this message
[08May2026 01:13:49.876] [main/WARN] [mixin/]: Reference map 'puzzlesaccessapi.common.refmap.json' for puzzlesaccessapi.common.mixins.json could not be read. If this is a development environment you can ignore this message
[08May2026 01:13:49.974] [main/INFO] [Puzzles Lib/]: Loading 395 mods:
	- additionalbanners 14.0.5
	- additionalstructures 4.2.2
	- addonslib 1.20.1-1.7
	- adorable_eggs 1.0.3
	- adpoles 9.1.1.1
	- advancednetherite 2.1.3
	- advancementplaques 1.6.9
	- aeroblender 1.20.1-1.0.1-neoforge
	- aether 1.20.1-1.5.2-neoforge
		|-- cumulus_menus 1.20.1-1.0.1-neoforge
		\-- nitrogen_internals 1.20.1-1.0.12-neoforge
	- aether_enhanced_extinguishing 1.20.1-1.0.0-neoforge
	- aether_redux 2.0.19
	- aetherdelight 1.0.0
	- aiimprovements 0.5.2
	- alexscaves 2.0.2
	- alexsdelight 1.5
	- alexsmobs 1.22.9
	- alltheleaks 1.1.1+1.20.1-forge
		\-- mixinsquared 0.3.6-beta.1
	- alternate_current 1.7.0
	- amendments 1.20-2.2.5
	- ametrin 0.1.2
	- animal_armor_trims 2.0.1
	- aquaculture 2.5.7
	- aquamirae 6.3.3
	- aquatictorches 1.1.1
	- aqupdcaracal 1.20-2.3.1
	- arcanelanterns 8.0.0
	- architectury 9.2.14
	- artifacts 9.5.19
		\-- expandability 9.0.4
	- athena 3.1.2
	- attributefix 21.0.5
	- automessage 3.0.0
	- autumnity 5.0.2
	- bagus_lib 1.20.1-5.6.1
	- balm 7.3.38
		\-- kuma_api 20.1.12
	- barteringstation 8.0.0
	- beautiful_potions 2.0.0
	- beb 6.0.0
	- betterarcheology 1.2.1-1.20.1
	- betterburning 9.0.3
	- betterdeserttemples 1.20-Forge-3.0.3
	- betterdungeons 1.20-Forge-4.0.4
	- betterendisland 1.20-Forge-2.0.6
	- betterfortresses 1.20-Forge-2.0.6
	- betterfpsdist 1.20.1-6.0
	- betterjungletemples 1.20-Forge-2.0.5
	- bettermineshafts 1.20-Forge-4.0.4
	- betteroceanmonuments 1.20-Forge-3.0.4
	- betterstrongholds 1.20-Forge-4.0.3
	- betterthanmending 1.7.2
	- betterwitchhuts 1.20-Forge-3.0.3
	- biomesoplenty 19.0.0.96
	- blue_skies 1.3.31
	- blueprint 7.1.3
	- boatbreakfix 1.0.2
	- bookshelf 20.2.15
	- boss_music_mod 1.2.0
	- botania 1.20.1-452-FORGE
	- botanypots 13.0.43
	- botanytrees 9.0.20
	- bountiful 6.0.4+1.20.1
	- buildinggadgets2 1.0.8
	- bygonenether 1.3.2
	- caelus 3.2.0+1.20.1
	- carryon 2.1.2.7
	- cataclysm 3.27
	- cerbons_api 1.0.0
	- cfm 7.0.0-pre36
	- charginggadgets 1.11.0
	- charmofundying 6.5.0+1.20.1
	- chipped 3.0.7
	- chiselsandbits 20.1.20
		\-- scena 1.0.103
	- chunkloaders 1.2.9
	- chunksending 1.20.1-2.8
	- chunky 1.3.146
	- citadel 2.6.3
	- cleanswing 1.8
	- clickadv 1.20.1-3.9
	- clientcrafting 1.20.1-1.9
	- cloth_config 11.1.136
	- clumps 12.0.0.4
	- collective 8.19
	- colourfulearth 1.20.1-2.1
	- comforts 6.4.0+1.20.1
	- conjurer_illager 1.1.6
	- connectedglass 1.1.14
	- connectivity 1.20.1-7.6
	- coroutil 1.20.1-1.3.7
	- cosmeticarmorreworked 1.20.1-v1a
	- crabclaws 1.2.0
	- create 6.0.8
		|-- flywheel 1.0.5
		\-- ponder 1.0.91
	- createaddition 1.20.1-1.3.3
	- creativecore 2.12.35
	- creeperoverhaul 3.0.2
	- cristellib 1.1.6
	- crittersandcompanions 1.20.1-2.3.5
	- ctov 3.4.14
	- cucumber 7.0.16
	- cupboard 1.20.1-3.7
	- curios 5.14.1+1.20.1
	- cutthrough 8.0.2
	- darkmodeeverywhere 1.20.1-1.2.4
	- decorative_blocks 4.1.3
	- deep_aether 1.20.1-1.1.7
	- deeperdarker 1.3.3
	- delightful 3.7.8
	- deuf 1.20.1-1.3
	- diagonalfences 8.1.5
	- diagonalwalls 8.0.4
	- diagonalwindows 8.1.5
		\-- diagonalblocks 8.0.6
	- dimensionalsycnfixes 1.20.1-0.0.1
	- disenchanting_table 5.0.2
	- dummmmmmy 1.20-2.0.9
	- dungeoncrawl 2.3.15
	- dungeonnowloading 2.11
	- dungeons_arise 2.1.58-1.20.x
	- dungeons_arise_seven_seas 1.0.2
	- dungeons_enhanced 5.4.3
	- easyanvils 8.0.2
	- eat_an_omelette 1.5.0
	- echochest 8.0.0
	- ecologics 2.2.4
	- effectdescriptions 8.0.2
	- elevatorid 1.20.1-1.9.1-forge
	- elytraslot 6.4.4+1.20.1
	- emotecraft 2.2.7-b.build.50
	- ender_pack 2.2.0
	- endermanoverhaul 1.0.4
	- endersdelight 1.1.3
	- endertrigon 1.20.1-1.1
	- endrem 5.3.3-R-1.20.1
	- epicpowerbracelets 1.1.0
	- exclusive_weapons 1.0.0
	- explorerscompass 1.20.1-1.4.0-forge
	- explorify 1.6.4
	- fabric_api 0.92.6+1.11.14+1.20.1
		|-- fabric_api_base 0.4.32+ef105b4977
		|-- fabric_api_lookup_api_v1 1.6.37+67f9824077
		|-- fabric_biome_api_v1 13.0.14+dc36698e77
		|-- fabric_block_api_v1 1.0.12+0e6cb7f777
		|-- fabric_block_view_api_v2 1.0.3+53347ba977
		|-- fabric_blockrenderlayer_v1 1.1.42+1d0da21e77
		|-- fabric_client_tags_api_v1 1.1.3+5d6761b877
		|-- fabric_command_api_v1 1.2.35+f71b366f77
		|-- fabric_command_api_v2 2.2.14+561530ec77
		|-- fabric_content_registries_v0 4.0.13+a670df1e77
		|-- fabric_convention_tags_v1 1.5.6+fa3d1c0177
		|-- fabric_data_attachment_api_v1 1.0.2+30ef839e77
		|-- fabric_data_generation_api_v1 12.3.7+369cb3a477
		|-- fabric_dimensions_v1 2.1.55+8005d10d77
		|-- fabric_entity_events_v1 1.6.1+4ca7515277
		|-- fabric_events_interaction_v0 0.6.5+0f26153f77
		|-- fabric_game_rule_api_v1 1.0.41+683d4da877
		|-- fabric_item_api_v1 2.1.29+4d0bbcfa77
		|-- fabric_item_group_api_v1 4.0.14+c9161c2d77
		|-- fabric_key_binding_api_v1 1.0.38+561530ec77
		|-- fabric_lifecycle_events_v1 2.2.23+afab492177
		|-- fabric_loot_api_v2 1.2.3+eb28f93e77
		|-- fabric_message_api_v1 5.1.10+52cc178c77
		|-- fabric_mining_level_api_v1 2.1.52+561530ec77
		|-- fabric_model_loading_api_v1 1.0.4+6274ab9d77
		|-- fabric_models_v0 0.4.3+7c3892a477
		|-- fabric_networking_api_v1 1.3.14+fb7c822677
		|-- fabric_object_builder_api_v1 11.1.5+f8c414ce77
		|-- fabric_particles_v1 1.1.3+78e1ecb877
		|-- fabric_recipe_api_v1 1.0.24+514a076577
		|-- fabric_registry_sync_v0 2.3.6+1c0ea72177
		|-- fabric_rendering_data_attachment_v1 0.3.39+a6081afc77
		|-- fabric_rendering_fluids_v1 3.0.29+4ac5e37a77
		|-- fabric_rendering_v1 3.0.9+66e9a48f77
		|-- fabric_resource_conditions_api_v1 2.3.9+996d00b277
		|-- fabric_resource_loader_v0 0.11.12+4b4151c077
		|-- fabric_screen_api_v1 2.0.9+45a670a577
		|-- fabric_screen_handler_api_v1 1.3.33+561530ec77
		|-- fabric_sound_api_v1 1.0.14+4f23bd8477
		|-- fabric_transfer_api_v1 3.3.6+631c9cd677
		\-- fabric_transitive_access_wideners_v1 4.3.2+1880499877
	- farmersdelight 1.20.1-1.2.11
	- fastasyncworldsave 1.20.1-2.6
	- fastpaintings 1.20-1.2.7
	- ferritecore 6.0.1
	- flib 0.0.15
	- forge 47.4.20
	- forgeendertech 11.1.10.0
	- formations 1.0.4
	- formationsnether 1.0.5
	- framedblocks 9.4.3
	- framework 0.8.0
	- frozenhappyghast 1.0.0
	- ftblibrary 2001.2.12
	- ftbquests 2001.4.21
	- ftbteams 2001.3.2
	- fusion 1.2.12
	- galosphere 1.20.1-1.4.1
	- geckolib 4.8.3
	- glitchcore 0.0.1.1
	- goated 1.20-1.3.6
	- goblintraders 1.11.5
	- golden_foods 2.4.0
	- graveyard 3.1
	- handcrafted 3.0.6
	- happy_ghasts_boost 1.0.0
	- healthy_water 1.0.1
	- highlighter 1.1.9
	- horseexpert 8.1.1
	- hunters_return 1.20.1-11.8.0
	- iceandfire 2.1.13-1.20.1
	- iceberg 1.1.25
	- illageandspillage 1.2.8
	- illagerinvasion 8.0.7
	- incendium 5.3.5
	- ironchest 1.20.1-14.4.4
	- ironfurnaces 4.1.8
	- irons_lib 1.20.1-1.0.2
	- irons_spellbooks 1.20.1-3.15.6
	- jade 11.13.2+forge
	- jadeaddons 5.5.0+forge
	- jearchaeology 1.20.1-1.0.4
	- jei 15.20.0.129
	- journeymap 5.10.3
	- justaraftmod 3.1.1
	- justhammers 2.0.3+mc1.20.1
	- kambrik 6.1.1+1.20.1
	- kiwi 11.10.1+forge
	- kleeslabs 15.0.11
	- kobolds 2.12.0
	- konkrete 1.8.0
	- kotlinforforge 4.12.0
	- krypton 0.2.3
	- limitedchunks 1.8
	- lionfishapi 2.4-Fix
	- lithostitched 1.4.11
	- loadingbackgrounds 2.0.0
	- longer_following_time 1.1.0
	- lootintegrations 1.20.1-4.7
	- lootintegrations_yungs 1
	- lootr 0.7.35.94
	- lost_aether_content 1.2.3
	- mavapi 1.1.4
	- mavm 1.2.6
	- mca 7.6.15+1.20.1
	- mcwbiomesoplenty 1.20.1-1.5
	- mcwbridges 3.1.2
	- mcwdoors 1.1.5
	- mcwfences 1.2.1
	- mcwfurnitures 3.4.1
	- mcwholidays 1.1.2
	- mcwlights 1.1.5
	- mcwpaintings 1.1.0
	- mcwpaths 1.1.1
	- mcwroofs 2.3.2
	- mcwtrpdoors 1.1.5
	- mcwwindows 2.4.2
	- medieval_buildings 1.1.3
	- medieval_nether 1.0.2
	- medievalend 1.0.1
	- melody 1.0.2
	- memorysettings 1.20.1-5.9
	- minecraft 1.20.1
	- minetraps 2.3.0a
	- mobtimizations 1.20.1-1.0.1
	- modernfix 5.26.2+mc1.20.1
	- monolib 2.1.0
	- moonlight 1.20-2.16.28
	- more_beautiful_torches 3.0.0
	- more_bows_and_arrows 5.0.1
	- more_useful_copper 2.0.0
	- mowziesmobs 1.8.2
	- mr_dungeons_andtaverns 3.0.3.f
	- mutantmonsters 8.0.8
	- naturescompass 1.20.1-1.12.0-forge
	- necronomicon 1.6.0
	- netherchested 8.0.4
		\-- puzzlesapi 8.1.7
	- netherportalfix 13.0.1
	- nethersdelight 1.20.1-4.0
	- new_shield_variants 2.1.0
	- new_slab_variants 3.0.1
	- nochatreports 1.20.1-v2.2.2
	- nordic_structures 1.6.9
	- obscure_api 18
	- oceansdelight 1.0.2-1.20
	- outer_end 1.0.0
	- overclocked_watches 1.1.0
	- paraglider 20.1.3
	- patchouli 1.20.1-85-FORGE
	- phantasm 1.1.2
	- pickaxetrims 1.0.1
	- placebo 8.6.3
	- platform 1.3.2
	- playeranimator 1.0.2-rc1+1.20
	- playerrevive 2.0.31
	- plushies 1.4.0
	- polymorph 0.49.10+1.20.1
		\-- spectrelib 0.13.17+1.20.1
	- powah 5.0.11
	- prism 1.0.5
	- puzzleslib 8.1.33
		\-- puzzlesaccessapi 20.1.1
	- quark 4.0-462
	- quarkdelight 1.0.0
	- quarkoddities 1.20.1
	- queen_bee 3.1.4
	- radium 0.12.4+git.26c9d8e
	- recipeessentials 1.20.1-4.0
	- redirected 1.0.0
	- regions_unexplored 0.5.6
	- resourcefulconfig 2.1.3
	- resourcefullib 2.1.29
	- resourcepackoverrides 8.0.3
	- scuba_gear 1.0.6
	- searchables 1.0.3
	- securitycraft 1.10.1
	- sereneseasons 9.1.0.2
	- shulkerbox 1.20.1-1.0.1
	- simple_villager_follow 1.0.0
	- sit 1.3.5
	- skinrestorer 2.7.0+1.20-forge
	- smallships 2.0.0-b1.4
	- smoothchunk 1.20.1-4.1
	- snifferplus 0.3.0
	- snowballsfreezemobs 3.8
	- snowrealmagic 10.7.0
		|-- fabric_renderer_api_v1 3.2.2+cf68abbe77
		\-- fabric_renderer_indigo 1.5.3+b5b2da4177
	- snowundertrees 1.4.12
	- sophisticatedbackpacks 3.24.35.1675
	- sophisticatedcore 1.3.21.1676
	- sophisticatedstorage 1.4.36.1621
	- sound_physics_remastered 1.20.1-1.4.10
	- spark 1.10.53
	- spartanshields 3.1.1
	- spartanweaponry 3.2.1
	- stackable_stew_and_soup 2.0.1
	- stackrefill 4.9
	- stalwart_dungeons 1.2.8
	- startinv 1.0.0
	- stoneworks 8.0.0
	- storagenetwork 1.12.2
	- structure_gel 2.16.2
	- structureessentials 1.20.1-4.9
	- super_ore_block 1.0.0
	- supermartijn642configlib 1.1.8
	- supermartijn642corelib 1.1.21
	- supplementaries 1.20-3.1.43
	- suppsquared 1.20-1.1.29
	- t_and_t 0.0NONE
	- takesapillage 1.0.3
	- taxcp 1.0.1
	- terrablender 3.0.1.10
	- theorcs 1.0-FORGE-1.20.x
	- timeondisplay 2.0.0
	- tinyskeletons 8.0.1
	- tombstone 9.0.9
	- toofast 0.4.3.5
	- tradingpost 8.0.2
	- trashslot 15.1.5
	- travelersbackpack 9.1.53
	- treechop 0.19.0
	- trimeffects 2.1.2
	- tumbleweed 0.5.5
	- twilightdelight 2.1.1
		\-- l2library 2.4.16
	- twilightforest 4.3.2508
	- txnilib 1.0.24
	- underground_rooms 2.1.9-1.20.1
	- universalbonemeal 8.0.1
	- unlocked_typing 1.1.0
	- valhelsia_core 1.1.2
	- valhelsia_structures 1.20.1-1.1.2
	- vanillabackport 1.1.4.3
	- veinmining 1.5.0+1.20.1
	- visualworkbench 8.0.1
	- waddles 0.9.4
	- waystones 14.1.20
	- weaponmaster_ydm 4.2.3
	- wider_ender_chests 1.0.3
	- witherreincarnated 1.0.5
	- witherstormmod 4.2.1
		\-- crackerslib 1.20.1-0.4.1
	- wstweaks 9.1.0
	- xpbook 2.2.1
	- yungsapi 1.20-Forge-4.0.6
	- yungsbridges 1.20-Forge-4.0.3
	- yungsextras 1.20-Forge-4.0.3
	- zeta 1.0-31
	- zombie_variants 1.0.3
[08May2026 01:13:50.025] [main/WARN] [mixin/]: Reference map 'cristellib-forge-refmap.json' for cristellib.mixins.json could not be read. If this is a development environment you can ignore this message
[08May2026 01:13:50.211] [main/WARN] [mixin/]: Reference map 'justhammers-common-refmap.json' for justhammers-common.mixins.json could not be read. If this is a development environment you can ignore this message
[08May2026 01:13:50.251] [main/WARN] [mixin/]: Reference map 'smallships-forge-refmap.json' for smallships.mixins.json could not be read. If this is a development environment you can ignore this message
[08May2026 01:13:50.282] [main/WARN] [mixin/]: Reference map 'trashslot.refmap.json' for trashslot.mixins.json could not be read. If this is a development environment you can ignore this message
[08May2026 01:13:50.287] [main/WARN] [mixin/]: Reference map 'limitedchunks.refmap.json' for limitedchunks.mixins.json could not be read. If this is a development environment you can ignore this message
[08May2026 01:13:50.544] [main/WARN] [mixin/]: Reference map 'more_beautiful_torches.refmap.json' for forge-more_beautiful_torches.forge.mixins.json could not be read. If this is a development environment you can ignore this message
[08May2026 01:13:50.554] [main/WARN] [mixin/]: Reference map 'coroutil.refmap.json' for coroutil.mixins.json could not be read. If this is a development environment you can ignore this message
[08May2026 01:13:50.601] [main/WARN] [mixin/]: Reference map 'chiselsandbits.refmap.json' for chisels-and-bits.mixins.json could not be read. If this is a development environment you can ignore this message
[08May2026 01:13:51.849] [main/INFO] [net.minecraftforge.coremod.CoreMod.placebo/COREMODLOG]: Patching IForgeItemStack#getEnchantmentLevel
[08May2026 01:13:51.860] [main/INFO] [net.minecraftforge.coremod.CoreMod.placebo/COREMODLOG]: Patching IForgeItemStack#getEnchantmentLevel
[08May2026 01:13:52.031] [main/WARN] [Radium Config/]: Force-disabling mixin 'alloc.blockstate.StateMixin' as option 'mixin.alloc.blockstate' (added by mods [ferritecore]) disables it and children
[08May2026 01:13:52.254] [main/ERROR] [net.minecraftforge.fml.loading.RuntimeDistCleaner/DISTXFORM]: Attempted to load class net/minecraft/client/renderer/ItemInHandRenderer for invalid dist DEDICATED_SERVER
[08May2026 01:13:52.255] [main/WARN] [mixin/]: Error loading class: net/minecraft/client/renderer/ItemInHandRenderer (java.lang.RuntimeException: Attempted to load class net/minecraft/client/renderer/ItemInHandRenderer for invalid dist DEDICATED_SERVER)
[08May2026 01:13:52.255] [main/WARN] [mixin/]: @Mixin target net.minecraft.client.renderer.ItemInHandRenderer was not found dungeonnowloading.forge.mixins.json:items.ItemInHandRendererMixin
[08May2026 01:13:52.296] [main/INFO] [AllTheLeaks/]: Class dev.uncandango.alltheleaks.leaks.common.mods.zeta.Issue69 will be loaded as it matches versions: 1.0-31 in [1.0-19,)
[08May2026 01:13:52.297] [main/INFO] [AllTheLeaks/]: Mixins added to allowed list: [main.RecipeCrawlHandlerMixin]
[08May2026 01:13:52.297] [main/INFO] [AllTheLeaks/]: Class dev.uncandango.alltheleaks.leaks.common.mods.travelersbackpack.UntrackedIssue002 will be loaded as it matches versions: 9.1.53 in [9.1.17,)
[08May2026 01:13:52.297] [main/INFO] [AllTheLeaks/]: Mixins added to allowed list: [main.NeoForgeEventHandlerMixin]
[08May2026 01:13:52.299] [main/INFO] [AllTheLeaks/]: Class dev.uncandango.alltheleaks.leaks.common.mods.spark.Issue447 will be loaded as it matches versions: 1.10.53 in *
[08May2026 01:13:52.299] [main/INFO] [AllTheLeaks/]: Mixins added to allowed list: [main.ForgeServerSparkPluginMixin]
[08May2026 01:13:52.299] [main/INFO] [AllTheLeaks/]: Class dev.uncandango.alltheleaks.leaks.common.mods.smallships.UntrackedIssue001 will be loaded as it matches versions: 2.0.0-b1.4 in [2.0.0-b1.4,)
[08May2026 01:13:52.300] [main/INFO] [AllTheLeaks/]: Mixins added to allowed list: [main.ChunkMapMixin]
[08May2026 01:13:52.300] [main/INFO] [AllTheLeaks/]: Class dev.uncandango.alltheleaks.leaks.common.mods.sereneseasons.UntrackedIssue001 will be loaded as it matches versions: 9.1.0.2 in [9.1.0.0,)
[08May2026 01:13:52.301] [main/INFO] [AllTheLeaks/]: Class dev.uncandango.alltheleaks.leaks.common.mods.moonlight.UntrackedIssue001 will be loaded as it matches versions: 1.20-2.16.28 in [1.20-2.13.32,)
[08May2026 01:13:52.301] [main/INFO] [AllTheLeaks/]: Mixins added to allowed list: [main.FakeLevelManagerMixin]
[08May2026 01:13:52.302] [main/INFO] [AllTheLeaks/]: Class dev.uncandango.alltheleaks.leaks.common.mods.minecraft.UntrackedIssue002 will be loaded as it matches versions: 1.20.1 in 1.20.1
[08May2026 01:13:52.302] [main/INFO] [AllTheLeaks/]: Mixins added to allowed list: [main.EntityTickListMixin]
[08May2026 01:13:52.302] [main/INFO] [AllTheLeaks/]: Class dev.uncandango.alltheleaks.leaks.common.mods.minecraft.UntrackedIssue001 will be loaded as it matches versions: 1.20.1 in 1.20.1
[08May2026 01:13:52.303] [main/INFO] [AllTheLeaks/]: Class dev.uncandango.alltheleaks.leaks.common.mods.journeymap.UntrackedIssue001 will be loaded as it matches versions: 5.10.3 in *
[08May2026 01:13:52.304] [main/INFO] [AllTheLeaks/]: Class dev.uncandango.alltheleaks.leaks.common.mods.irons_spellbooks.UntrackedIssue001 will be loaded as it matches versions: 1.20.1-3.15.6 in [1.20.1-3.4.0,)
[08May2026 01:13:52.304] [main/INFO] [AllTheLeaks/]: Mixins added to allowed list: [main.ServerPlayerEventsMixin]
[08May2026 01:13:52.304] [main/INFO] [AllTheLeaks/]: Class dev.uncandango.alltheleaks.leaks.common.mods.forge.UntrackedIssue002 will be loaded as it matches versions: 47.4.20 in [47.2,)
[08May2026 01:13:52.304] [main/INFO] [AllTheLeaks/]: Mixins added to allowed list: [accessor.FakePlayerNetHandlerAccessor, accessor.ConnectionAccessor]
[08May2026 01:13:52.304] [main/INFO] [AllTheLeaks/]: Class dev.uncandango.alltheleaks.leaks.common.mods.forge.UntrackedIssue001 will be loaded as it matches versions: 47.4.20 in [47.2,)
[08May2026 01:13:52.304] [main/INFO] [AllTheLeaks/]: Mixins added to allowed list: [main.ServerPlayerMixin, main.PlayerListMixin, accessor.PlayerAdvancementsAccessor]
[08May2026 01:13:52.305] [main/INFO] [AllTheLeaks/]: Class dev.uncandango.alltheleaks.leaks.common.mods.forge.Issue39 will be loaded as it matches versions: 47.4.20 in [47.2,)
[08May2026 01:13:52.305] [main/INFO] [AllTheLeaks/]: Class dev.uncandango.alltheleaks.leaks.common.mods.forge.Issue10684 will be loaded as it matches versions: 47.4.20 in *
[08May2026 01:13:52.305] [main/INFO] [AllTheLeaks/]: Class dev.uncandango.alltheleaks.leaks.common.mods.curios.UntrackedIssue001 will be loaded as it matches versions: 5.14.1+1.20.1 in [5.9.1,)
[08May2026 01:13:52.305] [main/INFO] [AllTheLeaks/]: Mixins added to allowed list: [main.CuriosEventHandlerMixin]
[08May2026 01:13:52.306] [main/INFO] [AllTheLeaks/]: Class dev.uncandango.alltheleaks.leaks.common.mods.create.UntrackedIssue001 will be loaded as it matches versions: 6.0.8 in [0.5.1.c,)
[08May2026 01:13:52.306] [main/INFO] [AllTheLeaks/]: Mixins added to allowed list: [accessor.ExtendoGripItemAccessor]
[08May2026 01:13:52.307] [main/INFO] [AllTheLeaks/]: Class dev.uncandango.alltheleaks.leaks.common.mods.citadel.UntrackedIssue001 will be loaded as it matches versions: 2.6.3 in [2.5.4,)
[08May2026 01:13:52.308] [main/INFO] [AllTheLeaks/]: Class dev.uncandango.alltheleaks.leaks.common.mods.architectury.UntrackedIssue001 will be loaded as it matches versions: 9.2.14 in [9.0.8,)
[08May2026 01:13:52.308] [main/INFO] [AllTheLeaks/]: Class dev.uncandango.alltheleaks.leaks.common.mods.alexsmobs.Issue2165 will be loaded as it matches versions: 1.22.9 in [1.22.5,)
[08May2026 01:13:52.309] [main/INFO] [AllTheLeaks/]: Class dev.uncandango.alltheleaks.leaks.common.mods.aether.UntrackedIssue001 will be loaded as it matches versions: 1.20.1-1.5.2-neoforge in [1.20.1-1.4.2,)
[08May2026 01:13:52.309] [main/INFO] [AllTheLeaks/]: Mixins added to allowed list: [main.DroppedItemCapabilityMixin]
[08May2026 01:13:52.313] [main/INFO] [AllTheLeaks/]: Class dev.uncandango.alltheleaks.fix.common.mods.zeta.FixCopyStack will be loaded as it matches versions: 1.0-31 in *
[08May2026 01:13:52.313] [main/INFO] [AllTheLeaks/]: Mixins added to allowed list: [main.StackFixRecipeCrawlHandlerMixin]
[08May2026 01:13:52.314] [main/INFO] [AllTheLeaks/]: Class dev.uncandango.alltheleaks.fix.common.mods.modernfix.CancelRLMixin will be loaded as it matches versions: 5.26.2+mc1.20.1 in [5.0.0,)
[08May2026 01:13:52.314] [main/INFO] [AllTheLeaks/]: Mixins added to cancel list: [org.embeddedt.modernfix.common.mixin.perf.deduplicate_location.MixinResourceLocation]
[08May2026 01:13:52.315] [main/INFO] [AllTheLeaks/]: Class dev.uncandango.alltheleaks.fix.common.mods.jei.FixItemStackCopy will be loaded as it matches versions: 15.20.0.129 in *
[08May2026 01:13:52.315] [main/INFO] [AllTheLeaks/]: Mixins added to allowed list: [main.SmithingCategoryExtensionMixin, main.NormalizedTypedItemStackMixin, main.IngredientSetMixin]
[08May2026 01:13:52.322] [main/INFO] [AllTheLeaks/]: Class dev.uncandango.alltheleaks.feature.common.mods.minecraft.MemoryMonitor will be loaded as it matches versions: 1.20.1 in 1.20.1
[08May2026 01:13:52.323] [main/INFO] [AllTheLeaks/]: Mixins added to allowed list: [main.PlayerMixin, main.ChunkAccessMixin, main.LevelMixin, main.MinecraftServerMixin]
[08May2026 01:13:52.324] [main/INFO] [AllTheLeaks/]: Class dev.uncandango.alltheleaks.feature.common.mods.minecraft.ClearLeakedLevelChunks will be loaded as it matches versions: 1.20.1 in 1.20.1
[08May2026 01:13:52.324] [main/INFO] [AllTheLeaks/]: Mixins added to allowed list: [accessor.LevelAccessor, main.RebindableTickingBlockEntityWrapperMixin, accessor.LevelChunkAccessor]
[08May2026 01:13:52.542] [main/INFO] [com.cupboard.Cupboard/]: Loaded config for: structureessentials.json
[08May2026 01:13:52.726] [main/INFO] [net.minecraftforge.coremod.CoreMod.placebo/COREMODLOG]: Patching IForgeItemStack#getEnchantmentLevel
[08May2026 01:13:52.727] [main/INFO] [net.minecraftforge.coremod.CoreMod.placebo/COREMODLOG]: Patching IForgeItemStack#getEnchantmentLevel
[08May2026 01:13:52.748] [main/ERROR] [net.minecraftforge.fml.loading.RuntimeDistCleaner/DISTXFORM]: Attempted to load class net/minecraft/client/MouseHandler for invalid dist DEDICATED_SERVER
[08May2026 01:13:52.753] [main/WARN] [mixin/]: Error loading class: net/minecraft/client/MouseHandler (java.lang.RuntimeException: Attempted to load class net/minecraft/client/MouseHandler for invalid dist DEDICATED_SERVER)
[08May2026 01:13:52.753] [main/WARN] [mixin/]: @Mixin target net.minecraft.client.MouseHandler was not found fabric-screen-api-v1.mixins.json:MouseMixin
[08May2026 01:13:52.760] [main/ERROR] [net.minecraftforge.fml.loading.RuntimeDistCleaner/DISTXFORM]: Attempted to load class net/minecraft/client/gui/screens/Screen for invalid dist DEDICATED_SERVER
[08May2026 01:13:52.761] [main/WARN] [mixin/]: Error loading class: net/minecraft/client/gui/screens/Screen (java.lang.RuntimeException: Attempted to load class net/minecraft/client/gui/screens/Screen for invalid dist DEDICATED_SERVER)
[08May2026 01:13:52.761] [main/WARN] [mixin/]: @Mixin target net.minecraft.client.gui.screens.Screen was not found fabric-screen-api-v1.mixins.json:ScreenAccessor
[08May2026 01:13:52.877] [main/WARN] [mixin/]: Error loading class: uk/co/dotcode/asb/ModUtils (java.lang.ClassNotFoundException: uk.co.dotcode.asb.ModUtils)
[08May2026 01:13:52.878] [main/WARN] [mixin/]: @Mixin target uk.co.dotcode.asb.ModUtils was not found mobtimizations.mixins.json:MixinArmorSetBonusesImmuneCheck
[08May2026 01:13:53.029] [main/INFO] [com.cupboard.Cupboard/]: Loaded config for: recipeessentials.json
[08May2026 01:13:53.087] [main/WARN] [mixin/]: Error loading class: com/aetherteam/aether_genesis/block/natural/GreenAercloudBlock (java.lang.ClassNotFoundException: com.aetherteam.aether_genesis.block.natural.GreenAercloudBlock)
[08May2026 01:13:53.087] [main/WARN] [mixin/]: @Mixin target com.aetherteam.aether_genesis.block.natural.GreenAercloudBlock was not found aether_redux.mixins.json:common.block.GreenAercloudBlockMixin
[08May2026 01:13:53.108] [main/WARN] [mixin/]: Error loading class: com/aetherteam/aether_genesis/block/natural/OrangeTreeBlock (java.lang.ClassNotFoundException: com.aetherteam.aether_genesis.block.natural.OrangeTreeBlock)
[08May2026 01:13:53.108] [main/WARN] [mixin/]: @Mixin target com.aetherteam.aether_genesis.block.natural.OrangeTreeBlock was not found aether_redux.mixins.json:common.block.OrangeTreeMixin
[08May2026 01:13:53.115] [main/WARN] [mixin/]: Error loading class: com/aetherteam/aether_genesis/block/natural/PurpleAercloudBlock (java.lang.ClassNotFoundException: com.aetherteam.aether_genesis.block.natural.PurpleAercloudBlock)
[08May2026 01:13:53.115] [main/WARN] [mixin/]: @Mixin target com.aetherteam.aether_genesis.block.natural.PurpleAercloudBlock was not found aether_redux.mixins.json:common.block.PurpleAercloudBlockMixin
[08May2026 01:13:53.354] [main/WARN] [mixin/]: Error loading class: net/minecraft/client/renderer/entity/PhantomRenderer (java.lang.ClassNotFoundException: net.minecraft.client.renderer.entity.PhantomRenderer)
[08May2026 01:13:53.355] [main/WARN] [mixin/]: @Mixin target net.minecraft.client.renderer.entity.PhantomRenderer was not found mixins.deeperdarker.json:PhantomRendererMixin
[08May2026 01:13:54.176] [main/INFO] [MixinExtras|Service/]: Initializing MixinExtras via com.llamalad7.mixinextras.service.MixinExtrasServiceImpl(version=0.5.3).
[08May2026 01:13:54.447] [main/INFO] [mixin/]: Mixing server.MixinDedicatedServer from mixins/common/nochatreports.mixins.json into net.minecraft.server.dedicated.DedicatedServer
[08May2026 01:13:54.998] [main/INFO] [net.minecraft.server.Bootstrap/]: ModernFix reached bootstrap stage (29.50 s after launch)
[08May2026 01:13:55.378] [main/INFO] [mixin/]: Mixing common.MixinFriendlyByteBuf from mixins/common/nochatreports.mixins.json into net.minecraft.network.FriendlyByteBuf
[08May2026 01:13:55.379] [main/INFO] [mixin/]: Renaming synthetic method lambda$onWriteJsonWithCodec$1(Ljava/lang/Object;Ljava/lang/String;)Lio/netty/handler/codec/EncoderException; to md752235$lambda$onWriteJsonWithCodec$1$0 in mixins/common/nochatreports.mixins.json:common.MixinFriendlyByteBuf
[08May2026 01:13:55.379] [main/INFO] [mixin/]: Renaming synthetic method lambda$onReadJsonWithCodec$0(Ljava/lang/String;)Lio/netty/handler/codec/DecoderException; to md752235$lambda$onReadJsonWithCodec$0$1 in mixins/common/nochatreports.mixins.json:common.MixinFriendlyByteBuf
[08May2026 01:13:55.469] [main/WARN] [mixin/]: @Final field delegatesByName:Ljava/util/Map; in modernfix-modernfix.mixins.json:perf.forge_registry_alloc.ForgeRegistryMixin should be final
[08May2026 01:13:55.470] [main/WARN] [mixin/]: @Final field delegatesByValue:Ljava/util/Map; in modernfix-modernfix.mixins.json:perf.forge_registry_alloc.ForgeRegistryMixin should be final
[08May2026 01:13:55.701] [main/INFO] [ModernFix/]: Injecting BlockStateBase cache population hook into getNeighborPathNodeType from me.jellysquid.mods.lithium.mixin.ai.pathing.AbstractBlockStateMixin
[08May2026 01:13:55.701] [main/INFO] [ModernFix/]: Injecting BlockStateBase cache population hook into getPathNodeType from me.jellysquid.mods.lithium.mixin.ai.pathing.AbstractBlockStateMixin
[08May2026 01:13:55.702] [main/INFO] [ModernFix/]: Injecting BlockStateBase cache population hook into getAllFlags from me.jellysquid.mods.lithium.mixin.util.block_tracking.AbstractBlockStateMixin
[08May2026 01:13:56.258] [main/WARN] [mixin/]: @Inject(@At("INVOKE")) Shift.BY=1 on crittersandcompanions.mixins.json:LivingEntityMixin::handler$dch000$onDie exceeds the maximum allowed value: 0. Increase the value of maxShiftBy to suppress this warning.
[08May2026 01:13:57.543] [main/INFO] [net.minecraft.server.Bootstrap/]: Vanilla bootstrap took 2541 milliseconds
[08May2026 01:13:57.966] [main/WARN] [mixin/]: @Redirect conflict. Skipping mixins.redirected_forge_1.20.1.json:net.minecraft.world.level.block.piston.PistonBaseBlockMixin->@Redirect::redirectDirections()[Lnet/minecraft/core/Direction; with priority 10, already redirected by lithium.mixins.json:alloc.enum_values.piston_block.PistonBlockMixin->@Redirect::removeAllocation()[Lnet/minecraft/core/Direction; with priority 1000
[08May2026 01:13:57.969] [main/WARN] [mixin/]: @Redirect conflict. Skipping mixins.redirected_forge_1.20.1.json:net.minecraft.world.level.block.piston.PistonBaseBlockMixin->@Redirect::redirectDirections()[Lnet/minecraft/core/Direction; with priority 10, already redirected by lithium.mixins.json:alloc.enum_values.piston_block.PistonBlockMixin->@Redirect::removeAllocation()[Lnet/minecraft/core/Direction; with priority 1000
[08May2026 01:13:58.021] [main/WARN] [mixin/]: @Redirect conflict. Skipping mixins.redirected_forge_1.20.1.json:net.minecraft.world.level.block.RedStoneWireBlockMixin->@Redirect::redirectDirections()[Lnet/minecraft/core/Direction; with priority 10, already redirected by lithium.mixins.json:alloc.enum_values.redstone_wire.RedstoneWireBlockMixin->@Redirect::removeAllocation1()[Lnet/minecraft/core/Direction; with priority 1000
[08May2026 01:13:58.022] [main/WARN] [mixin/]: @Redirect conflict. Skipping mixins.redirected_forge_1.20.1.json:net.minecraft.world.level.block.RedStoneWireBlockMixin->@Redirect::redirectDirections()[Lnet/minecraft/core/Direction; with priority 10, already redirected by lithium.mixins.json:alloc.enum_values.redstone_wire.RedstoneWireBlockMixin->@Redirect::removeAllocation2()[Lnet/minecraft/core/Direction; with priority 1000
[08May2026 01:13:58.495] [main/INFO] [net.minecraftforge.coremod.CoreMod.placebo/COREMODLOG]: Patching IForgeItemStack#getEnchantmentLevel
[08May2026 01:13:58.496] [main/INFO] [net.minecraftforge.coremod.CoreMod.placebo/COREMODLOG]: Patching IForgeItemStack#getEnchantmentLevel
[08May2026 01:13:58.662] [main/WARN] [mixin/]: @Redirect conflict. Skipping mixins.redirected_forge_1.20.1.json:net.minecraft.world.level.block.piston.PistonStructureResolverMixin->@Redirect::redirectDirections()[Lnet/minecraft/core/Direction; with priority 10, already redirected by lithium.mixins.json:alloc.enum_values.piston_handler.PistonHandlerMixin->@Redirect::removeAllocation()[Lnet/minecraft/core/Direction; with priority 1000
[08May2026 01:13:59.455] [main/WARN] [mixin/]: Method overwrite conflict for m_6596_ in amendments-common.mixins.json:LecternBlockEntityMixin, previously written by io.redspace.ironsspellbooks.mixin.LecternBlockEntityMixin. Skipping method.
[08May2026 01:13:59.455] [main/WARN] [mixin/]: Method overwrite conflict for m_5995_ in amendments-common.mixins.json:LecternBlockEntityUpdateMixin, previously written by io.redspace.ironsspellbooks.mixin.LecternBlockEntityMixin. Skipping method.
[08May2026 01:13:59.456] [main/WARN] [mixin/]: Method overwrite conflict for m_58483_ in amendments-common.mixins.json:LecternBlockEntityUpdateMixin, previously written by io.redspace.ironsspellbooks.mixin.LecternBlockEntityMixin. Skipping method.
[08May2026 01:14:00.114] [main/WARN] [mixin/]: Method overwrite conflict for dropLeash in smallships-common.mixins.json:leashing.BoatMixin, previously written by com.blackgear.vanillabackport.core.mixin.leashable.common.entities.BoatMixin. Skipping method.
[08May2026 01:14:00.115] [main/WARN] [mixin/]: Method overwrite conflict for isLeashed in smallships-common.mixins.json:leashing.BoatMixin, previously written by com.blackgear.vanillabackport.core.mixin.leashable.common.entities.BoatMixin. Skipping method.
[08May2026 01:14:00.115] [main/WARN] [mixin/]: Method overwrite conflict for getLeashHolder in smallships-common.mixins.json:leashing.BoatMixin, previously written by com.blackgear.vanillabackport.core.mixin.leashable.common.entities.BoatMixin. Skipping method.
[08May2026 01:14:00.115] [main/WARN] [mixin/]: Method overwrite conflict for setLeashedTo in smallships-common.mixins.json:leashing.BoatMixin, previously written by com.blackgear.vanillabackport.core.mixin.leashable.common.entities.BoatMixin. Skipping method.
[08May2026 01:14:00.214] [main/WARN] [mixin/]: @Inject(@At("INVOKE")) Shift.BY=2 on witherstormmod.mixins.json:MixinSwellGoal::handler$dpi000$canUseInvoke exceeds the maximum allowed value: 0. Increase the value of maxShiftBy to suppress this warning.
[08May2026 01:14:01.068] [main/INFO] [mixin/]: Mixing server.MixinServerGamePacketListenerImpl from mixins/common/nochatreports.mixins.json into net.minecraft.server.network.ServerGamePacketListenerImpl
[08May2026 01:14:01.927] [main/WARN] [mixin/]: Mixin alexscaves.mixins.json:SwampHutPieceMixin has multiple constructors, (Lnet/minecraft/world/level/levelgen/structure/pieces/StructurePieceType;IIIIIILnet/minecraft/core/Direction;)V was selected

[08May2026 01:14:02.017] [main/WARN] [mixin/]: @ModifyConstant conflict. Skipping dungeonnowloading.forge.mixins.json:forge.structures.StructurePoolMixin->@ModifyConstant::dungeonnowloading_increaseWeightLimit(I)I with priority 1000, already redirected by yungsapi_forge.mixins.json:IncreaseStructureWeightLimitMixinForge->@ModifyConstant::yungsapi_increaseWeightLimit(I)I with priority 1000
[08May2026 01:14:02.126] [main/WARN] [mixin/]: Static binding violation: PRIVATE @Overwrite method m_47505_ in modernfix-modernfix.mixins.json:perf.remove_biome_temperature_cache.BiomeMixin cannot reduce visibiliy of PUBLIC target method, visibility will be upgraded.
[08May2026 01:14:02.129] [main/WARN] [mixin/]: Method overwrite conflict for m_47505_ in lithium.mixins.json:world.temperature_cache.BiomeMixin, previously written by org.embeddedt.modernfix.common.mixin.perf.remove_biome_temperature_cache.BiomeMixin. Skipping method.
[08May2026 01:14:03.035] [modloading-worker-0/INFO] [snownee.snow.SnowRealMagic/]: SereneSeasons detected. Overriding weather behavior.
[08May2026 01:14:03.177] [modloading-worker-0/INFO] [mixin/]: Mixing server.MixinPlayerList from mixins/common/nochatreports.mixins.json into net.minecraft.server.players.PlayerList
[08May2026 01:14:03.337] [modloading-worker-0/INFO] [Puzzles Lib/]: Constructing common components for tinyskeletons:main
[08May2026 01:14:03.463] [modloading-worker-0/INFO] [realmayus.aquatictorches.AquaticTorches/]: Aquatic Torches loaded.
[08May2026 01:14:03.544] [modloading-worker-0/INFO] [STDOUT/]: [io.ejekta.kambrik.KambrikModForge:<clinit>:22]: Service loaders found: [io.ejekta.kambrik.bridge.KambrikSharedApiForge@50bbdf4c]
[08May2026 01:14:03.620] [modloading-worker-0/INFO] [Puzzles Lib/]: Constructing common components for echochest:main
[08May2026 01:14:03.656] [modloading-worker-0/INFO] [com.autovw.advancednetherite.AdvancedNetherite/]: Initializing platform helper for Advanced Netherite!
[08May2026 01:14:03.740] [modloading-worker-0/INFO] [com.aetherteam.cumulus.Cumulus/]: Disabling Cumulus as it is on server.
[08May2026 01:14:03.896] [modloading-worker-0/WARN] [mixin/]: Method overwrite conflict for getPools in galosphere.mixins.json:LootTableAccessor, previously written by com.blackgear.platform.core.mixin.forge.LootTableMixin. Skipping method.
[08May2026 01:14:04.025] [modloading-worker-0/INFO] [Puzzles Lib/]: Constructing common components for netherchested:main
[08May2026 01:14:04.103] [modloading-worker-0/INFO] [TimeOnDisplay/]: Hello Forge world!
[08May2026 01:14:04.112] [modloading-worker-0/INFO] [TimeOnDisplay/]: Hello from TimeOnDisplay Common init on Forge! we are currently in a production environment!
[08May2026 01:14:04.112] [modloading-worker-0/INFO] [TimeOnDisplay/]: The ID for diamonds is minecraft:diamond
[08May2026 01:14:04.112] [modloading-worker-0/INFO] [TimeOnDisplay/]: Hello to TimeOnDisplay
[08May2026 01:14:04.257] [modloading-worker-0/INFO] [Puzzles Lib/]: Constructing common components for mutantmonsters:main
[08May2026 01:14:04.325] [modloading-worker-0/INFO] [Puzzles Lib/]: Constructing common components for visualworkbench:main
[08May2026 01:14:04.420] [modloading-worker-0/INFO] [STDOUT/]: [dev.hexnowloading.dungeonnowloading.registry.DNLPackets:registerServerbound:8]: [DNLPackets] registerServerbound()
[08May2026 01:14:04.646] [modloading-worker-0/INFO] [necronomicon/]: Necronomicon Initialized
[08May2026 01:14:04.650] [modloading-worker-0/INFO] [necronomicon/]: File exists, reading config for elocindev.necronomicon.NecronomiconConfig.
[08May2026 01:14:04.653] [modloading-worker-0/INFO] [necronomicon/]: Config for elocindev.necronomicon.NecronomiconConfig read successfully.
[08May2026 01:14:04.926] [modloading-worker-0/INFO] [End's Phantasm/]: [Phantasm] Loading Configs for Phantasm
[08May2026 01:14:04.945] [modloading-worker-0/WARN] [End's Phantasm/]: [Phantasm] Couldn't find config value for path : "[generation, raw_purpur, enable]", defaulting to true
[08May2026 01:14:04.950] [modloading-worker-0/WARN] [End's Phantasm/]: [Phantasm] Couldn't find config value for path : "[generation, raw_purpur, first_stripe]", defaulting to 29
[08May2026 01:14:04.950] [modloading-worker-0/WARN] [End's Phantasm/]: [Phantasm] Couldn't find config value for path : "[generation, fallen_stars, enable]", defaulting to true
[08May2026 01:14:04.951] [modloading-worker-0/WARN] [End's Phantasm/]: [Phantasm] Couldn't find config value for path : "[generation, biomes, datapack_compatibility]", defaulting to automatic
[08May2026 01:14:04.951] [modloading-worker-0/WARN] [End's Phantasm/]: [Phantasm] Couldn't find config value for path : "[generation, biomes, noise_scale]", defaulting to 2
[08May2026 01:14:04.951] [modloading-worker-0/WARN] [End's Phantasm/]: [Phantasm] Couldn't find config value for path : "[generation, biomes, weights, end_highlands]", defaulting to 1.2
[08May2026 01:14:04.951] [modloading-worker-0/WARN] [End's Phantasm/]: [Phantasm] Couldn't find config value for path : "[generation, biomes, weights, dreaming_den]", defaulting to 1.5
[08May2026 01:14:04.951] [modloading-worker-0/WARN] [End's Phantasm/]: [Phantasm] Couldn't find config value for path : "[generation, biomes, weights, acidburnt_abysses]", defaulting to 1.2
[08May2026 01:14:04.951] [modloading-worker-0/WARN] [End's Phantasm/]: [Phantasm] Couldn't find config value for path : "[general, outer_end_before_dragon]", defaulting to true
[08May2026 01:14:04.951] [modloading-worker-0/WARN] [End's Phantasm/]: [Phantasm] Couldn't find config value for path : "[general, show_cutscene]", defaulting to true
[08May2026 01:14:04.951] [modloading-worker-0/WARN] [End's Phantasm/]: [Phantasm] Couldn't find config value for path : "[general, dark_end]", defaulting to false
[08May2026 01:14:04.952] [modloading-worker-0/WARN] [End's Phantasm/]: [Phantasm] Couldn't find config value for path : "[general, challenge, alternate_barrier]", defaulting to false
[08May2026 01:14:04.952] [modloading-worker-0/WARN] [End's Phantasm/]: [Phantasm] Couldn't find config value for path : "[general, challenge, radius]", defaulting to 16
[08May2026 01:14:04.955] [modloading-worker-0/WARN] [End's Phantasm/]: [Phantasm] Couldn't find config value for path : "[general, dragon_fight, explosive_fireballs]", defaulting to true
[08May2026 01:14:04.956] [modloading-worker-0/WARN] [End's Phantasm/]: [Phantasm] Couldn't find config value for path : "[general, dragon_fight, passive_endermen]", defaulting to false
[08May2026 01:14:04.956] [modloading-worker-0/WARN] [End's Phantasm/]: [Phantasm] Couldn't find config value for path : "[general, dragon_fight, obsidian_tower, beautify]", defaulting to true
[08May2026 01:14:04.956] [modloading-worker-0/WARN] [End's Phantasm/]: [Phantasm] Couldn't find config value for path : "[general, dragon_fight, obsidian_tower, no_crystal_cages]", defaulting to false
[08May2026 01:14:04.956] [modloading-worker-0/WARN] [End's Phantasm/]: [Phantasm] Couldn't find config value for path : "[general, dragon_fight, obsidian_tower, extra_height]", defaulting to 0
[08May2026 01:14:04.956] [modloading-worker-0/WARN] [End's Phantasm/]: [Phantasm] Couldn't find config value for path : "[general, equipment, elytra, boost_advancement]", defaulting to minecraft:end/kill_dragon
[08May2026 01:14:04.956] [modloading-worker-0/WARN] [End's Phantasm/]: [Phantasm] Couldn't find config value for path : "[general, equipment, elytra, has_challenge]", defaulting to true
[08May2026 01:14:04.956] [modloading-worker-0/WARN] [End's Phantasm/]: [Phantasm] Couldn't find config value for path : "[general, equipment, elytra, challenge_rune_offset]", defaulting to [0.0, 2.0, 8.0]
[08May2026 01:14:04.956] [modloading-worker-0/WARN] [End's Phantasm/]: [Phantasm] Couldn't find config value for path : "[general, equipment, shattered_pendant, durability]", defaulting to 6
[08May2026 01:14:04.956] [modloading-worker-0/WARN] [End's Phantasm/]: [Phantasm] Couldn't find config value for path : "[dreaming_den, entities, behemoth, aggro_range]", defaulting to 6
[08May2026 01:14:04.957] [modloading-worker-0/WARN] [End's Phantasm/]: [Phantasm] Couldn't find config value for path : "[dreaming_den, entities, behemoth, sneaking_aggro_range]", defaulting to 0
[08May2026 01:14:04.957] [modloading-worker-0/WARN] [End's Phantasm/]: [Phantasm] Couldn't find config value for path : "[dreaming_den, equipment, chorus_fruit_salad, teleportation]", defaulting to true
[08May2026 01:14:04.957] [modloading-worker-0/WARN] [End's Phantasm/]: [Phantasm] Couldn't find config value for path : "[dreaming_den, equipment, chorus_fruit_salad, stack_size]", defaulting to 4
[08May2026 01:14:04.957] [modloading-worker-0/WARN] [End's Phantasm/]: [Phantasm] Couldn't find config value for path : "[dreaming_den, equipment, crystalline_tools, durability]", defaulting to 712
[08May2026 01:14:04.957] [modloading-worker-0/WARN] [End's Phantasm/]: [Phantasm] Couldn't find config value for path : "[dreaming_den, equipment, crystalline_tools, efficiency_boost]", defaulting to 3
[08May2026 01:14:04.957] [modloading-worker-0/WARN] [End's Phantasm/]: [Phantasm] Couldn't find config value for path : "[acidburnt_abysses, equipment, choral_arrow, crossbow_range]", defaulting to 10
[08May2026 01:14:04.957] [modloading-worker-0/WARN] [End's Phantasm/]: [Phantasm] Couldn't find config value for path : "[acidburnt_abysses, equipment, choral_arrow, charm_duration]", defaulting to 20
[08May2026 01:14:04.957] [modloading-worker-0/WARN] [End's Phantasm/]: [Phantasm] Couldn't find config value for path : "[acidburnt_abysses, equipment, choral_arrow, player_charm_duration]", defaulting to 40
[08May2026 01:14:04.957] [modloading-worker-0/WARN] [End's Phantasm/]: [Phantasm] Couldn't find config value for path : "[acidburnt_abysses, equipment, subwoofer, range]", defaulting to 8
[08May2026 01:14:04.957] [modloading-worker-0/WARN] [End's Phantasm/]: [Phantasm] Couldn't find config value for path : "[acidburnt_abysses, equipment, corrosion, damage_multiplier]", defaulting to 0.2
[08May2026 01:14:04.957] [modloading-worker-0/WARN] [End's Phantasm/]: [Phantasm] Couldn't find config value for path : "[acidburnt_abysses, equipment, corrosion, corrosive_food, pomb_slice]", defaulting to 60
[08May2026 01:14:04.958] [modloading-worker-0/WARN] [End's Phantasm/]: [Phantasm] Couldn't find config value for path : "[acidburnt_abysses, equipment, corrosion, corrosive_food, pop_rock_candy]", defaulting to 120
[08May2026 01:14:04.958] [modloading-worker-0/WARN] [End's Phantasm/]: [Phantasm] Couldn't find config value for path : "[acidburnt_abysses, equipment, corrosion, corrosive_food, duration]", defaulting to 80
[08May2026 01:14:04.958] [modloading-worker-0/WARN] [End's Phantasm/]: [Phantasm] Couldn't find config value for path : "[acidburnt_abysses, equipment, corrosion, corrosive_food, amplifier]", defaulting to 0
[08May2026 01:14:04.958] [modloading-worker-0/WARN] [End's Phantasm/]: [Phantasm] Couldn't find config value for path : "[acidburnt_abysses, equipment, corrosion, falling_pomb, damage]", defaulting to 5
[08May2026 01:14:04.958] [modloading-worker-0/WARN] [End's Phantasm/]: [Phantasm] Couldn't find config value for path : "[acidburnt_abysses, equipment, corrosion, falling_pomb, duration]", defaulting to 200
[08May2026 01:14:04.958] [modloading-worker-0/WARN] [End's Phantasm/]: [Phantasm] Couldn't find config value for path : "[acidburnt_abysses, equipment, corrosion, falling_pomb, amplifier]", defaulting to 0
[08May2026 01:14:04.958] [modloading-worker-0/WARN] [End's Phantasm/]: [Phantasm] Your Phantasm configs are outdated! Consider deleting them so they can refresh
[08May2026 01:14:04.968] [modloading-worker-0/INFO] [Dungeon Now Loading/]: Hello Forge world!
[08May2026 01:14:05.088] [modloading-worker-0/INFO] [End's Phantasm/]: [Phantasm] Registering Sounds for mod id : phantasm
[08May2026 01:14:05.181] [modloading-worker-0/INFO] [Puzzles Lib/]: Constructing common components for illagerinvasion:main
[08May2026 01:14:05.302] [modloading-worker-0/WARN] [mixin/]: @Redirect conflict. Skipping recipeessentials.mixins.json:RecipeManagerMixin->@Redirect::logErrorOnce(Lorg/slf4j/Logger;Ljava/lang/String;Ljava/lang/Object;Ljava/lang/Object;)V with priority 200, already redirected by modernfix-modernfix.mixins.json:perf.datapack_reload_exceptions.RecipeManagerMixin->@Redirect::silenceException(Lorg/slf4j/Logger;Ljava/lang/String;Ljava/lang/Object;Ljava/lang/Object;)V with priority 2000
[08May2026 01:14:05.358] [modloading-worker-0/INFO] [Bookshelf/]: Fixing MC-151457. Crafting remainder for minecraft:pufferfish_bucket is now minecraft:bucket.
[08May2026 01:14:05.358] [modloading-worker-0/INFO] [Bookshelf/]: Fixing MC-151457. Crafting remainder for minecraft:salmon_bucket is now minecraft:bucket.
[08May2026 01:14:05.358] [modloading-worker-0/INFO] [Bookshelf/]: Fixing MC-151457. Crafting remainder for minecraft:cod_bucket is now minecraft:bucket.
[08May2026 01:14:05.358] [modloading-worker-0/INFO] [Bookshelf/]: Fixing MC-151457. Crafting remainder for minecraft:tropical_fish_bucket is now minecraft:bucket.
[08May2026 01:14:05.358] [modloading-worker-0/INFO] [Bookshelf/]: Fixing MC-151457. Crafting remainder for minecraft:axolotl_bucket is now minecraft:bucket.
[08May2026 01:14:05.358] [modloading-worker-0/INFO] [Bookshelf/]: Fixing MC-151457. Crafting remainder for minecraft:powder_snow_bucket is now minecraft:bucket.
[08May2026 01:14:05.358] [modloading-worker-0/INFO] [Bookshelf/]: Fixing MC-151457. Crafting remainder for minecraft:tadpole_bucket is now minecraft:bucket.
[08May2026 01:14:05.659] [modloading-worker-0/INFO] [de.keksuccino.melody.Melody/]: [MELODY] Disabling Melody since it's loaded server-side.
[08May2026 01:14:05.673] [modloading-worker-0/INFO] [de.keksuccino.konkrete.Konkrete/]: [KONKRETE] Successfully initialized!
[08May2026 01:14:05.673] [modloading-worker-0/INFO] [de.keksuccino.konkrete.Konkrete/]: [KONKRETE] Server-side libs ready to use!
[08May2026 01:14:05.678] [modloading-worker-0/INFO] [Puzzles Lib/]: Constructing common components for diagonalwalls:main
[08May2026 01:14:05.729] [modloading-worker-0/INFO] [Puzzles Lib/]: Constructing common components for diagonalblocks:main
[08May2026 01:14:05.788] [modloading-worker-0/INFO] [Puzzles Lib/]: Constructing common components for arcanelanterns:main
[08May2026 01:14:06.053] [modloading-worker-0/INFO] [Puzzles Lib/]: Constructing common components for diagonalwindows:main
[08May2026 01:14:06.077] [modloading-worker-0/INFO] [com.cupboard.Cupboard/]: Loaded config for: memorysettings.json
[08May2026 01:14:06.078] [modloading-worker-0/WARN] [com.memorysettings.config.CommonConfiguration/]: You have more more memory allocated than recommended for your system, the recommended amount for your system is: 8000 mb.

[08May2026 01:14:06.091] [modloading-worker-0/INFO] [fr.samlegamer.mcwbiomesoplenty.McwBOP/]: Macaw's Biomes O' Plenty Loading...
[08May2026 01:14:06.257] [modloading-worker-0/INFO] [STDOUT/]: [net.valhelsia.valhelsia_core.api.common.item.tab.forge.CreativeTabFactoryImpl:create:15]: TEST
[08May2026 01:14:06.259] [modloading-worker-0/INFO] [STDOUT/]: [net.valhelsia.valhelsia_core.api.common.item.tab.forge.CreativeTabFactoryImpl:create:21]: TEST2
[08May2026 01:14:06.279] [modloading-worker-0/INFO] [fr.samlegamer.addonslib.AddonsLib/]: AddonsLib Forge !
[08May2026 01:14:06.281] [modloading-worker-0/INFO] [fr.samlegamer.mcwbiomesoplenty.McwBOP/]: Macaw's Biomes O' Plenty Is Charged !
[08May2026 01:14:06.346] [modloading-worker-0/INFO] [com.cupboard.Cupboard/]: Loaded config for: cupboard.json
[08May2026 01:14:06.507] [modloading-worker-0/INFO] [snownee.kiwi.Kiwi/INIT]: Processing 7 KiwiModule annotations
[08May2026 01:14:07.036] [modloading-worker-0/INFO] [dev.architectury.networking.forge.NetworkManagerImpl/]: Registering C2S receiver with id architectury:sync_ids
[08May2026 01:14:07.037] [modloading-worker-0/INFO] [dev.architectury.networking.forge.NetworkManagerImpl/]: Registering C2S receiver with id artifacts:networking_channel/42a7ad70b1cc371599a0eff744096b8a
[08May2026 01:14:07.041] [modloading-worker-0/INFO] [dev.architectury.networking.forge.NetworkManagerImpl/]: Registering C2S receiver with id artifacts:networking_channel/74a5e841822a3a87854ae896a33430d6
[08May2026 01:14:07.044] [modloading-worker-0/INFO] [dev.architectury.networking.forge.NetworkManagerImpl/]: Registering C2S receiver with id artifacts:networking_channel/eb3d1e2748533430848cadf0f37c7e9c
[08May2026 01:14:07.048] [modloading-worker-0/INFO] [dev.architectury.networking.forge.NetworkManagerImpl/]: Registering C2S receiver with id artifacts:networking_channel/91c8520f19f93b3e8b6a727568e194ab
[08May2026 01:14:07.050] [modloading-worker-0/INFO] [dev.architectury.networking.forge.NetworkManagerImpl/]: Registering C2S receiver with id artifacts:networking_channel/8c2784d778293fd482ed84b8aa5fedb9
[08May2026 01:14:07.052] [modloading-worker-0/INFO] [dev.architectury.networking.forge.NetworkManagerImpl/]: Registering C2S receiver with id artifacts:networking_channel/ea038224ea783d40b2863f52239e2604
[08May2026 01:14:07.055] [modloading-worker-0/INFO] [dev.architectury.networking.forge.NetworkManagerImpl/]: Registering C2S receiver with id artifacts:networking_channel/97ad64b7ecaf33209991c4f031501a58
[08May2026 01:14:07.078] [modloading-worker-0/INFO] [Spartan Shields/]: Constructing Mod: Spartan Shields
[08May2026 01:14:07.207] [modloading-worker-0/INFO] [Puzzles Lib/]: Constructing common components for diagonalfences:main
[08May2026 01:14:07.334] [modloading-worker-0/INFO] [Puzzles Lib/]: Constructing common components for easyanvils:main
[08May2026 01:14:07.361] [modloading-worker-0/INFO] [scena-forge/]: Initialized scena-forge
[08May2026 01:14:07.882] [modloading-worker-0/INFO] [dev.architectury.networking.forge.NetworkManagerImpl/]: Registering C2S receiver with id powah:packet
[08May2026 01:14:08.005] [modloading-worker-0/INFO] [ironfurnaces.IronFurnaces/]: Initializing Update Checker...
[08May2026 01:14:08.013] [Iron Furnaces Update Checker/INFO] [ironfurnaces.IronFurnaces/]: Starting Update Check...
[08May2026 01:14:08.033] [Iron Furnaces Update Checker/INFO] [ironfurnaces.IronFurnaces/]: Update Check done!
[08May2026 01:14:08.033] [Iron Furnaces Update Checker/INFO] [ironfurnaces.IronFurnaces/]: Iron Furnaces is up to date!
[08May2026 01:14:08.128] [modloading-worker-0/INFO] [coroutil/]: forge loader environment detected
[08May2026 01:14:08.182] [modloading-worker-0/INFO] [Puzzles Lib/]: Constructing common components for effectdescriptions:main
[08May2026 01:14:08.203] [modloading-worker-0/INFO] [Puzzles Lib/]: Constructing common components for puzzlesapi:iteminteractions
[08May2026 01:14:08.216] [modloading-worker-0/INFO] [Puzzles Lib/]: Constructing common components for puzzlesapi:slotcycling
[08May2026 01:14:08.221] [modloading-worker-0/INFO] [Puzzles Lib/]: Constructing common components for puzzlesapi:limitlesscontainers
[08May2026 01:14:08.241] [modloading-worker-0/INFO] [Puzzles Lib/]: Constructing common components for puzzlesapi:statues
[08May2026 01:14:08.420] [modloading-worker-0/INFO] [Puzzles Lib/]: Constructing common components for universalbonemeal:main
[08May2026 01:14:08.459] [modloading-worker-0/INFO] [Puzzles Lib/]: Constructing common components for stoneworks:main
[08May2026 01:14:08.513] [modloading-worker-0/INFO] [STDOUT/]: [com.tiviacz.travelersbackpack.TravelersBackpack:readOldCommonConfig:180]: curiosIntegration not found in the [common.backpackSettings] section.
[08May2026 01:14:08.773] [modloading-worker-0/INFO] [net.minecraftforge.common.ForgeMod/FORGEMOD]: Forge mod loading, version 47.4.20, for MC 1.20.1 with MCP 20230612.114412
[08May2026 01:14:08.773] [modloading-worker-0/INFO] [net.minecraftforge.common.MinecraftForge/FORGE]: MinecraftForge v47.4.20 Initialized
[08May2026 01:14:08.808] [modloading-worker-0/INFO] [graveyard/]: Registered JSON trade offer adapter.
[08May2026 01:14:08.830] [modloading-worker-0/INFO] [NoChatReports/]: KONNICHIWA ZA WARUDO!
[08May2026 01:14:08.830] [modloading-worker-0/INFO] [NoChatReports/]: Default JVM text encoding is: UTF-8
[08May2026 01:14:08.834] [modloading-worker-0/INFO] [NoChatReports/]: Reading config file NoChatReports/NCR-Common.json...
[08May2026 01:14:08.838] [modloading-worker-0/INFO] [NoChatReports/]: Writing config file NoChatReports/NCR-Common.json...
[08May2026 01:14:08.846] [modloading-worker-0/INFO] [thedarkcolour.kotlinforforge.test.KotlinForForge/]: Kotlin For Forge Enabled!
[08May2026 01:14:08.921] [modloading-worker-0/INFO] [Puzzles Lib/]: Constructing common components for puzzleslib:main
[08May2026 01:14:09.126] [modloading-worker-0/INFO] [zeta/]: Doing super early config setup for zeta
[08May2026 01:14:09.173] [modloading-worker-0/WARN] [mixinsquared-annotation-adjuster/]: Modified mixin "dev.uncandango.alltheleaks.mixin.core.main.RecipeCrawlHandlerMixin". Check debug logs for more information.
[08May2026 01:14:09.175] [modloading-worker-0/WARN] [mixinsquared-annotation-adjuster/]: Modified mixin "dev.uncandango.alltheleaks.mixin.core.main.RecipeCrawlHandlerMixin". Check debug logs for more information.
[08May2026 01:14:09.177] [modloading-worker-0/WARN] [mixinsquared-annotation-adjuster/]: Modified mixin "dev.uncandango.alltheleaks.mixin.core.main.RecipeCrawlHandlerMixin". Check debug logs for more information.
[08May2026 01:14:09.263] [modloading-worker-0/INFO] [ModernFix/]: Bypassed Mojang DFU
[08May2026 01:14:09.263] [modloading-worker-0/INFO] [ModernFix/]: Instantiating Mojang DFU
[08May2026 01:14:09.285] [Modding Legacy/blue_skies/Supporters thread/INFO] [ModdingLegacy/blue_skies/Supporter/]: Attempting to load the Modding Legacy supporters list from https://moddinglegacy.com/supporters-changelogs/supporters.txt
[08May2026 01:14:09.619] [Modding Legacy/blue_skies/Supporters thread/INFO] [ModdingLegacy/blue_skies/Supporter/]: Successfully loaded the Modding Legacy supporters list.
[08May2026 01:14:09.735] [modloading-worker-0/INFO] [teamrazor.deepaether.DeepAether/]: Deep Aether: Registering Aether Lost Content compat items
[08May2026 01:14:09.736] [modloading-worker-0/INFO] [teamrazor.deepaether.DeepAether/]: Deep Aether: Registering Aether Lost Content compat items
[08May2026 01:14:09.736] [modloading-worker-0/INFO] [teamrazor.deepaether.DeepAether/]: Deep Aether: Registering Aether Redux compat items
[08May2026 01:14:09.823] [modloading-worker-0/INFO] [teamrazor.deepaether.DeepAether/]: Deep Aether: Registering Aether Redux compat blocks
[08May2026 01:14:09.825] [modloading-worker-0/INFO] [teamrazor.deepaether.DeepAether/]: Deep Aether: Registering Aether Redux compat blocks
[08May2026 01:14:09.825] [modloading-worker-0/INFO] [teamrazor.deepaether.DeepAether/]: Deep Aether: Registering Aether Redux compat blocks
[08May2026 01:14:09.827] [modloading-worker-0/INFO] [teamrazor.deepaether.DeepAether/]: Deep Aether: Registering Aether Redux compat blocks
[08May2026 01:14:09.827] [modloading-worker-0/INFO] [teamrazor.deepaether.DeepAether/]: Deep Aether: Registering Aether Redux compat blocks
[08May2026 01:14:09.827] [modloading-worker-0/INFO] [teamrazor.deepaether.DeepAether/]: Deep Aether: Registering Aether Redux compat blocks
[08May2026 01:14:09.828] [modloading-worker-0/INFO] [teamrazor.deepaether.DeepAether/]: Deep Aether: Registering Aether Redux compat blocks
[08May2026 01:14:09.828] [modloading-worker-0/INFO] [teamrazor.deepaether.DeepAether/]: Deep Aether: Registering Aether Redux compat blocks
[08May2026 01:14:09.835] [modloading-worker-0/INFO] [teamrazor.deepaether.DeepAether/]: Deep Aether: Registering Aether Redux compat blocks
[08May2026 01:14:09.835] [modloading-worker-0/INFO] [teamrazor.deepaether.DeepAether/]: Deep Aether: Registering Aether Redux compat blocks
[08May2026 01:14:09.836] [modloading-worker-0/INFO] [teamrazor.deepaether.DeepAether/]: Deep Aether: Registering Aether Redux compat blocks
[08May2026 01:14:09.836] [modloading-worker-0/INFO] [teamrazor.deepaether.DeepAether/]: Deep Aether: Registering Aether Redux compat blocks
[08May2026 01:14:09.837] [modloading-worker-0/INFO] [teamrazor.deepaether.DeepAether/]: Deep Aether: Registering Aether Redux compat blocks
[08May2026 01:14:09.837] [modloading-worker-0/INFO] [teamrazor.deepaether.DeepAether/]: Deep Aether: Registering Aether Redux compat blocks
[08May2026 01:14:09.838] [modloading-worker-0/INFO] [teamrazor.deepaether.DeepAether/]: Deep Aether: Registering Aether Redux compat blocks
[08May2026 01:14:09.838] [modloading-worker-0/INFO] [teamrazor.deepaether.DeepAether/]: Deep Aether: Registering Aether Redux compat blocks
[08May2026 01:14:10.054] [modloading-worker-0/INFO] [Puzzles Lib/]: Constructing common components for horseexpert:main
[08May2026 01:14:10.106] [modloading-worker-0/INFO] [net.blay09.mods.balm.forge.config.ForgeBalmConfig/]: Registering config for kleeslabs:common (COMMON) with 3 properties.
[08May2026 01:14:10.783] [modloading-worker-0/INFO] [Collective/]: Loading Collective version 8.19.
[08May2026 01:14:10.859] [modloading-worker-0/INFO] [Spartan Weaponry/]: Constructing Mod: Spartan Weaponry
[08May2026 01:14:10.862] [modloading-worker-0/INFO] [Spartan Weaponry/]: Initialising API! Version: 12
[08May2026 01:14:10.863] [modloading-worker-0/INFO] [Spartan Weaponry/]: Spartan Weaponry API version 12 has been initalized!
[08May2026 01:14:11.115] [modloading-worker-0/INFO] [dev.architectury.networking.forge.NetworkManagerImpl/]: Registering C2S receiver with id ftblibrary:edit_nbt_response
[08May2026 01:14:11.145] [modloading-worker-0/INFO] [dev.architectury.networking.forge.NetworkManagerImpl/]: Registering C2S receiver with id ftbteams:open_gui
[08May2026 01:14:11.147] [modloading-worker-0/INFO] [dev.architectury.networking.forge.NetworkManagerImpl/]: Registering C2S receiver with id ftbteams:update_settings
[08May2026 01:14:11.148] [modloading-worker-0/INFO] [dev.architectury.networking.forge.NetworkManagerImpl/]: Registering C2S receiver with id ftbteams:send_message
[08May2026 01:14:11.150] [modloading-worker-0/INFO] [dev.architectury.networking.forge.NetworkManagerImpl/]: Registering C2S receiver with id ftbteams:create_party
[08May2026 01:14:11.151] [modloading-worker-0/INFO] [dev.architectury.networking.forge.NetworkManagerImpl/]: Registering C2S receiver with id ftbteams:player_gui_operation
[08May2026 01:14:11.225] [modloading-worker-0/INFO] [dev.architectury.networking.forge.NetworkManagerImpl/]: Registering C2S receiver with id ftbquests:submit_task
[08May2026 01:14:11.226] [modloading-worker-0/INFO] [dev.architectury.networking.forge.NetworkManagerImpl/]: Registering C2S receiver with id ftbquests:claim_reward
[08May2026 01:14:11.227] [modloading-worker-0/INFO] [dev.architectury.networking.forge.NetworkManagerImpl/]: Registering C2S receiver with id ftbquests:get_emergency_items
[08May2026 01:14:11.246] [modloading-worker-0/INFO] [dev.architectury.networking.forge.NetworkManagerImpl/]: Registering C2S receiver with id ftbquests:claim_all_rewards
[08May2026 01:14:11.247] [modloading-worker-0/INFO] [dev.architectury.networking.forge.NetworkManagerImpl/]: Registering C2S receiver with id ftbquests:claim_choice_reward
[08May2026 01:14:11.249] [modloading-worker-0/INFO] [dev.architectury.networking.forge.NetworkManagerImpl/]: Registering C2S receiver with id ftbquests:toggle_pinned
[08May2026 01:14:11.251] [modloading-worker-0/INFO] [dev.architectury.networking.forge.NetworkManagerImpl/]: Registering C2S receiver with id ftbquests:toggle_chapter_pinned
[08May2026 01:14:11.252] [modloading-worker-0/INFO] [dev.architectury.networking.forge.NetworkManagerImpl/]: Registering C2S receiver with id ftbquests:toggle_editing_mode
[08May2026 01:14:11.253] [modloading-worker-0/INFO] [dev.architectury.networking.forge.NetworkManagerImpl/]: Registering C2S receiver with id ftbquests:force_save
[08May2026 01:14:11.256] [modloading-worker-0/INFO] [dev.architectury.networking.forge.NetworkManagerImpl/]: Registering C2S receiver with id ftbquests:set_custom_image
[08May2026 01:14:11.263] [modloading-worker-0/INFO] [dev.architectury.networking.forge.NetworkManagerImpl/]: Registering C2S receiver with id ftbquests:task_screen_config_resp
[08May2026 01:14:11.264] [modloading-worker-0/INFO] [dev.architectury.networking.forge.NetworkManagerImpl/]: Registering C2S receiver with id ftbquests:give_item_to_player
[08May2026 01:14:11.265] [modloading-worker-0/INFO] [dev.architectury.networking.forge.NetworkManagerImpl/]: Registering C2S receiver with id ftbquests:reorder_item
[08May2026 01:14:11.265] [modloading-worker-0/INFO] [dev.architectury.networking.forge.NetworkManagerImpl/]: Registering C2S receiver with id ftbquests:change_progress
[08May2026 01:14:11.266] [modloading-worker-0/INFO] [dev.architectury.networking.forge.NetworkManagerImpl/]: Registering C2S receiver with id ftbquests:create_object
[08May2026 01:14:11.269] [modloading-worker-0/INFO] [dev.architectury.networking.forge.NetworkManagerImpl/]: Registering C2S receiver with id ftbquests:create_task_at
[08May2026 01:14:11.269] [modloading-worker-0/INFO] [dev.architectury.networking.forge.NetworkManagerImpl/]: Registering C2S receiver with id ftbquests:delete_object
[08May2026 01:14:11.276] [modloading-worker-0/INFO] [dev.architectury.networking.forge.NetworkManagerImpl/]: Registering C2S receiver with id ftbquests:edit_object
[08May2026 01:14:11.288] [modloading-worker-0/INFO] [dev.architectury.networking.forge.NetworkManagerImpl/]: Registering C2S receiver with id ftbquests:move_chapter
[08May2026 01:14:11.290] [modloading-worker-0/INFO] [dev.architectury.networking.forge.NetworkManagerImpl/]: Registering C2S receiver with id ftbquests:move_quest
[08May2026 01:14:11.291] [modloading-worker-0/INFO] [dev.architectury.networking.forge.NetworkManagerImpl/]: Registering C2S receiver with id ftbquests:change_chapter_group
[08May2026 01:14:11.292] [modloading-worker-0/INFO] [dev.architectury.networking.forge.NetworkManagerImpl/]: Registering C2S receiver with id ftbquests:move_chapter_group
[08May2026 01:14:11.293] [modloading-worker-0/INFO] [dev.architectury.networking.forge.NetworkManagerImpl/]: Registering C2S receiver with id ftbquests:copy_quest
[08May2026 01:14:11.297] [modloading-worker-0/INFO] [dev.architectury.networking.forge.NetworkManagerImpl/]: Registering C2S receiver with id ftbquests:copy_chapter_image
[08May2026 01:14:11.298] [modloading-worker-0/INFO] [dev.architectury.networking.forge.NetworkManagerImpl/]: Registering C2S receiver with id ftbquests:sync_structures_request
[08May2026 01:14:11.299] [modloading-worker-0/INFO] [dev.architectury.networking.forge.NetworkManagerImpl/]: Registering C2S receiver with id ftbquests:request_team_data
[08May2026 01:14:11.302] [modloading-worker-0/INFO] [Puzzles Lib/]: Constructing common components for tradingpost:main
[08May2026 01:14:11.323] [modloading-worker-0/INFO] [net.blay09.mods.balm.forge.config.ForgeBalmConfig/]: Registering config for trashslot:common (COMMON) with 5 properties.
[08May2026 01:14:11.335] [modloading-worker-0/INFO] [com.simibubi.create.Create/]: Create 6.0.8 initializing! Commit hash: 1a1a9a2819b4f89f78caec41b55ed8cb222fa24b
[08May2026 01:14:11.479] [modloading-worker-0/INFO] [net.blay09.mods.balm.forge.config.ForgeBalmConfig/]: Registering config for waystones:common (COMMON) with 46 properties.
[08May2026 01:14:11.636] [modloading-worker-0/INFO] [Dungeon Crawl/]: Here we go! Launching Dungeon Crawl 2.3.15...
[08May2026 01:14:11.856] [modloading-worker-0/INFO] [STDOUT/]: [com.cursee.monolib.core.sailing.warden.SailingWarden:processDirectoryOrFilePathStrings:24]: No matching files were found.
[08May2026 01:14:11.908] [modloading-worker-0/INFO] [Puzzles Lib/]: Constructing common components for cutthrough:main
[08May2026 01:14:12.670] [modloading-worker-0/INFO] [Puzzles Lib/]: Constructing common components for barteringstation:main
[08May2026 01:14:12.687] [modloading-worker-0/INFO] [quark/]: Initializing TerraBlender underground biome compat
[08May2026 01:14:13.266] [Thread-0/INFO] [ModernFix/]: Please use /mfsrc to reload any changed mod config files
[08May2026 01:14:13.470] [modloading-worker-0/INFO] [quark-zeta/]: Discovered 164 modules to load.
[08May2026 01:14:13.472] [modloading-worker-0/INFO] [quark-zeta/]: Constructing module Abacus...
[08May2026 01:14:13.485] [modloading-worker-0/INFO] [quark-zeta/]: Constructing module Adjustable Chat...
[08May2026 01:14:13.486] [modloading-worker-0/INFO] [quark-zeta/]: Constructing module Ambient Discs...
[08May2026 01:14:13.489] [modloading-worker-0/INFO] [quark-zeta/]: Constructing module Ancient Tomes...
[08May2026 01:14:13.514] [modloading-worker-0/INFO] [quark-zeta/]: Constructing module Ancient Wood...
[08May2026 01:14:13.553] [modloading-worker-0/INFO] [quark-zeta/]: Constructing module Armed Armor Stands...
[08May2026 01:14:13.556] [modloading-worker-0/INFO] [quark-zeta/]: Constructing module Auto Walk Keybind...
[08May2026 01:14:13.556] [modloading-worker-0/INFO] [quark-zeta/]: Constructing module Automatic Recipe Unlock...
[08May2026 01:14:13.557] [modloading-worker-0/INFO] [quark-zeta/]: Constructing module Automatic Tool Restock...
[08May2026 01:14:13.562] [modloading-worker-0/INFO] [quark-zeta/]: Constructing module Azalea Wood...
[08May2026 01:14:13.563] [modloading-worker-0/INFO] [quark-zeta/]: Constructing module Back Button Keybind...
[08May2026 01:14:13.564] [modloading-worker-0/INFO] [quark-zeta/]: Constructing module Backpack...
[08May2026 01:14:13.579] [modloading-worker-0/INFO] [quark-zeta/]: Constructing module Beacon Redirection...
[08May2026 01:14:13.585] [modloading-worker-0/INFO] [quark-zeta/]: Constructing module Better Elytra Rocket...
[08May2026 01:14:13.586] [modloading-worker-0/INFO] [quark-zeta/]: Constructing module Big Stone Clusters...
[08May2026 01:14:13.602] [modloading-worker-0/INFO] [quark-zeta/]: Constructing module Blossom Trees...
[08May2026 01:14:13.605] [modloading-worker-0/INFO] [quark-zeta/]: Constructing module Bottled Cloud...
[08May2026 01:14:13.607] [modloading-worker-0/INFO] [quark-zeta/]: Constructing module Buckets Show Inhabitants...
[08May2026 01:14:13.608] [modloading-worker-0/INFO] [quark-zeta/]: Constructing module Camera...
[08May2026 01:14:13.610] [modloading-worker-0/INFO] [quark-zeta/]: Constructing module Campfires Boost Elytra...
[08May2026 01:14:13.610] [modloading-worker-0/INFO] [quark-zeta/]: Constructing module Celebratory Lamps...
[08May2026 01:14:13.611] [modloading-worker-0/INFO] [quark-zeta/]: Constructing module Chains Connect Blocks...
[08May2026 01:14:13.612] [modloading-worker-0/INFO] [quark-zeta/]: Constructing module Chest Searching...
[08May2026 01:14:13.615] [modloading-worker-0/INFO] [quark-zeta/]: Constructing module Chorus Vegetation...
[08May2026 01:14:13.623] [modloading-worker-0/INFO] [quark-zeta/]: Constructing module Chute...
[08May2026 01:14:13.624] [modloading-worker-0/INFO] [quark-zeta/]: Constructing module Climate Control Remover...
[08May2026 01:14:13.625] [modloading-worker-0/INFO] [quark-zeta/]: Constructing module Color Runes...
[08May2026 01:14:13.630] [modloading-worker-0/INFO] [quark-zeta/]: Constructing module Compasses Work Everywhere...
[08May2026 01:14:13.631] [modloading-worker-0/INFO] [quark-zeta/]: Constructing module Compressed Blocks...
[08May2026 01:14:13.634] [modloading-worker-0/INFO] [quark-zeta/]: Constructing module Coral On Cactus...
[08May2026 01:14:13.634] [modloading-worker-0/INFO] [quark-zeta/]: Constructing module Corundum...
[08May2026 01:14:13.670] [modloading-worker-0/INFO] [quark-zeta/]: Constructing module Crabs...
[08May2026 01:14:13.673] [modloading-worker-0/INFO] [quark-zeta/]: Constructing module Crafter...
[08May2026 01:14:13.679] [modloading-worker-0/INFO] [quark-zeta/]: Constructing module Crate...
[08May2026 01:14:13.684] [modloading-worker-0/INFO] [quark-zeta/]: Constructing module Diamond Repair...
[08May2026 01:14:13.685] [modloading-worker-0/INFO] [quark-zeta/]: Constructing module Dispensers Place Blocks...
[08May2026 01:14:13.685] [modloading-worker-0/INFO] [quark-zeta/]: Constructing module Double Door Opening...
[08May2026 01:14:13.686] [modloading-worker-0/INFO] [quark-zeta/]: Constructing module Dragon Scales...
[08May2026 01:14:13.686] [modloading-worker-0/INFO] [quark-zeta/]: Constructing module Duskbound Blocks...
[08May2026 01:14:13.686] [modloading-worker-0/INFO] [quark-zeta/]: Constructing module Dyeable Item Frames...
[08May2026 01:14:13.688] [modloading-worker-0/INFO] [quark-zeta/]: Constructing module Easy Transfering...
[08May2026 01:14:13.688] [modloading-worker-0/INFO] [quark-zeta/]: Constructing module Elytra Indicator...
[08May2026 01:14:13.688] [modloading-worker-0/INFO] [quark-zeta/]: Constructing module Emotes...
[08May2026 01:14:13.688] [modloading-worker-0/INFO] [quark-zeta/]: Constructing module Enchantment Predicates...
[08May2026 01:14:13.690] [modloading-worker-0/INFO] [quark-zeta/]: Constructing module Enchantments Begone...
[08May2026 01:14:13.691] [modloading-worker-0/INFO] [quark-zeta/]: Constructing module Ender Watcher...
[08May2026 01:14:13.692] [modloading-worker-0/INFO] [quark-zeta/]: Constructing module Endermosh Music Disc...
[08May2026 01:14:13.695] [modloading-worker-0/INFO] [quark-zeta/]: Constructing module Enhanced Ladders...
[08May2026 01:14:13.695] [modloading-worker-0/INFO] [quark-zeta/]: Constructing module Expanded Item Interactions...
[08May2026 01:14:13.699] [modloading-worker-0/INFO] [quark-zeta/]: Constructing module Fairy Rings...
[08May2026 01:14:13.701] [modloading-worker-0/INFO] [quark-zeta/]: Constructing module Fallen Logs...
[08May2026 01:14:13.711] [modloading-worker-0/INFO] [quark-zeta/]: Constructing module Feeding Trough...
[08May2026 01:14:13.723] [modloading-worker-0/INFO] [quark-zeta/]: Constructing module Forgotten...
[08May2026 01:14:13.735] [modloading-worker-0/INFO] [quark-zeta/]: Constructing module Foxhound...
[08May2026 01:14:13.736] [modloading-worker-0/INFO] [quark-zeta/]: Constructing module Framed Glass...
[08May2026 01:14:13.736] [modloading-worker-0/INFO] [quark-zeta/]: Constructing module Game Nerfs...
[08May2026 01:14:13.737] [modloading-worker-0/INFO] [quark-zeta/]: Constructing module Glass Item Frame...
[08May2026 01:14:13.744] [modloading-worker-0/INFO] [quark-zeta/]: Constructing module Glass Shard...
[08May2026 01:14:13.745] [modloading-worker-0/INFO] [quark-zeta/]: Constructing module Glimmering Weald...
[08May2026 01:14:13.779] [modloading-worker-0/INFO] [quark-zeta/]: Constructing module Gold Bars...
[08May2026 01:14:13.783] [modloading-worker-0/INFO] [quark-zeta/]: Constructing module Gold Tools Have Fortune...
[08May2026 01:14:13.784] [modloading-worker-0/INFO] [quark-zeta/]: Constructing module Grab Chickens...
[08May2026 01:14:13.785] [modloading-worker-0/INFO] [quark-zeta/]: Constructing module Grate...
[08May2026 01:14:13.797] [modloading-worker-0/INFO] [quark-zeta/]: Constructing module Gravisand...
[08May2026 01:14:13.800] [modloading-worker-0/INFO] [quark-zeta/]: Constructing module Greener Grass...
[08May2026 01:14:13.812] [modloading-worker-0/INFO] [quark-zeta/]: Constructing module Hedges...
[08May2026 01:14:13.813] [modloading-worker-0/INFO] [quark-zeta/]: Constructing module Hoe Harvesting...
[08May2026 01:14:13.815] [modloading-worker-0/INFO] [quark-zeta/]: Constructing module Hollow Logs...
[08May2026 01:14:13.816] [modloading-worker-0/INFO] [quark-zeta/]: Constructing module Horses Swim...
[08May2026 01:14:13.819] [modloading-worker-0/INFO] [quark-zeta/]: Constructing module Hotbar Changer...
[08May2026 01:14:13.819] [modloading-worker-0/INFO] [quark-zeta/]: Constructing module Improved Sponges...
[08May2026 01:14:13.820] [modloading-worker-0/INFO] [quark-zeta/]: Constructing module Improved Tooltips...
[08May2026 01:14:13.820] [modloading-worker-0/INFO] [quark-zeta/]: Constructing module Industrial Palette...
[08May2026 01:14:13.824] [modloading-worker-0/INFO] [quark-zeta/]: Constructing module Inventory Sorting...
[08May2026 01:14:13.824] [modloading-worker-0/INFO] [quark-zeta/]: Constructing module Iron Rod...
[08May2026 01:14:13.835] [modloading-worker-0/INFO] [quark-zeta/]: Constructing module Item Sharing...
[08May2026 01:14:13.840] [modloading-worker-0/INFO] [quark-zeta/]: Constructing module Japanese Palette...
[08May2026 01:14:13.848] [modloading-worker-0/INFO] [quark-zeta/]: Constructing module Leaf Carpet...
[08May2026 01:14:13.851] [modloading-worker-0/INFO] [quark-zeta/]: Constructing module Lock Rotation...
[08May2026 01:14:13.851] [modloading-worker-0/INFO] [quark-zeta/]: Constructing module Long Range Pick Block...
[08May2026 01:14:13.852] [modloading-worker-0/INFO] [quark-zeta/]: Constructing module Magma Keeps Concrete Powder...
[08May2026 01:14:13.852] [modloading-worker-0/INFO] [quark-zeta/]: Constructing module Magnets...
[08May2026 01:14:13.855] [modloading-worker-0/INFO] [quark-zeta/]: Constructing module Map Washing...
[08May2026 01:14:13.857] [modloading-worker-0/INFO] [quark-zeta/]: Constructing module Matrix Enchanting...
[08May2026 01:14:13.875] [modloading-worker-0/INFO] [quark-zeta/]: Constructing module Metal Buttons...
[08May2026 01:14:13.878] [modloading-worker-0/INFO] [quark-zeta/]: Constructing module Microcrafting Helper...
[08May2026 01:14:13.878] [modloading-worker-0/INFO] [quark-zeta/]: Constructing module Midori...
[08May2026 01:14:13.879] [modloading-worker-0/INFO] [quark-zeta/]: Constructing module Monster Box...
[08May2026 01:14:13.879] [modloading-worker-0/INFO] [quark-zeta/]: Constructing module More Banner Layers...
[08May2026 01:14:13.879] [modloading-worker-0/INFO] [quark-zeta/]: Constructing module More Brick Types...
[08May2026 01:14:13.880] [modloading-worker-0/INFO] [quark-zeta/]: Constructing module More Mud Blocks...
[08May2026 01:14:13.880] [modloading-worker-0/INFO] [quark-zeta/]: Constructing module More Note Block Sounds...
[08May2026 01:14:13.882] [modloading-worker-0/INFO] [quark-zeta/]: Constructing module More Potted Plants...
[08May2026 01:14:13.885] [modloading-worker-0/INFO] [quark-zeta/]: Constructing module More Villagers...
[08May2026 01:14:13.885] [modloading-worker-0/INFO] [quark-zeta/]: Constructing module Narrator Readout...
[08May2026 01:14:13.886] [modloading-worker-0/INFO] [quark-zeta/]: Constructing module Nether Brick Fence Gate...
[08May2026 01:14:13.886] [modloading-worker-0/INFO] [quark-zeta/]: Constructing module Nether Obsidian Spikes...
[08May2026 01:14:13.890] [modloading-worker-0/INFO] [quark-zeta/]: Constructing module New Stone Types...
[08May2026 01:14:13.900] [modloading-worker-0/INFO] [quark-zeta/]: Constructing module No Durability On Cosmetics...
[08May2026 01:14:13.903] [modloading-worker-0/INFO] [quark-zeta/]: Constructing module No More Lava Pockets...
[08May2026 01:14:13.904] [modloading-worker-0/INFO] [quark-zeta/]: Constructing module Obsidian Plate...
[08May2026 01:14:13.909] [modloading-worker-0/INFO] [quark-zeta/]: Constructing module Overlay Shader...
[08May2026 01:14:13.918] [modloading-worker-0/INFO] [quark-zeta/]: Constructing module Parrot Eggs...
[08May2026 01:14:13.924] [modloading-worker-0/INFO] [quark-zeta/]: Constructing module Pat The Dogs...
[08May2026 01:14:13.947] [modloading-worker-0/INFO] [quark-zeta/]: Constructing module Pathfinder Maps...
[08May2026 01:14:13.948] [modloading-worker-0/INFO] [quark-zeta/]: Constructing module Permafrost...
[08May2026 01:14:13.959] [modloading-worker-0/INFO] [quark-zeta/]: Constructing module Petals On Water...
[08May2026 01:14:13.969] [modloading-worker-0/INFO] [quark-zeta/]: Constructing module Pickarang...
[08May2026 01:14:13.983] [modloading-worker-0/INFO] [quark-zeta/]: Constructing module Pig Litters...
[08May2026 01:14:13.991] [modloading-worker-0/INFO] [quark-zeta/]: Constructing module Pipes...
[08May2026 01:14:14.017] [modloading-worker-0/INFO] [quark-zeta/]: Constructing module Pistons Move Tile Entities...
[08May2026 01:14:14.021] [modloading-worker-0/INFO] [quark-zeta/]: Constructing module Poison Potato Usage...
[08May2026 01:14:14.021] [modloading-worker-0/INFO] [quark-zeta/]: Constructing module Quick Armor Swapping...
[08May2026 01:14:14.021] [modloading-worker-0/INFO] [quark-zeta/]: Constructing module Rainbow Lamps...
[08May2026 01:14:14.031] [modloading-worker-0/INFO] [quark-zeta/]: Constructing module Raw Metal Bricks...
[08May2026 01:14:14.035] [modloading-worker-0/INFO] [quark-zeta/]: Constructing module Reacharound Placing...
[08May2026 01:14:14.036] [modloading-worker-0/INFO] [quark-zeta/]: Constructing module Redstone Randomizer...
[08May2026 01:14:14.038] [modloading-worker-0/INFO] [quark-zeta/]: Constructing module Renewable Spore Blossoms...
[08May2026 01:14:14.043] [modloading-worker-0/INFO] [quark-zeta/]: Constructing module Replace Scaffolding...
[08May2026 01:14:14.044] [modloading-worker-0/INFO] [quark-zeta/]: Constructing module Rope...
[08May2026 01:14:14.049] [modloading-worker-0/INFO] [quark-zeta/]: Constructing module Safer Creatures...
[08May2026 01:14:14.050] [modloading-worker-0/INFO] [quark-zeta/]: Constructing module Seed Pouch...
[08May2026 01:14:14.056] [modloading-worker-0/INFO] [quark-zeta/]: Constructing module Shear Vines...
[08May2026 01:14:14.070] [modloading-worker-0/INFO] [quark-zeta/]: Constructing module Shiba...
[08May2026 01:14:14.071] [modloading-worker-0/INFO] [quark-zeta/]: Constructing module Shingles...
[08May2026 01:14:14.072] [modloading-worker-0/INFO] [quark-zeta/]: Constructing module Shulker Packing...
[08May2026 01:14:14.074] [modloading-worker-0/INFO] [quark-zeta/]: Constructing module Simple Harvest...
[08May2026 01:14:14.080] [modloading-worker-0/INFO] [quark-zeta/]: Constructing module Skull Pikes...
[08May2026 01:14:14.085] [modloading-worker-0/INFO] [quark-zeta/]: Constructing module Slabs To Blocks...
[08May2026 01:14:14.095] [modloading-worker-0/INFO] [quark-zeta/]: Constructing module Slime In A Bucket...
[08May2026 01:14:14.101] [modloading-worker-0/INFO] [quark-zeta/]: Constructing module Slimes To Magma Cubes...
[08May2026 01:14:14.107] [modloading-worker-0/INFO] [quark-zeta/]: Constructing module Snow Golem Player Heads...
[08May2026 01:14:14.107] [modloading-worker-0/INFO] [quark-zeta/]: Constructing module Soul Candles...
[08May2026 01:14:14.108] [modloading-worker-0/INFO] [quark-zeta/]: Constructing module Soul Sandstone...
[08May2026 01:14:14.108] [modloading-worker-0/INFO] [quark-zeta/]: Constructing module Spawner Replacer...
[08May2026 01:14:14.108] [modloading-worker-0/INFO] [quark-zeta/]: Constructing module Spiral Spires...
[08May2026 01:14:14.112] [modloading-worker-0/INFO] [quark-zeta/]: Constructing module Stonelings...
[08May2026 01:14:14.113] [modloading-worker-0/INFO] [quark-zeta/]: Constructing module Stools...
[08May2026 01:14:14.113] [modloading-worker-0/INFO] [quark-zeta/]: Constructing module Sturdy Stone...
[08May2026 01:14:14.116] [modloading-worker-0/INFO] [quark-zeta/]: Constructing module Thatch...
[08May2026 01:14:14.118] [modloading-worker-0/INFO] [quark-zeta/]: Constructing module Tiny Potato...
[08May2026 01:14:14.119] [modloading-worker-0/INFO] [quark-zeta/]: Constructing module Torch Arrow...
[08May2026 01:14:14.124] [modloading-worker-0/INFO] [quark-zeta/]: Constructing module Toretoise...
[08May2026 01:14:14.127] [modloading-worker-0/INFO] [quark-zeta/]: Constructing module Totem Of Holding...
[08May2026 01:14:14.130] [modloading-worker-0/INFO] [quark-zeta/]: Constructing module Trowel...
[08May2026 01:14:14.133] [modloading-worker-0/INFO] [quark-zeta/]: Constructing module Usage Ticker...
[08May2026 01:14:14.135] [modloading-worker-0/INFO] [quark-zeta/]: Constructing module Uses For Curses...
[08May2026 01:14:14.136] [modloading-worker-0/INFO] [quark-zeta/]: Constructing module Utility Recipes...
[08May2026 01:14:14.137] [modloading-worker-0/INFO] [quark-zeta/]: Constructing module Variant Animal Textures...
[08May2026 01:14:14.137] [modloading-worker-0/INFO] [quark-zeta/]: Constructing module Variant Bookshelves...
[08May2026 01:14:14.139] [modloading-worker-0/INFO] [quark-zeta/]: Constructing module Variant Chests...
[08May2026 01:14:14.156] [modloading-worker-0/INFO] [quark-zeta/]: Constructing module Variant Furnaces...
[08May2026 01:14:14.167] [modloading-worker-0/INFO] [quark-zeta/]: Constructing module Variant Ladders...
[08May2026 01:14:14.168] [modloading-worker-0/INFO] [quark-zeta/]: Constructing module Variant Selector...
[08May2026 01:14:14.178] [modloading-worker-0/INFO] [quark-zeta/]: Constructing module Vertical Planks...
[08May2026 01:14:14.180] [modloading-worker-0/INFO] [quark-zeta/]: Constructing module Vertical Slabs...
[08May2026 01:14:14.235] [modloading-worker-0/INFO] [quark-zeta/]: Constructing module Vexes Die With Their Masters...
[08May2026 01:14:14.237] [modloading-worker-0/INFO] [quark-zeta/]: Constructing module Villager Rerolling Rework...
[08May2026 01:14:14.238] [modloading-worker-0/INFO] [quark-zeta/]: Constructing module Villagers Follow Emeralds...
[08May2026 01:14:14.239] [modloading-worker-0/INFO] [quark-zeta/]: Constructing module Wooden Posts...
[08May2026 01:14:14.242] [modloading-worker-0/INFO] [quark-zeta/]: Constructing module Wool Shuts Up Minecarts...
[08May2026 01:14:14.246] [modloading-worker-0/INFO] [quark-zeta/]: Constructing module Wraith...
[08May2026 01:14:14.249] [modloading-worker-0/INFO] [quark-zeta/]: Constructing module Zombie Villagers On Normal...
[08May2026 01:14:14.252] [modloading-worker-0/INFO] [quark-zeta/]: Constructing module More Stone Variants...
[08May2026 01:14:14.252] [modloading-worker-0/INFO] [quark-zeta/]: Constructed 164 modules.
[08May2026 01:14:14.255] [modloading-worker-0/INFO] [be.florens.expandability.ExpandAbility/]: ExpandAbility here, who dis?
[08May2026 01:14:14.260] [modloading-worker-0/INFO] [mod.chiselsandbits.forge.Forge/]: Initialized Chisels&Bits - Forge
[08May2026 01:14:14.400] [modloading-worker-0/INFO] [quark-zeta/]: Doing super early config setup for quark
[08May2026 01:14:14.448] [modloading-worker-0/INFO] [mod.chiselsandbits.registrars.ModBlockEntityTypes/]: Loaded block entity configuration.
[08May2026 01:14:14.481] [modloading-worker-0/INFO] [mod.chiselsandbits.registrars.ModBlocks/]: Loaded block configuration.
[08May2026 01:14:14.490] [modloading-worker-0/INFO] [mod.chiselsandbits.registrars.ModChiselModeGroups/]: Loaded chisel mode group configuration.
[08May2026 01:14:14.778] [modloading-worker-0/INFO] [mixin/]: Mixing common.MixinServerStatus from mixins/common/nochatreports.mixins.json into net.minecraft.network.protocol.status.ServerStatus
[08May2026 01:14:15.014] [modloading-worker-0/INFO] [mod.chiselsandbits.registrars.ModChiselModes/]: Loaded chisel mode configuration.
[08May2026 01:14:15.015] [modloading-worker-0/INFO] [mod.chiselsandbits.registrars.ModContainerTypes/]: Loaded container type configuration.
[08May2026 01:14:15.017] [modloading-worker-0/INFO] [mod.chiselsandbits.registrars.ModCreativeTabs/]: Loaded item group configuration.
[08May2026 01:14:15.036] [modloading-worker-0/INFO] [mod.chiselsandbits.registrars.ModItems/]: Loaded item configuration.
[08May2026 01:14:15.039] [modloading-worker-0/INFO] [mod.chiselsandbits.registrars.ModMetadataKeys/]: Loaded metadata key configuration.
[08May2026 01:14:15.042] [modloading-worker-0/INFO] [mod.chiselsandbits.registrars.ModModelProperties/]: Loaded model property configuration.
[08May2026 01:14:15.045] [modloading-worker-0/INFO] [mod.chiselsandbits.registrars.ModModificationOperation/]: Loaded modification operation configuration.
[08May2026 01:14:15.046] [modloading-worker-0/INFO] [mod.chiselsandbits.registrars.ModModificationOperationGroups/]: Loaded modification operation group configuration.
[08May2026 01:14:15.053] [modloading-worker-0/INFO] [mod.chiselsandbits.registrars.ModPatternPlacementTypes/]: Loaded pattern placement type configuration.
[08May2026 01:14:15.054] [modloading-worker-0/INFO] [mod.chiselsandbits.registrars.ModRecipeSerializers/]: Loaded recipe serializer configuration.
[08May2026 01:14:15.055] [modloading-worker-0/INFO] [mod.chiselsandbits.registrars.ModTags/]: Loaded tag configuration.
[08May2026 01:14:15.055] [modloading-worker-0/INFO] [mod.chiselsandbits.registrars.ModRecipeTypes/]: Registering recipe types.
[08May2026 01:14:15.056] [modloading-worker-0/INFO] [mod.chiselsandbits.registrars.ModEventHandler/]: Registering event handlers
[08May2026 01:14:15.075] [modloading-worker-0/INFO] [mod.chiselsandbits.forge.platform.ForgePluginDiscoverer/]: Found and loaded ChiselsAndBits plugin: create
[08May2026 01:14:16.088] [main/INFO] [snownee.kiwi.Kiwi/INIT]: Module [snowrealmagic:core] initialized
[08May2026 01:14:16.090] [main/INFO] [snownee.kiwi.Kiwi/INIT]: 		block: 7, block_entity_type: 2, entity_type: 1, loot_pool_entry_type: 1
[08May2026 01:14:16.091] [main/INFO] [snownee.kiwi.Kiwi/INIT]: Module [kiwi:data] initialized
[08May2026 01:14:16.091] [main/INFO] [snownee.kiwi.Kiwi/INIT]: 		recipe_serializer: 3
[08May2026 01:14:16.399] [main/WARN] [net.minecraftforge.registries.ForgeRegistry/REGISTRIES]: Registry minecraft:sound_event: The object net.minecraft.sounds.SoundEvent@740e2f86 has been registered twice for the same name treechop:chop_wood.
[08May2026 01:14:17.811] [main/INFO] [Diagonal Blocks/]: Constructing shapes for ForgeDiagonalWallBlock[NodeWidth=0.0,ExtensionWidth=3.0,NodeTop=24.0,ExtensionBottom=0.0,ExtensionTop=24.0] took 38ms
[08May2026 01:14:17.911] [main/INFO] [Diagonal Blocks/]: Constructing shapes for ForgeDiagonalWallBlock[NodeWidth=0.0,ExtensionWidth=3.0,NodeTop=0.0,ExtensionBottom=0.0,ExtensionTop=14.0] took 95ms
[08May2026 01:14:18.030] [main/INFO] [Diagonal Blocks/]: Constructing shapes for ForgeDiagonalWallBlock[NodeWidth=4.0,ExtensionWidth=3.0,NodeTop=16.0,ExtensionBottom=0.0,ExtensionTop=14.0] took 110ms
[08May2026 01:14:18.068] [main/INFO] [Diagonal Blocks/]: Constructing shapes for ForgeDiagonalWallBlock[NodeWidth=4.0,ExtensionWidth=3.0,NodeTop=24.0,ExtensionBottom=0.0,ExtensionTop=24.0] took 38ms
[08May2026 01:14:18.123] [main/INFO] [Diagonal Blocks/]: Constructing shapes for ForgeDiagonalFenceBlock[NodeWidth=2.0,ExtensionWidth=2.0,NodeTop=24.0,ExtensionBottom=0.0,ExtensionTop=24.0] took 29ms
[08May2026 01:14:18.164] [main/INFO] [Diagonal Blocks/]: Constructing shapes for ForgeDiagonalFenceBlock[NodeWidth=2.0,ExtensionWidth=2.0,NodeTop=16.0,ExtensionBottom=0.0,ExtensionTop=16.0] took 40ms
[08May2026 01:14:18.270] [main/INFO] [Diagonal Blocks/]: Constructing shapes for ForgeDiagonalFenceBlock[NodeWidth=2.0,ExtensionWidth=1.0,NodeTop=16.0,ExtensionBottom=6.0,ExtensionTop=15.0] took 103ms
[08May2026 01:14:18.408] [main/INFO] [Diagonal Blocks/]: Constructing shapes for ForgeDiagonalGlassPaneBlock[NodeWidth=1.0,ExtensionWidth=1.0,NodeTop=16.0,ExtensionBottom=0.0,ExtensionTop=16.0] took 25ms
[08May2026 01:14:19.385] [main/ERROR] [net.minecraftforge.fml.loading.RuntimeDistCleaner/DISTXFORM]: Attempted to load class net/minecraft/client/renderer/RenderType for invalid dist DEDICATED_SERVER
[08May2026 01:14:19.386] [main/WARN] [Radium Class Analysis/]: Radium Class Analysis Error: Class net.darkhax.botanypots.block.BlockBotanyPot cannot be analysed, because getting declared methods crashes with RuntimeException: Attempted to load class net/minecraft/client/renderer/RenderType for invalid dist DEDICATED_SERVER. This is usually caused by modded entities declaring methods that have a return type or parameter type that is annotated with @OnlyIn(Dist.CLIENT). Loading the type is not possible, because it only exists in the CLIENT environment. The recommended fix is to annotate the method with this argument or return type with the same annotation. Lithium handles this error by assuming the class cannot be included in some optimizations.
[08May2026 01:14:19.387] [main/ERROR] [net.minecraftforge.fml.loading.RuntimeDistCleaner/DISTXFORM]: Attempted to load class net/minecraft/client/renderer/RenderType for invalid dist DEDICATED_SERVER
[08May2026 01:14:19.387] [main/WARN] [Radium Class Analysis/]: Radium Class Analysis Error: Class net.darkhax.botanypots.block.BlockBotanyPot cannot be analysed, because getting declared methods crashes with RuntimeException: Attempted to load class net/minecraft/client/renderer/RenderType for invalid dist DEDICATED_SERVER. This is usually caused by modded entities declaring methods that have a return type or parameter type that is annotated with @OnlyIn(Dist.CLIENT). Loading the type is not possible, because it only exists in the CLIENT environment. The recommended fix is to annotate the method with this argument or return type with the same annotation. Lithium handles this error by assuming the class cannot be included in some optimizations.
[08May2026 01:14:27.020] [main/WARN] [supermartijn642corelib/]: Could not find value 'formations:template_editor' in registry 'minecraft:item' for @RegistryEntryAcceptor!
[08May2026 01:14:27.738] [main/WARN] [dev.architectury.registry.registries.forge.RegistrarManagerImpl/]: Registry entry listened Registry Entry [minecraft:entity_type / zombie_variants:deep_dark_zombie] was not realized!
[08May2026 01:14:27.738] [main/WARN] [dev.architectury.registry.registries.forge.RegistrarManagerImpl/]: Registry entry listened Registry Entry [minecraft:entity_type / zombie_variants:jungle_zombie] was not realized!
[08May2026 01:14:27.738] [main/WARN] [dev.architectury.registry.registries.forge.RegistrarManagerImpl/]: Registry entry listened Registry Entry [minecraft:entity_type / zombie_variants:swamp_zombie] was not realized!
[08May2026 01:14:27.738] [main/WARN] [dev.architectury.registry.registries.forge.RegistrarManagerImpl/]: Registry entry listened Registry Entry [minecraft:entity_type / zombie_variants:bamboo_zombie] was not realized!
[08May2026 01:14:27.739] [main/WARN] [dev.architectury.registry.registries.forge.RegistrarManagerImpl/]: Registry entry listened Registry Entry [minecraft:entity_type / zombie_variants:cave_zombie] was not realized!
[08May2026 01:14:27.739] [main/WARN] [dev.architectury.registry.registries.forge.RegistrarManagerImpl/]: Registry entry listened Registry Entry [minecraft:entity_type / zombie_variants:desert_zombie] was not realized!
[08May2026 01:14:27.739] [main/WARN] [dev.architectury.registry.registries.forge.RegistrarManagerImpl/]: Registry entry listened Registry Entry [minecraft:entity_type / mca:female_zombie_villager] was not realized!
[08May2026 01:14:27.739] [main/WARN] [dev.architectury.registry.registries.forge.RegistrarManagerImpl/]: Registry entry listened Registry Entry [minecraft:entity_type / mca:male_zombie_villager] was not realized!
[08May2026 01:14:27.739] [main/WARN] [dev.architectury.registry.registries.forge.RegistrarManagerImpl/]: Registry entry listened Registry Entry [minecraft:entity_type / mca:male_villager] was not realized!
[08May2026 01:14:27.739] [main/WARN] [dev.architectury.registry.registries.forge.RegistrarManagerImpl/]: Registry entry listened Registry Entry [minecraft:entity_type / zombie_variants:frozen_zombie] was not realized!
[08May2026 01:14:27.739] [main/WARN] [dev.architectury.registry.registries.forge.RegistrarManagerImpl/]: Registry entry listened Registry Entry [minecraft:entity_type / zombie_variants:pale_garden_zombie] was not realized!
[08May2026 01:14:27.739] [main/WARN] [dev.architectury.registry.registries.forge.RegistrarManagerImpl/]: Registry entry listened Registry Entry [minecraft:entity_type / zombie_variants:badlands_zombie] was not realized!
[08May2026 01:14:27.740] [main/WARN] [dev.architectury.registry.registries.forge.RegistrarManagerImpl/]: Registry entry listened Registry Entry [minecraft:entity_type / zombie_variants:cherry_zombie] was not realized!
[08May2026 01:14:27.740] [main/WARN] [dev.architectury.registry.registries.forge.RegistrarManagerImpl/]: Registry entry listened Registry Entry [minecraft:entity_type / zombie_variants:mangrove_zombie] was not realized!
[08May2026 01:14:27.740] [main/WARN] [dev.architectury.registry.registries.forge.RegistrarManagerImpl/]: Registry entry listened Registry Entry [minecraft:entity_type / mca:female_villager] was not realized!
[08May2026 01:14:27.740] [main/WARN] [dev.architectury.registry.registries.forge.RegistrarManagerImpl/]: Registry entry listened Registry Entry [minecraft:entity_type / zombie_variants:lush_zombie] was not realized!
[08May2026 01:14:27.740] [main/WARN] [dev.architectury.registry.registries.forge.RegistrarManagerImpl/]: Registry entry listened Registry Entry [minecraft:entity_type / zombie_variants:mushroom_zombie] was not realized!
[08May2026 01:14:27.740] [main/WARN] [dev.architectury.registry.registries.forge.RegistrarManagerImpl/]: Registry entry listened Registry Entry [minecraft:entity_type / zombie_variants:dripstone_zombie] was not realized!
[08May2026 01:14:27.740] [main/WARN] [dev.architectury.registry.registries.forge.RegistrarManagerImpl/]: Registry entry listened Registry Entry [minecraft:entity_type / mca:grim_reaper] was not realized!
[08May2026 01:14:27.741] [main/WARN] [dev.architectury.registry.registries.forge.RegistrarManagerImpl/]: Registry entry listened Registry Entry [minecraft:entity_type / zombie_variants:savanna_zombie] was not realized!
[08May2026 01:14:27.922] [main/WARN] [dev.architectury.registry.registries.forge.RegistrarManagerImpl/]: Registry entry listened Registry Entry [minecraft:entity_type / zombie_variants:deep_dark_zombie] was not realized!
[08May2026 01:14:27.922] [main/WARN] [dev.architectury.registry.registries.forge.RegistrarManagerImpl/]: Registry entry listened Registry Entry [minecraft:entity_type / zombie_variants:jungle_zombie] was not realized!
[08May2026 01:14:27.922] [main/WARN] [dev.architectury.registry.registries.forge.RegistrarManagerImpl/]: Registry entry listened Registry Entry [minecraft:entity_type / zombie_variants:swamp_zombie] was not realized!
[08May2026 01:14:27.922] [main/WARN] [dev.architectury.registry.registries.forge.RegistrarManagerImpl/]: Registry entry listened Registry Entry [minecraft:entity_type / zombie_variants:bamboo_zombie] was not realized!
[08May2026 01:14:27.922] [main/WARN] [dev.architectury.registry.registries.forge.RegistrarManagerImpl/]: Registry entry listened Registry Entry [minecraft:entity_type / zombie_variants:cave_zombie] was not realized!
[08May2026 01:14:27.923] [main/WARN] [dev.architectury.registry.registries.forge.RegistrarManagerImpl/]: Registry entry listened Registry Entry [minecraft:entity_type / zombie_variants:desert_zombie] was not realized!
[08May2026 01:14:27.923] [main/WARN] [dev.architectury.registry.registries.forge.RegistrarManagerImpl/]: Registry entry listened Registry Entry [minecraft:entity_type / mca:female_zombie_villager] was not realized!
[08May2026 01:14:27.923] [main/WARN] [dev.architectury.registry.registries.forge.RegistrarManagerImpl/]: Registry entry listened Registry Entry [minecraft:entity_type / mca:male_zombie_villager] was not realized!
[08May2026 01:14:27.923] [main/WARN] [dev.architectury.registry.registries.forge.RegistrarManagerImpl/]: Registry entry listened Registry Entry [minecraft:entity_type / mca:male_villager] was not realized!
[08May2026 01:14:27.923] [main/WARN] [dev.architectury.registry.registries.forge.RegistrarManagerImpl/]: Registry entry listened Registry Entry [minecraft:entity_type / zombie_variants:frozen_zombie] was not realized!
[08May2026 01:14:27.923] [main/WARN] [dev.architectury.registry.registries.forge.RegistrarManagerImpl/]: Registry entry listened Registry Entry [minecraft:entity_type / zombie_variants:pale_garden_zombie] was not realized!
[08May2026 01:14:27.923] [main/WARN] [dev.architectury.registry.registries.forge.RegistrarManagerImpl/]: Registry entry listened Registry Entry [minecraft:entity_type / zombie_variants:badlands_zombie] was not realized!
[08May2026 01:14:27.923] [main/WARN] [dev.architectury.registry.registries.forge.RegistrarManagerImpl/]: Registry entry listened Registry Entry [minecraft:entity_type / zombie_variants:cherry_zombie] was not realized!
[08May2026 01:14:27.923] [main/WARN] [dev.architectury.registry.registries.forge.RegistrarManagerImpl/]: Registry entry listened Registry Entry [minecraft:entity_type / zombie_variants:mangrove_zombie] was not realized!
[08May2026 01:14:27.923] [main/WARN] [dev.architectury.registry.registries.forge.RegistrarManagerImpl/]: Registry entry listened Registry Entry [minecraft:entity_type / mca:female_villager] was not realized!
[08May2026 01:14:27.923] [main/WARN] [dev.architectury.registry.registries.forge.RegistrarManagerImpl/]: Registry entry listened Registry Entry [minecraft:entity_type / zombie_variants:lush_zombie] was not realized!
[08May2026 01:14:27.924] [main/WARN] [dev.architectury.registry.registries.forge.RegistrarManagerImpl/]: Registry entry listened Registry Entry [minecraft:entity_type / zombie_variants:mushroom_zombie] was not realized!
[08May2026 01:14:27.924] [main/WARN] [dev.architectury.registry.registries.forge.RegistrarManagerImpl/]: Registry entry listened Registry Entry [minecraft:entity_type / zombie_variants:dripstone_zombie] was not realized!
[08May2026 01:14:27.924] [main/WARN] [dev.architectury.registry.registries.forge.RegistrarManagerImpl/]: Registry entry listened Registry Entry [minecraft:entity_type / mca:grim_reaper] was not realized!
[08May2026 01:14:27.924] [main/WARN] [dev.architectury.registry.registries.forge.RegistrarManagerImpl/]: Registry entry listened Registry Entry [minecraft:entity_type / zombie_variants:savanna_zombie] was not realized!
[08May2026 01:14:28.824] [main/WARN] [dev.architectury.registry.registries.forge.RegistrarManagerImpl/]: Registry entry listened Registry Entry [minecraft:entity_type / zombie_variants:deep_dark_zombie] was not realized!
[08May2026 01:14:28.825] [main/WARN] [dev.architectury.registry.registries.forge.RegistrarManagerImpl/]: Registry entry listened Registry Entry [minecraft:entity_type / zombie_variants:jungle_zombie] was not realized!
[08May2026 01:14:28.825] [main/WARN] [dev.architectury.registry.registries.forge.RegistrarManagerImpl/]: Registry entry listened Registry Entry [minecraft:entity_type / zombie_variants:swamp_zombie] was not realized!
[08May2026 01:14:28.825] [main/WARN] [dev.architectury.registry.registries.forge.RegistrarManagerImpl/]: Registry entry listened Registry Entry [minecraft:entity_type / zombie_variants:bamboo_zombie] was not realized!
[08May2026 01:14:28.825] [main/WARN] [dev.architectury.registry.registries.forge.RegistrarManagerImpl/]: Registry entry listened Registry Entry [minecraft:entity_type / zombie_variants:cave_zombie] was not realized!
[08May2026 01:14:28.825] [main/WARN] [dev.architectury.registry.registries.forge.RegistrarManagerImpl/]: Registry entry listened Registry Entry [minecraft:entity_type / zombie_variants:desert_zombie] was not realized!
[08May2026 01:14:28.825] [main/WARN] [dev.architectury.registry.registries.forge.RegistrarManagerImpl/]: Registry entry listened Registry Entry [minecraft:entity_type / mca:female_zombie_villager] was not realized!
[08May2026 01:14:28.825] [main/WARN] [dev.architectury.registry.registries.forge.RegistrarManagerImpl/]: Registry entry listened Registry Entry [minecraft:entity_type / mca:male_zombie_villager] was not realized!
[08May2026 01:14:28.825] [main/WARN] [dev.architectury.registry.registries.forge.RegistrarManagerImpl/]: Registry entry listened Registry Entry [minecraft:entity_type / mca:male_villager] was not realized!
[08May2026 01:14:28.825] [main/WARN] [dev.architectury.registry.registries.forge.RegistrarManagerImpl/]: Registry entry listened Registry Entry [minecraft:entity_type / zombie_variants:frozen_zombie] was not realized!
[08May2026 01:14:28.825] [main/WARN] [dev.architectury.registry.registries.forge.RegistrarManagerImpl/]: Registry entry listened Registry Entry [minecraft:entity_type / zombie_variants:pale_garden_zombie] was not realized!
[08May2026 01:14:28.825] [main/WARN] [dev.architectury.registry.registries.forge.RegistrarManagerImpl/]: Registry entry listened Registry Entry [minecraft:entity_type / zombie_variants:badlands_zombie] was not realized!
[08May2026 01:14:28.825] [main/WARN] [dev.architectury.registry.registries.forge.RegistrarManagerImpl/]: Registry entry listened Registry Entry [minecraft:entity_type / zombie_variants:cherry_zombie] was not realized!
[08May2026 01:14:28.825] [main/WARN] [dev.architectury.registry.registries.forge.RegistrarManagerImpl/]: Registry entry listened Registry Entry [minecraft:entity_type / zombie_variants:mangrove_zombie] was not realized!
[08May2026 01:14:28.826] [main/WARN] [dev.architectury.registry.registries.forge.RegistrarManagerImpl/]: Registry entry listened Registry Entry [minecraft:entity_type / mca:female_villager] was not realized!
[08May2026 01:14:28.826] [main/WARN] [dev.architectury.registry.registries.forge.RegistrarManagerImpl/]: Registry entry listened Registry Entry [minecraft:entity_type / zombie_variants:lush_zombie] was not realized!
[08May2026 01:14:28.826] [main/WARN] [dev.architectury.registry.registries.forge.RegistrarManagerImpl/]: Registry entry listened Registry Entry [minecraft:entity_type / zombie_variants:mushroom_zombie] was not realized!
[08May2026 01:14:28.826] [main/WARN] [dev.architectury.registry.registries.forge.RegistrarManagerImpl/]: Registry entry listened Registry Entry [minecraft:entity_type / zombie_variants:dripstone_zombie] was not realized!
[08May2026 01:14:28.826] [main/WARN] [dev.architectury.registry.registries.forge.RegistrarManagerImpl/]: Registry entry listened Registry Entry [minecraft:entity_type / mca:grim_reaper] was not realized!
[08May2026 01:14:28.826] [main/WARN] [dev.architectury.registry.registries.forge.RegistrarManagerImpl/]: Registry entry listened Registry Entry [minecraft:entity_type / zombie_variants:savanna_zombie] was not realized!
[08May2026 01:14:28.827] [main/WARN] [dev.architectury.registry.registries.forge.RegistrarManagerImpl/]: Registry entry listened Registry Entry [minecraft:entity_type / zombie_variants:deep_dark_zombie] was not realized!
[08May2026 01:14:28.827] [main/WARN] [dev.architectury.registry.registries.forge.RegistrarManagerImpl/]: Registry entry listened Registry Entry [minecraft:entity_type / zombie_variants:jungle_zombie] was not realized!
[08May2026 01:14:28.827] [main/WARN] [dev.architectury.registry.registries.forge.RegistrarManagerImpl/]: Registry entry listened Registry Entry [minecraft:entity_type / zombie_variants:swamp_zombie] was not realized!
[08May2026 01:14:28.827] [main/WARN] [dev.architectury.registry.registries.forge.RegistrarManagerImpl/]: Registry entry listened Registry Entry [minecraft:entity_type / zombie_variants:bamboo_zombie] was not realized!
[08May2026 01:14:28.827] [main/WARN] [dev.architectury.registry.registries.forge.RegistrarManagerImpl/]: Registry entry listened Registry Entry [minecraft:entity_type / zombie_variants:cave_zombie] was not realized!
[08May2026 01:14:28.827] [main/WARN] [dev.architectury.registry.registries.forge.RegistrarManagerImpl/]: Registry entry listened Registry Entry [minecraft:entity_type / zombie_variants:desert_zombie] was not realized!
[08May2026 01:14:28.827] [main/WARN] [dev.architectury.registry.registries.forge.RegistrarManagerImpl/]: Registry entry listened Registry Entry [minecraft:entity_type / zombie_variants:frozen_zombie] was not realized!
[08May2026 01:14:28.827] [main/WARN] [dev.architectury.registry.registries.forge.RegistrarManagerImpl/]: Registry entry listened Registry Entry [minecraft:entity_type / zombie_variants:pale_garden_zombie] was not realized!
[08May2026 01:14:28.827] [main/WARN] [dev.architectury.registry.registries.forge.RegistrarManagerImpl/]: Registry entry listened Registry Entry [minecraft:entity_type / zombie_variants:badlands_zombie] was not realized!
[08May2026 01:14:28.827] [main/WARN] [dev.architectury.registry.registries.forge.RegistrarManagerImpl/]: Registry entry listened Registry Entry [minecraft:entity_type / zombie_variants:cherry_zombie] was not realized!
[08May2026 01:14:28.827] [main/WARN] [dev.architectury.registry.registries.forge.RegistrarManagerImpl/]: Registry entry listened Registry Entry [minecraft:entity_type / zombie_variants:mangrove_zombie] was not realized!
[08May2026 01:14:28.827] [main/WARN] [dev.architectury.registry.registries.forge.RegistrarManagerImpl/]: Registry entry listened Registry Entry [minecraft:entity_type / zombie_variants:lush_zombie] was not realized!
[08May2026 01:14:28.827] [main/WARN] [dev.architectury.registry.registries.forge.RegistrarManagerImpl/]: Registry entry listened Registry Entry [minecraft:entity_type / zombie_variants:mushroom_zombie] was not realized!
[08May2026 01:14:28.827] [main/WARN] [dev.architectury.registry.registries.forge.RegistrarManagerImpl/]: Registry entry listened Registry Entry [minecraft:entity_type / zombie_variants:dripstone_zombie] was not realized!
[08May2026 01:14:28.827] [main/WARN] [dev.architectury.registry.registries.forge.RegistrarManagerImpl/]: Registry entry listened Registry Entry [minecraft:entity_type / zombie_variants:savanna_zombie] was not realized!
[08May2026 01:14:29.125] [main/INFO] [Moonlight/]: Initialized block sets in 87ms
[08May2026 01:14:30.813] [main/INFO] [ModdingLegacy/StructureGel/]: [structure_gel] Registering data for structure_gel:loot_table_alias
[08May2026 01:14:30.825] [main/INFO] [ModdingLegacy/StructureGel/]: [structure_gel] Registering data for structure_gel:data_handler_type
[08May2026 01:14:30.826] [main/INFO] [ModdingLegacy/StructureGel/]: [structure_gel] Registering data for structure_gel:dynamic_spawner
[08May2026 01:14:30.828] [main/INFO] [ModdingLegacy/StructureGel/]: [structure_gel] Registering data for structure_gel:jigsaw_type
[08May2026 01:14:30.929] [main/WARN] [net.minecraftforge.registries.ForgeRegistry/REGISTRIES]: Registry forge:global_loot_modifier_serializers: The object RecordCodec[UnitDecoder[vectorwing.farmersdelight.common.loot.modifier.AddItemModifier$$Lambda$47380/0x00007cf86099c390@1732e63f] * Field[conditions: passthrough[flatXmapped]] * Field[item: net.minecraftforge.registries.ForgeRegistry$RegistryCodec@6167cd29] * OptionalFieldCodec[count: Int][xmapped]] has been registered twice for the same name farmersdelight:add_item.
[08May2026 01:14:30.929] [main/WARN] [net.minecraftforge.registries.ForgeRegistry/REGISTRIES]: Registry forge:global_loot_modifier_serializers: The object RecordCodec[UnitDecoder[vectorwing.farmersdelight.common.loot.modifier.ReplaceItemModifier$$Lambda$47385/0x00007cf86099ced0@72341c56] * Field[conditions: passthrough[flatXmapped]] * Field[removed_item: net.minecraftforge.registries.ForgeRegistry$RegistryCodec@6167cd29] * Field[added_item: net.minecraftforge.registries.ForgeRegistry$RegistryCodec@6167cd29] * OptionalFieldCodec[count: Int][xmapped]] has been registered twice for the same name farmersdelight:replace_item.
[08May2026 01:14:30.929] [main/WARN] [net.minecraftforge.registries.ForgeRegistry/REGISTRIES]: Registry forge:global_loot_modifier_serializers: The object RecordCodec[UnitDecoder[vectorwing.farmersdelight.common.loot.modifier.AddLootTableModifier$$Lambda$47388/0x00007cf86099d5a0@793b9fcb] * Field[conditions: passthrough[flatXmapped]] * Field[lootTable: String[comapFlatMapped]]] has been registered twice for the same name farmersdelight:add_loot_table.
[08May2026 01:14:30.929] [main/WARN] [net.minecraftforge.registries.ForgeRegistry/REGISTRIES]: Registry forge:global_loot_modifier_serializers: The object RecordCodec[UnitDecoder[vectorwing.farmersdelight.common.loot.modifier.PastrySlicingModifier$$Lambda$47391/0x00007cf86099dc50@79b89dcd] * Field[conditions: passthrough[flatXmapped]] * Field[slice: net.minecraftforge.registries.ForgeRegistry$RegistryCodec@6167cd29]] has been registered twice for the same name farmersdelight:pastry_slicing.
[08May2026 01:14:31.254] [main/WARN] [net.minecraft.network.syncher.SynchedEntityData/]: defineId called for: class forge.net.mca.entity.VillagerEntityMCA from class forge.net.mca.util.network.datasync.CDataParameter
[08May2026 01:14:31.254] [main/WARN] [net.minecraft.network.syncher.SynchedEntityData/]: defineId called for: class forge.net.mca.entity.VillagerEntityMCA from class forge.net.mca.util.network.datasync.CDataParameter
[08May2026 01:14:31.254] [main/WARN] [net.minecraft.network.syncher.SynchedEntityData/]: defineId called for: class forge.net.mca.entity.VillagerEntityMCA from class forge.net.mca.util.network.datasync.CDataParameter
[08May2026 01:14:31.254] [main/WARN] [net.minecraft.network.syncher.SynchedEntityData/]: defineId called for: class forge.net.mca.entity.VillagerEntityMCA from class forge.net.mca.util.network.datasync.CDataParameter
[08May2026 01:14:31.254] [main/WARN] [net.minecraft.network.syncher.SynchedEntityData/]: defineId called for: class forge.net.mca.entity.VillagerEntityMCA from class forge.net.mca.util.network.datasync.CDataParameter
[08May2026 01:14:31.254] [main/WARN] [net.minecraft.network.syncher.SynchedEntityData/]: defineId called for: class forge.net.mca.entity.VillagerEntityMCA from class forge.net.mca.util.network.datasync.CDataParameter
[08May2026 01:14:31.254] [main/WARN] [net.minecraft.network.syncher.SynchedEntityData/]: defineId called for: class forge.net.mca.entity.VillagerEntityMCA from class forge.net.mca.util.network.datasync.CDataParameter
[08May2026 01:14:31.254] [main/WARN] [net.minecraft.network.syncher.SynchedEntityData/]: defineId called for: class forge.net.mca.entity.VillagerEntityMCA from class forge.net.mca.util.network.datasync.CEnumParameter
[08May2026 01:14:31.256] [main/WARN] [net.minecraft.network.syncher.SynchedEntityData/]: defineId called for: class forge.net.mca.entity.VillagerEntityMCA from class forge.net.mca.util.network.datasync.CDataParameter
[08May2026 01:14:31.256] [main/WARN] [net.minecraft.network.syncher.SynchedEntityData/]: defineId called for: class forge.net.mca.entity.VillagerEntityMCA from class forge.net.mca.util.network.datasync.CDataParameter
[08May2026 01:14:31.257] [main/WARN] [net.minecraft.network.syncher.SynchedEntityData/]: defineId called for: class forge.net.mca.entity.VillagerEntityMCA from class forge.net.mca.util.network.datasync.CDataParameter
[08May2026 01:14:31.257] [main/WARN] [net.minecraft.network.syncher.SynchedEntityData/]: defineId called for: class forge.net.mca.entity.VillagerEntityMCA from class forge.net.mca.util.network.datasync.CDataParameter
[08May2026 01:14:31.257] [main/WARN] [net.minecraft.network.syncher.SynchedEntityData/]: defineId called for: class forge.net.mca.entity.VillagerEntityMCA from class forge.net.mca.util.network.datasync.CDataParameter
[08May2026 01:14:31.257] [main/WARN] [net.minecraft.network.syncher.SynchedEntityData/]: defineId called for: class forge.net.mca.entity.VillagerEntityMCA from class forge.net.mca.util.network.datasync.CDataParameter
[08May2026 01:14:31.257] [main/WARN] [net.minecraft.network.syncher.SynchedEntityData/]: defineId called for: class forge.net.mca.entity.VillagerEntityMCA from class forge.net.mca.util.network.datasync.CDataParameter
[08May2026 01:14:31.257] [main/WARN] [net.minecraft.network.syncher.SynchedEntityData/]: defineId called for: class forge.net.mca.entity.VillagerEntityMCA from class forge.net.mca.util.network.datasync.CDataParameter
[08May2026 01:14:31.257] [main/WARN] [net.minecraft.network.syncher.SynchedEntityData/]: defineId called for: class forge.net.mca.entity.VillagerEntityMCA from class forge.net.mca.util.network.datasync.CDataParameter
[08May2026 01:14:31.258] [main/WARN] [net.minecraft.network.syncher.SynchedEntityData/]: defineId called for: class forge.net.mca.entity.VillagerEntityMCA from class forge.net.mca.util.network.datasync.CDataParameter
[08May2026 01:14:31.258] [main/WARN] [net.minecraft.network.syncher.SynchedEntityData/]: defineId called for: class forge.net.mca.entity.VillagerEntityMCA from class forge.net.mca.util.network.datasync.CDataParameter
[08May2026 01:14:31.258] [main/WARN] [net.minecraft.network.syncher.SynchedEntityData/]: defineId called for: class forge.net.mca.entity.VillagerEntityMCA from class forge.net.mca.util.network.datasync.CEnumParameter
[08May2026 01:14:31.258] [main/WARN] [net.minecraft.network.syncher.SynchedEntityData/]: defineId called for: class forge.net.mca.entity.VillagerEntityMCA from class forge.net.mca.util.network.datasync.CDataParameter
[08May2026 01:14:31.262] [main/WARN] [net.minecraft.network.syncher.SynchedEntityData/]: defineId called for: class forge.net.mca.entity.VillagerEntityMCA from class forge.net.mca.util.network.datasync.CDataParameter
[08May2026 01:14:31.262] [main/WARN] [net.minecraft.network.syncher.SynchedEntityData/]: defineId called for: class forge.net.mca.entity.VillagerEntityMCA from class forge.net.mca.util.network.datasync.CEnumParameter
[08May2026 01:14:31.263] [main/WARN] [net.minecraft.network.syncher.SynchedEntityData/]: defineId called for: class forge.net.mca.entity.VillagerEntityMCA from class forge.net.mca.util.network.datasync.CDataParameter
[08May2026 01:14:31.263] [main/WARN] [net.minecraft.network.syncher.SynchedEntityData/]: defineId called for: class forge.net.mca.entity.VillagerEntityMCA from class forge.net.mca.util.network.datasync.CEnumParameter
[08May2026 01:14:31.263] [main/WARN] [net.minecraft.network.syncher.SynchedEntityData/]: defineId called for: class forge.net.mca.entity.VillagerEntityMCA from class forge.net.mca.util.network.datasync.CEnumParameter
[08May2026 01:14:31.263] [main/WARN] [net.minecraft.network.syncher.SynchedEntityData/]: defineId called for: class forge.net.mca.entity.VillagerEntityMCA from class forge.net.mca.util.network.datasync.CDataParameter
[08May2026 01:14:31.263] [main/WARN] [net.minecraft.network.syncher.SynchedEntityData/]: defineId called for: class forge.net.mca.entity.VillagerEntityMCA from class forge.net.mca.util.network.datasync.CDataParameter
[08May2026 01:14:31.263] [main/WARN] [net.minecraft.network.syncher.SynchedEntityData/]: defineId called for: class forge.net.mca.entity.VillagerEntityMCA from class forge.net.mca.util.network.datasync.CDataParameter
[08May2026 01:14:31.263] [main/WARN] [net.minecraft.network.syncher.SynchedEntityData/]: defineId called for: class forge.net.mca.entity.VillagerEntityMCA from class forge.net.mca.util.network.datasync.CDataParameter
[08May2026 01:14:31.263] [main/WARN] [net.minecraft.network.syncher.SynchedEntityData/]: defineId called for: class forge.net.mca.entity.VillagerEntityMCA from class forge.net.mca.util.network.datasync.CDataParameter
[08May2026 01:14:31.266] [main/WARN] [net.minecraft.network.syncher.SynchedEntityData/]: defineId called for: class forge.net.mca.entity.VillagerEntityMCA from class forge.net.mca.util.network.datasync.CDataParameter
[08May2026 01:14:31.271] [main/WARN] [net.minecraft.network.syncher.SynchedEntityData/]: defineId called for: class forge.net.mca.entity.VillagerEntityMCA from class forge.net.mca.util.network.datasync.CDataParameter
[08May2026 01:14:31.271] [main/WARN] [net.minecraft.network.syncher.SynchedEntityData/]: defineId called for: class forge.net.mca.entity.VillagerEntityMCA from class forge.net.mca.util.network.datasync.CDataParameter
[08May2026 01:14:31.272] [main/WARN] [net.minecraft.network.syncher.SynchedEntityData/]: defineId called for: class forge.net.mca.entity.VillagerEntityMCA from class forge.net.mca.util.network.datasync.CDataParameter
[08May2026 01:14:31.272] [main/WARN] [net.minecraft.network.syncher.SynchedEntityData/]: defineId called for: class forge.net.mca.entity.VillagerEntityMCA from class forge.net.mca.util.network.datasync.CDataParameter
[08May2026 01:14:31.273] [main/WARN] [net.minecraft.network.syncher.SynchedEntityData/]: defineId called for: class forge.net.mca.entity.VillagerEntityMCA from class forge.net.mca.util.network.datasync.CDataParameter
[08May2026 01:14:31.273] [main/WARN] [net.minecraft.network.syncher.SynchedEntityData/]: defineId called for: class forge.net.mca.entity.GrimReaperEntity from class forge.net.mca.util.network.datasync.CEnumParameter
[08May2026 01:14:31.284] [main/WARN] [net.minecraft.network.syncher.SynchedEntityData/]: defineId called for: class com.github.alexmodguy.alexscaves.server.entity.living.TremorzillaEntity from class com.github.alexmodguy.alexscaves.server.entity.living.LicowitchEntity
[08May2026 01:14:31.605] [main/INFO] [Puzzles Lib/]: Loading common config for mutantmonsters
[08May2026 01:14:31.799] [main/INFO] [Spartan Shields/]: Loading config spartanshields-common.toml
[08May2026 01:14:31.815] [main/INFO] [Puzzles Lib/]: Loading common config for stoneworks
[08May2026 01:14:31.894] [main/INFO] [Spartan Weaponry/]: Updating config settings!
[08May2026 01:14:32.092] [modloading-worker-0/INFO] [com.clickadv.ClickAdvancements/]: clickadv mod initialized
[08May2026 01:14:32.187] [modloading-worker-0/INFO] [me.steinborn.krypton.mod.shared.Krypton/]: Compression will use libdeflate (Linux x86_64), encryption will use OpenSSL 3.0.x (Linux x86_64)
[08May2026 01:14:32.397] [modloading-worker-0/INFO] [com.structureessentials.StructureEssentials/]: structureessentials mod initialized
[08May2026 01:14:32.399] [modloading-worker-0/INFO] [com.lootintegrations.LootintegrationsMod/]: lootintegrations mod initialized
[08May2026 01:14:32.430] [Modding Legacy/conjurer_illager/Supporters thread/INFO] [ModdingLegacy/conjurer_illager/Supporter/]: Attempting to load the Modding Legacy supporters list from https://moddinglegacy.com/supporters-changelogs/supporters.txt
[08May2026 01:14:32.447] [modloading-worker-0/INFO] [STDOUT/]: [toni.lib.TxniLib:onInitialize:75]: TxniLib onInitialize!
[08May2026 01:14:32.454] [modloading-worker-0/INFO] [Spartan Shields/]: Setting up Spartan Shields!
[08May2026 01:14:32.469] [modloading-worker-0/WARN] [net.minecraftforge.common.ForgeConfigSpec/CORE]: Configuration file /workspaces/effective-couscous/servidor_minecraft/config/storagenetwork.toml is not correct. Correcting
[08May2026 01:14:32.469] [modloading-worker-0/WARN] [net.minecraftforge.common.ForgeConfigSpec/CORE]: Incorrect key storagenetwork.facades.itemsNotAllowed was corrected from [minecraft:ladder, minecraft:double_plant, minecraft:waterlily, minecraft:torch, minecraft:*_torch, minecraft:redstone, minecraft:iron_bars, minecraft:chest, minecraft:ender_chest, minecraft:sculk_vein, minecraft:string, minecraft:vine, minecraft:rail, minecraft:*_rail, minecraft:brewing_stand, minecraft:*_dripleaf, minecraft:*_pane, minecraft:*_sapling, minecraft:*_sign, minecraft:*_door, minecraft:*_banner, minecraft:*_shulker_box, cyclic:*_pipe, cyclic:*_bars, storagenetwork:*] to its default, [minecraft:ladder, minecraft:double_plant, minecraft:waterlily, minecraft:torch, minecraft:*_torch, minecraft:redstone, minecraft:iron_bars, minecraft:chest, minecraft:ender_chest, minecraft:sculk_vein, minecraft:string, minecraft:vine, minecraft:rail, minecraft:*_rail, minecraft:brewing_stand, minecraft:*_dripleaf, minecraft:*_pane, minecraft:*_sapling, minecraft:*_sign, minecraft:*_door, minecraft:*_banner, minecraft:*_shulker_box, cyclic:*_pipe, cyclic:*_bars, storagenetwork:*]. 
[08May2026 01:14:32.495] [modloading-worker-0/INFO] [bagus_lib/]: Load Bagus Lib Supporter
[08May2026 01:14:32.520] [modloading-worker-0/INFO] [terrablender/]: Registered region minecraft:overworld to index 0 for type OVERWORLD
[08May2026 01:14:32.520] [modloading-worker-0/INFO] [terrablender/]: Registered region minecraft:nether to index 0 for type NETHER
[08May2026 01:14:32.521] [modloading-worker-0/INFO] [terrablender/]: Registered region aether:the_aether to index 0 for type THE_AETHER
[08May2026 01:14:32.521] [modloading-worker-0/INFO] [terrablender/]: Registered region vanillabackport:overworld to index 1 for type OVERWORLD
[08May2026 01:14:32.543] [Modding Legacy/conjurer_illager/Supporters thread/INFO] [ModdingLegacy/conjurer_illager/Supporter/]: Successfully loaded the Modding Legacy supporters list.
[08May2026 01:14:32.553] [Forge Version Check/INFO] [net.minecraftforge.fml.VersionChecker/]: [forgeendertech] Starting version check at https://forge.curseupdate.com/244844/forgeendertech
[08May2026 01:14:32.556] [modloading-worker-0/INFO] [com.chunksending.ChunkSending/]: chunksending mod initialized
[08May2026 01:14:32.564] [modloading-worker-0/INFO] [com.recipeessentials.RecipeEssentials/]: recipeessentials mod initialized
[08May2026 01:14:32.578] [modloading-worker-0/INFO] [STDOUT/]: [teamrazor.aeroblender.Aeroblender:commonSetup:41]: THE_AETHER
[08May2026 01:14:32.578] [modloading-worker-0/INFO] [STDOUT/]: [teamrazor.aeroblender.Aeroblender:commonSetup:42]: [OVERWORLD, NETHER, THE_AETHER]
[08May2026 01:14:32.579] [modloading-worker-0/INFO] [STDOUT/]: [teamrazor.aeroblender.Aeroblender:commonSetup:43]: THE_AETHER
[08May2026 01:14:32.579] [modloading-worker-0/INFO] [STDOUT/]: [teamrazor.aeroblender.Aeroblender:commonSetup:45]: THE_AETHER
[08May2026 01:14:32.581] [modloading-worker-0/INFO] [STDOUT/]: [teamrazor.aeroblender.Aeroblender:commonSetup:46]: [OVERWORLD, NETHER, THE_AETHER]
[08May2026 01:14:32.581] [modloading-worker-0/INFO] [STDOUT/]: [teamrazor.aeroblender.Aeroblender:commonSetup:47]: THE_AETHER
[08May2026 01:14:32.581] [modloading-worker-0/INFO] [com.connectivity.Connectivity/]: Connectivity initialized
[08May2026 01:14:32.633] [Forge Version Check/INFO] [net.minecraftforge.fml.VersionChecker/]: [forgeendertech] Found status: UP_TO_DATE Current: 11.1.10.0 Target: null
[08May2026 01:14:32.633] [Forge Version Check/INFO] [net.minecraftforge.fml.VersionChecker/]: [minetraps] Starting version check at https://raw.githubusercontent.com/XxRexRaptorxX/Update-Checker/main/MineTraps.json
[08May2026 01:14:32.648] [modloading-worker-0/INFO] [Spartan Weaponry/]: Setting up Spartan Weaponry!
[08May2026 01:14:32.670] [modloading-worker-0/INFO] [com.limitedchunks.LimitedChunks/]: Limited chunkloading initialized
[08May2026 01:14:32.688] [modloading-worker-0/INFO] [Dungeon Crawl/]: Common Setup
[08May2026 01:14:32.714] [Forge Version Check/INFO] [net.minecraftforge.fml.VersionChecker/]: [minetraps] Found status: UP_TO_DATE Current: 2.3.0a Target: null
[08May2026 01:14:32.714] [Forge Version Check/INFO] [net.minecraftforge.fml.VersionChecker/]: [structure_gel] Starting version check at http://changelogs.moddinglegacy.com/structure-gel.json
[08May2026 01:14:32.883] [Forge Version Check/INFO] [net.minecraftforge.fml.VersionChecker/]: [structure_gel] Found status: BETA Current: 2.16.2 Target: null
[08May2026 01:14:32.883] [Forge Version Check/INFO] [net.minecraftforge.fml.VersionChecker/]: [tinyskeletons] Starting version check at https://raw.githubusercontent.com/Fuzss/modresources/main/update/tinyskeletons.json
[08May2026 01:14:32.898] [Forge Version Check/INFO] [net.minecraftforge.fml.VersionChecker/]: [tinyskeletons] Found status: UP_TO_DATE Current: 8.0.1 Target: null
[08May2026 01:14:32.898] [Forge Version Check/INFO] [net.minecraftforge.fml.VersionChecker/]: [highlighter] Starting version check at https://mc-update-check.anthonyhilyard.com/521590
[08May2026 01:14:33.149] [Forge Version Check/INFO] [net.minecraftforge.fml.VersionChecker/]: [highlighter] Found status: UP_TO_DATE Current: 1.1.9 Target: null
[08May2026 01:14:33.150] [Forge Version Check/INFO] [net.minecraftforge.fml.VersionChecker/]: [echochest] Starting version check at https://raw.githubusercontent.com/Fuzss/modresources/main/update/echochest.json
[08May2026 01:14:33.159] [Forge Version Check/INFO] [net.minecraftforge.fml.VersionChecker/]: [echochest] Found status: UP_TO_DATE Current: 8.0.0 Target: null
[08May2026 01:14:33.159] [Forge Version Check/INFO] [net.minecraftforge.fml.VersionChecker/]: [advancednetherite] Starting version check at https://raw.githubusercontent.com/Autovw/ModUpdates/master/advancednetherite/update.json
[08May2026 01:14:33.170] [Forge Version Check/INFO] [net.minecraftforge.fml.VersionChecker/]: [advancednetherite] Found status: BETA Current: 2.1.3 Target: 2.1.3
[08May2026 01:14:33.170] [Forge Version Check/INFO] [net.minecraftforge.fml.VersionChecker/]: [mr_dungeons_andtaverns] Starting version check at https://api.modrinth.com/updates/tpehi7ww/forge_updates.json
[08May2026 01:14:33.322] [Forge Version Check/INFO] [net.minecraftforge.fml.VersionChecker/]: [mr_dungeons_andtaverns] Found status: OUTDATED Current: 3.0.3.f Target: 3.0.3.f+mod
[08May2026 01:14:33.322] [Forge Version Check/INFO] [net.minecraftforge.fml.VersionChecker/]: [tombstone] Starting version check at https://raw.githubusercontent.com/Corail31/tombstone_lite/master/update.json
[08May2026 01:14:33.332] [Forge Version Check/INFO] [net.minecraftforge.fml.VersionChecker/]: [tombstone] Found status: OUTDATED Current: 9.0.9 Target: 9.0.10
[08May2026 01:14:33.333] [Forge Version Check/INFO] [net.minecraftforge.fml.VersionChecker/]: [cumulus_menus] Starting version check at https://github.com/The-Aether-Team/Cumulus/raw/1.20.1-develop/update.json
[08May2026 01:14:33.419] [Forge Version Check/INFO] [net.minecraftforge.fml.VersionChecker/]: [cumulus_menus] Found status: UP_TO_DATE Current: 1.20.1-1.0.1-neoforge Target: null
[08May2026 01:14:33.420] [Forge Version Check/INFO] [net.minecraftforge.fml.VersionChecker/]: [mcwroofs] Starting version check at https://raw.githubusercontent.com/sketchmacaw/macawsmods/master/roofs.json
[08May2026 01:14:33.434] [Forge Version Check/INFO] [net.minecraftforge.fml.VersionChecker/]: [mcwroofs] Found status: UP_TO_DATE Current: 2.3.2 Target: null
[08May2026 01:14:33.434] [Forge Version Check/INFO] [net.minecraftforge.fml.VersionChecker/]: [cfm] Starting version check at https://mrcrayfish.com/modupdatejson?id=cfm
[08May2026 01:14:33.476] [main/WARN] [mixin/]: Method overwrite conflict for m_140184_ in lithium.mixins.json:world.player_chunk_tick.ThreadedAnvilChunkStorageMixin, previously written by me.steinborn.krypton.mixin.shared.network.flushconsolidation.ThreadedAnvilChunkStorageMixin. Skipping method.
[08May2026 01:14:33.527] [main/WARN] [AllTheLeaks/]: Failed to get VarHandle for class class com.github.alexthe666.citadel.server.world.CitadelServerData with field dataMap and type interface java.util.Map
[08May2026 01:14:33.528] [main/ERROR] [AllTheLeaks/]: Failed to instantiate constructor.
java.lang.ExceptionInInitializerError: null
	at java.lang.Class.forName0(Native Method) ~[?:?]
	at java.lang.Class.forName(Class.java:377) ~[?:?]
	at dev.uncandango.alltheleaks.leaks.IssueManager.lambda$initiateIssues$3(IssueManager.java:166) ~[alltheleaks-1.1.1+1.20.1-forge.jar%23456!/:1.1.1+1.20.1-forge]
	at java.util.ArrayList.forEach(ArrayList.java:1511) ~[?:?]
	at dev.uncandango.alltheleaks.leaks.IssueManager.initiateIssues(IssueManager.java:164) ~[alltheleaks-1.1.1+1.20.1-forge.jar%23456!/:1.1.1+1.20.1-forge]
	at java.util.concurrent.CompletableFuture$AsyncRun.run(CompletableFuture.java:1804) ~[?:?]
	at net.minecraftforge.fml.DeferredWorkQueue.lambda$makeRunnable$2(DeferredWorkQueue.java:81) ~[fmlcore-1.20.1-47.4.20.jar%23778!/:?]
	at net.minecraftforge.fml.DeferredWorkQueue.makeRunnable(DeferredWorkQueue.java:76) ~[fmlcore-1.20.1-47.4.20.jar%23778!/:?]
	at net.minecraftforge.fml.DeferredWorkQueue.lambda$runTasks$0(DeferredWorkQueue.java:60) ~[fmlcore-1.20.1-47.4.20.jar%23778!/:?]
	at java.util.concurrent.ConcurrentLinkedDeque.forEach(ConcurrentLinkedDeque.java:1650) ~[?:?]
	at net.minecraftforge.fml.DeferredWorkQueue.runTasks(DeferredWorkQueue.java:60) ~[fmlcore-1.20.1-47.4.20.jar%23778!/:?]
	at net.minecraftforge.fml.core.ParallelTransition.lambda$finalActivityGenerator$2(ParallelTransition.java:35) ~[forge-1.20.1-47.4.20-universal.jar%23782!/:?]
	at java.util.concurrent.CompletableFuture$UniApply.tryFire(CompletableFuture.java:646) ~[?:?]
	at java.util.concurrent.CompletableFuture$Completion.run(CompletableFuture.java:482) ~[?:?]
	at net.minecraftforge.fml.ModWorkManager$SyncExecutor.driveOne(ModWorkManager.java:43) ~[fmlcore-1.20.1-47.4.20.jar%23778!/:?]
	at net.minecraftforge.fml.ModWorkManager$DrivenExecutor.drive(ModWorkManager.java:28) ~[fmlcore-1.20.1-47.4.20.jar%23778!/:?]
	at net.minecraftforge.fml.ModLoader.waitForTransition(ModLoader.java:224) ~[fmlcore-1.20.1-47.4.20.jar%23778!/:?]
	at net.minecraftforge.fml.ModLoader.lambda$dispatchAndHandleError$20(ModLoader.java:210) ~[fmlcore-1.20.1-47.4.20.jar%23778!/:?]
	at java.util.Optional.ifPresent(Optional.java:178) ~[?:?]
	at net.minecraftforge.fml.ModLoader.dispatchAndHandleError(ModLoader.java:210) ~[fmlcore-1.20.1-47.4.20.jar%23778!/:?]
	at net.minecraftforge.fml.ModLoader.lambda$loadMods$15(ModLoader.java:190) ~[fmlcore-1.20.1-47.4.20.jar%23778!/:?]
	at java.lang.Iterable.forEach(Iterable.java:75) ~[?:?]
	at net.minecraftforge.fml.ModLoader.loadMods(ModLoader.java:190) ~[fmlcore-1.20.1-47.4.20.jar%23778!/:?]
	at net.minecraftforge.server.loading.ServerModLoader.load(ServerModLoader.java:31) ~[forge-1.20.1-47.4.20-universal.jar%23782!/:?]
	at net.minecraft.server.Main.main(Main.java:125) ~[server-1.20.1-20230612.114412-srg.jar%23777!/:?]
	at jdk.internal.reflect.NativeMethodAccessorImpl.invoke0(Native Method) ~[?:?]
	at jdk.internal.reflect.NativeMethodAccessorImpl.invoke(NativeMethodAccessorImpl.java:77) ~[?:?]
	at jdk.internal.reflect.DelegatingMethodAccessorImpl.invoke(DelegatingMethodAccessorImpl.java:43) ~[?:?]
	at java.lang.reflect.Method.invoke(Method.java:569) ~[?:?]
	at net.minecraftforge.fml.loading.targets.CommonLaunchHandler.runTarget(CommonLaunchHandler.java:111) ~[fmlloader-1.20.1-47.4.20.jar%2369!/:?]
	at net.minecraftforge.fml.loading.targets.CommonLaunchHandler.serverService(CommonLaunchHandler.java:103) ~[fmlloader-1.20.1-47.4.20.jar%2369!/:?]
	at net.minecraftforge.fml.loading.targets.CommonServerLaunchHandler.lambda$makeService$0(CommonServerLaunchHandler.java:27) ~[fmlloader-1.20.1-47.4.20.jar%2369!/:?]
	at cpw.mods.modlauncher.LaunchServiceHandlerDecorator.launch(LaunchServiceHandlerDecorator.java:30) ~[modlauncher-10.0.9.jar%2355!/:?]
	at cpw.mods.modlauncher.LaunchServiceHandler.launch(LaunchServiceHandler.java:53) ~[modlauncher-10.0.9.jar%2355!/:?]
	at cpw.mods.modlauncher.LaunchServiceHandler.launch(LaunchServiceHandler.java:71) ~[modlauncher-10.0.9.jar%2355!/:?]
	at cpw.mods.modlauncher.Launcher.run(Launcher.java:108) ~[modlauncher-10.0.9.jar%2355!/:?]
	at cpw.mods.modlauncher.Launcher.main(Launcher.java:78) ~[modlauncher-10.0.9.jar%2355!/:?]
	at cpw.mods.modlauncher.BootstrapLaunchConsumer.accept(BootstrapLaunchConsumer.java:26) ~[modlauncher-10.0.9.jar%2355!/:?]
	at cpw.mods.modlauncher.BootstrapLaunchConsumer.accept(BootstrapLaunchConsumer.java:23) ~[modlauncher-10.0.9.jar%2355!/:?]
	at cpw.mods.bootstraplauncher.BootstrapLauncher.main(BootstrapLauncher.java:141) ~[bootstraplauncher-1.1.2.jar:?]
Caused by: java.lang.RuntimeException: VarHandler is null
	at dev.uncandango.alltheleaks.utils.ReflectionHelper.getFieldFromClass(ReflectionHelper.java:132) ~[alltheleaks-1.1.1+1.20.1-forge.jar%23456!/:1.1.1+1.20.1-forge]
	at dev.uncandango.alltheleaks.leaks.common.mods.citadel.UntrackedIssue001.<clinit>(UntrackedIssue001.java:17) ~[alltheleaks-1.1.1+1.20.1-forge.jar%23456!/:1.1.1+1.20.1-forge]
	... 40 more
[08May2026 01:14:33.609] [Forge Version Check/WARN] [net.minecraftforge.fml.VersionChecker/]: Failed to process update information
com.google.gson.JsonSyntaxException: java.lang.IllegalStateException: Expected BEGIN_OBJECT but was STRING at line 1 column 1 path $
	at com.google.gson.Gson.fromJson(Gson.java:1226) ~[gson-2.10.jar%2372!/:?]
	at com.google.gson.Gson.fromJson(Gson.java:1124) ~[gson-2.10.jar%2372!/:?]
	at com.google.gson.Gson.fromJson(Gson.java:1034) ~[gson-2.10.jar%2372!/:?]
	at com.google.gson.Gson.fromJson(Gson.java:969) ~[gson-2.10.jar%2372!/:?]
	at net.minecraftforge.fml.VersionChecker$1.process(VersionChecker.java:186) ~[fmlcore-1.20.1-47.4.20.jar%23778!/:?]
	at java.lang.Iterable.forEach(Iterable.java:75) ~[?:?]
	at net.minecraftforge.fml.VersionChecker$1.run(VersionChecker.java:117) ~[fmlcore-1.20.1-47.4.20.jar%23778!/:?]
Caused by: java.lang.IllegalStateException: Expected BEGIN_OBJECT but was STRING at line 1 column 1 path $
	at com.google.gson.stream.JsonReader.beginObject(JsonReader.java:393) ~[gson-2.10.jar%2372!/:?]
	at com.google.gson.internal.bind.MapTypeAdapterFactory$Adapter.read(MapTypeAdapterFactory.java:182) ~[gson-2.10.jar%2372!/:?]
	at com.google.gson.internal.bind.MapTypeAdapterFactory$Adapter.read(MapTypeAdapterFactory.java:144) ~[gson-2.10.jar%2372!/:?]
	at com.google.gson.Gson.fromJson(Gson.java:1214) ~[gson-2.10.jar%2372!/:?]
	... 6 more
[08May2026 01:14:33.611] [Forge Version Check/INFO] [net.minecraftforge.fml.VersionChecker/]: [netherchested] Starting version check at https://raw.githubusercontent.com/Fuzss/modresources/main/update/netherchested.json
[08May2026 01:14:33.625] [Forge Version Check/INFO] [net.minecraftforge.fml.VersionChecker/]: [netherchested] Found status: UP_TO_DATE Current: 8.0.4 Target: null
[08May2026 01:14:33.625] [Forge Version Check/INFO] [net.minecraftforge.fml.VersionChecker/]: [betterburning] Starting version check at https://updates.blamejared.com/get?n=betterburning&gv=1.20.1
[08May2026 01:14:33.652] [main/INFO] [com.tiviacz.travelersbackpack.TravelersBackpack/]: Registered the FluidEffect with Unique ID of minecraft:water for Water (Fluid Amount Required: 1000) with the ID 0
[08May2026 01:14:33.652] [main/INFO] [com.tiviacz.travelersbackpack.TravelersBackpack/]: Registered the FluidEffect with Unique ID of minecraft:lava for Lava (Fluid Amount Required: 1000) with the ID 1
[08May2026 01:14:33.652] [main/INFO] [com.tiviacz.travelersbackpack.TravelersBackpack/]: Registered the FluidEffect with Unique ID of travelersbackpack:potion for Uncraftable Potion (Fluid Amount Required: 250) with the ID 2
[08May2026 01:14:33.653] [main/INFO] [com.tiviacz.travelersbackpack.TravelersBackpack/]: Registered the FluidEffect with Unique ID of minecraft:milk for Milk (Fluid Amount Required: 1000) with the ID 3
[08May2026 01:14:33.654] [main/INFO] [terrablender/]: Registered region biomesoplenty:overworld_primary to index 2 for type OVERWORLD
[08May2026 01:14:33.654] [main/INFO] [terrablender/]: Registered region biomesoplenty:overworld_secondary to index 3 for type OVERWORLD
[08May2026 01:14:33.654] [main/INFO] [terrablender/]: Registered region biomesoplenty:overworld_rare to index 4 for type OVERWORLD
[08May2026 01:14:33.654] [main/INFO] [terrablender/]: Registered region biomesoplenty:nether_common to index 1 for type NETHER
[08May2026 01:14:33.654] [main/INFO] [terrablender/]: Registered region biomesoplenty:nether_rare to index 2 for type NETHER
[08May2026 01:14:33.661] [main/INFO] [zeta/]: Common setup: Performing initial refresh of zeta's config on thread 'main'
[08May2026 01:14:33.661] [main/INFO] [zeta/]: 'zeta' is enabling Zeta's piston structure resolver.
[08May2026 01:14:33.663] [main/INFO] [zeta/]: Waiting for server start before accepting filewatcher changes to zeta's config
[08May2026 01:14:33.702] [main/INFO] [terrablender/]: Registered region deep_aether:deep_aether to index 1 for type THE_AETHER
[08May2026 01:14:33.702] [main/INFO] [terrablender/]: Registered region deep_aether:rare to index 2 for type THE_AETHER
[08May2026 01:14:33.722] [main/INFO] [terrablender/]: Registered region aether_redux:aether_redux_region to index 3 for type THE_AETHER
[08May2026 01:14:33.813] [main/INFO] [journeymap/]: Initializing Packet Registries
[08May2026 01:14:33.952] [Forge Version Check/INFO] [net.minecraftforge.fml.VersionChecker/]: [betterburning] Found status: BETA Current: 9.0.3 Target: 9.0.3
[08May2026 01:14:33.952] [Forge Version Check/INFO] [net.minecraftforge.fml.VersionChecker/]: [mcwlights] Starting version check at https://raw.githubusercontent.com/sketchmacaw/macawsmods/master/lights.json
[08May2026 01:14:33.967] [Forge Version Check/INFO] [net.minecraftforge.fml.VersionChecker/]: [mcwlights] Found status: UP_TO_DATE Current: 1.1.5 Target: null
[08May2026 01:14:33.967] [Forge Version Check/INFO] [net.minecraftforge.fml.VersionChecker/]: [radium] Starting version check at https://api.modrinth.com/updates/radium/forge_updates.json
[08May2026 01:14:33.990] [Forge Version Check/INFO] [net.minecraftforge.fml.VersionChecker/]: [radium] Found status: AHEAD Current: 0.12.4+git.26c9d8e Target: null
[08May2026 01:14:33.990] [Forge Version Check/INFO] [net.minecraftforge.fml.VersionChecker/]: [mutantmonsters] Starting version check at https://raw.githubusercontent.com/Fuzss/modresources/main/update/mutantmonsters.json
[08May2026 01:14:34.002] [Forge Version Check/INFO] [net.minecraftforge.fml.VersionChecker/]: [mutantmonsters] Found status: UP_TO_DATE Current: 8.0.8 Target: null
[08May2026 01:14:34.002] [Forge Version Check/INFO] [net.minecraftforge.fml.VersionChecker/]: [visualworkbench] Starting version check at https://raw.githubusercontent.com/Fuzss/modresources/main/update/visualworkbench.json
[08May2026 01:14:34.012] [Forge Version Check/INFO] [net.minecraftforge.fml.VersionChecker/]: [visualworkbench] Found status: UP_TO_DATE Current: 8.0.1 Target: null
[08May2026 01:14:34.012] [Forge Version Check/INFO] [net.minecraftforge.fml.VersionChecker/]: [attributefix] Starting version check at https://updates.blamejared.com/get?n=attributefix&gv=1.20.1
[08May2026 01:14:34.027] [main/INFO] [Moonlight/]: Initialized color sets in 172ms
[08May2026 01:14:34.028] [main/ERROR] [Moonlight/]: Fabric API detected! This is not a Fabric mod, so please dont report related issues to MoonlightLib or its dependant. This can usually happen with connector or when having a mod that does NOT have a proper Forge native implementation. This can easily lead to poor compatibility and issues. Proceed ar your own risk. 
 Mods that bundled Fabric API: [net.minecraftforge.fml.loading.moddiscovery.ModInfo@5df7e31b]
[08May2026 01:14:34.029] [main/INFO] [terrablender/]: Registered region regions_unexplored:primary to index 5 for type OVERWORLD
[08May2026 01:14:34.029] [main/INFO] [terrablender/]: Registered region regions_unexplored:secondary to index 6 for type OVERWORLD
[08May2026 01:14:34.029] [main/INFO] [terrablender/]: Registered region regions_unexplored:nether to index 3 for type NETHER
[08May2026 01:14:34.038] [main/INFO] [terrablender/]: Registered region quark:biome_provider to index 7 for type OVERWORLD
[08May2026 01:14:34.039] [main/INFO] [quark-zeta/]: Common setup: Performing initial refresh of quark's config on thread 'main'
[08May2026 01:14:34.063] [main/INFO] [quark-zeta/]: Waiting for server start before accepting filewatcher changes to quark's config
[08May2026 01:14:34.111] [Forge Version Check/INFO] [net.minecraftforge.fml.VersionChecker/]: [attributefix] Found status: BETA Current: 21.0.5 Target: 21.0.5
[08May2026 01:14:34.111] [Forge Version Check/INFO] [net.minecraftforge.fml.VersionChecker/]: [mcwholidays] Starting version check at https://raw.githubusercontent.com/sketchmacaw/macawsmods/master/holidays.json
[08May2026 01:14:34.121] [Forge Version Check/INFO] [net.minecraftforge.fml.VersionChecker/]: [mcwholidays] Found status: UP_TO_DATE Current: 1.1.2 Target: null
[08May2026 01:14:34.122] [Forge Version Check/INFO] [net.minecraftforge.fml.VersionChecker/]: [botanypots] Starting version check at https://updates.blamejared.com/get?n=botanypots&gv=1.20.1
[08May2026 01:14:34.128] [main/INFO] [Supplementaries/]: Finished mod setup in: [32, 6, 0, 0, 0, 0, 14, 1] ms
[08May2026 01:14:34.219] [Forge Version Check/INFO] [net.minecraftforge.fml.VersionChecker/]: [botanypots] Found status: BETA Current: 13.0.43 Target: 13.0.43
[08May2026 01:14:34.219] [Forge Version Check/INFO] [net.minecraftforge.fml.VersionChecker/]: [securitycraft] Starting version check at https://www.github.com/Geforce132/SecurityCraft/raw/master/Updates/Forge.json
[08May2026 01:14:34.271] [Forge Version Check/INFO] [net.minecraftforge.fml.VersionChecker/]: [securitycraft] Found status: UP_TO_DATE Current: 1.10.1 Target: null
[08May2026 01:14:34.272] [Forge Version Check/INFO] [net.minecraftforge.fml.VersionChecker/]: [aether_enhanced_extinguishing] Starting version check at https://github.com/The-Aether-Team/Enhanced-Extinguishing/raw/1.20.1-develop/update.json
[08May2026 01:14:34.289] [Forge Version Check/INFO] [net.minecraftforge.fml.VersionChecker/]: [aether_enhanced_extinguishing] Found status: AHEAD Current: 1.20.1-1.0.0-neoforge Target: null
[08May2026 01:14:34.290] [Forge Version Check/INFO] [net.minecraftforge.fml.VersionChecker/]: [illagerinvasion] Starting version check at https://raw.githubusercontent.com/Fuzss/modresources/main/update/illagerinvasion.json
[08May2026 01:14:34.298] [Forge Version Check/INFO] [net.minecraftforge.fml.VersionChecker/]: [illagerinvasion] Found status: UP_TO_DATE Current: 8.0.7 Target: null
[08May2026 01:14:34.298] [Forge Version Check/INFO] [net.minecraftforge.fml.VersionChecker/]: [prism] Starting version check at https://mc-update-check.anthonyhilyard.com/638111
[08May2026 01:14:34.325] [Forge Version Check/INFO] [net.minecraftforge.fml.VersionChecker/]: [prism] Found status: UP_TO_DATE Current: 1.0.5 Target: null
[08May2026 01:14:34.325] [Forge Version Check/INFO] [net.minecraftforge.fml.VersionChecker/]: [bookshelf] Starting version check at https://updates.blamejared.com/get?n=bookshelf&gv=1.20.1
[08May2026 01:14:34.422] [Forge Version Check/INFO] [net.minecraftforge.fml.VersionChecker/]: [bookshelf] Found status: BETA Current: 20.2.15 Target: 20.2.15
[08May2026 01:14:34.422] [Forge Version Check/INFO] [net.minecraftforge.fml.VersionChecker/]: [mcwdoors] Starting version check at https://raw.githubusercontent.com/sketchmacaw/macawsmods/master/doors.json
[08May2026 01:14:34.432] [Forge Version Check/INFO] [net.minecraftforge.fml.VersionChecker/]: [mcwdoors] Found status: AHEAD Current: 1.1.5 Target: null
[08May2026 01:14:34.432] [Forge Version Check/INFO] [net.minecraftforge.fml.VersionChecker/]: [diagonalwalls] Starting version check at https://raw.githubusercontent.com/Fuzss/modresources/main/update/diagonalwalls.json
[08May2026 01:14:34.445] [Forge Version Check/INFO] [net.minecraftforge.fml.VersionChecker/]: [diagonalwalls] Found status: UP_TO_DATE Current: 8.0.4 Target: null
[08May2026 01:14:34.446] [Forge Version Check/INFO] [net.minecraftforge.fml.VersionChecker/]: [diagonalblocks] Starting version check at https://raw.githubusercontent.com/Fuzss/modresources/main/update/diagonalblocks.json
[08May2026 01:14:34.448] [modloading-worker-0/INFO] [io.redspace.ironsspellbooks.IronsSpellbooks/]: Got IMC []
[08May2026 01:14:34.455] [Forge Version Check/INFO] [net.minecraftforge.fml.VersionChecker/]: [diagonalblocks] Found status: BETA Current: 8.0.6 Target: null
[08May2026 01:14:34.455] [Forge Version Check/INFO] [net.minecraftforge.fml.VersionChecker/]: [arcanelanterns] Starting version check at https://raw.githubusercontent.com/Fuzss/modresources/main/update/arcanelanterns.json
[08May2026 01:14:34.467] [Forge Version Check/INFO] [net.minecraftforge.fml.VersionChecker/]: [arcanelanterns] Found status: UP_TO_DATE Current: 8.0.0 Target: null
[08May2026 01:14:34.467] [Forge Version Check/INFO] [net.minecraftforge.fml.VersionChecker/]: [mcwbridges] Starting version check at https://raw.githubusercontent.com/sketchmacaw/macawsmods/master/bridges.json
[08May2026 01:14:34.478] [Forge Version Check/INFO] [net.minecraftforge.fml.VersionChecker/]: [mcwbridges] Found status: AHEAD Current: 3.1.2 Target: null
[08May2026 01:14:34.478] [Forge Version Check/INFO] [net.minecraftforge.fml.VersionChecker/]: [adpoles] Starting version check at https://forge.curseupdate.com/318833/adpoles
[08May2026 01:14:34.492] [Forge Version Check/INFO] [net.minecraftforge.fml.VersionChecker/]: [adpoles] Found status: BETA Current: 9.1.1.1 Target: null
[08May2026 01:14:34.492] [Forge Version Check/INFO] [net.minecraftforge.fml.VersionChecker/]: [diagonalwindows] Starting version check at https://raw.githubusercontent.com/Fuzss/modresources/main/update/diagonalwindows.json
[08May2026 01:14:34.500] [Forge Version Check/INFO] [net.minecraftforge.fml.VersionChecker/]: [diagonalwindows] Found status: UP_TO_DATE Current: 8.1.5 Target: null
[08May2026 01:14:34.500] [Forge Version Check/INFO] [net.minecraftforge.fml.VersionChecker/]: [conjurer_illager] Starting version check at http://changelogs.moddinglegacy.com/conjurer-illager.json
[08May2026 01:14:34.541] [Forge Version Check/INFO] [net.minecraftforge.fml.VersionChecker/]: [conjurer_illager] Found status: BETA Current: 1.1.6 Target: null
[08May2026 01:14:34.541] [Forge Version Check/INFO] [net.minecraftforge.fml.VersionChecker/]: [mcwpaintings] Starting version check at https://raw.githubusercontent.com/sketchmacaw/macawsmods/master/paintings.json
[08May2026 01:14:34.555] [modloading-worker-0/INFO] [AttributeFix/]: Loaded values for 67 compatible attributes.
[08May2026 01:14:34.556] [modloading-worker-0/INFO] [STDOUT/]: [com.mrh0.createaddition.CreateAddition:postInit:136]: Create Crafts & Additions Initialized!
[08May2026 01:14:34.557] [modloading-worker-0/INFO] [AttributeFix/]: Loaded 67 values from config.
[08May2026 01:14:34.567] [Forge Version Check/INFO] [net.minecraftforge.fml.VersionChecker/]: [mcwpaintings] Found status: AHEAD Current: 1.1.0 Target: null
[08May2026 01:14:34.567] [Forge Version Check/INFO] [net.minecraftforge.fml.VersionChecker/]: [clumps] Starting version check at https://updates.blamejared.com/get?n=clumps&gv=1.20.1
[08May2026 01:14:34.571] [modloading-worker-0/INFO] [AttributeFix/]: Saving config file. 67 entries.
[08May2026 01:14:34.571] [modloading-worker-0/INFO] [AttributeFix/]: Applying changes for 67 attributes.
[08May2026 01:14:34.608] [modloading-worker-0/INFO] [Jade/]: Start loading plugin at snownee.snow.compat.jade.JadeCompat
[08May2026 01:14:34.615] [modloading-worker-0/INFO] [Jade/]: Start loading plugin at ovh.corail.tombstone.compatibility.IntegrationJade
[08May2026 01:14:34.616] [modloading-worker-0/INFO] [Jade/]: Start loading plugin at snownee.kiwi.customization.compat.jade.JadeCompat
[08May2026 01:14:34.617] [modloading-worker-0/INFO] [Jade/]: Start loading plugin at net.geforcemods.securitycraft.compat.hudmods.JadeDataProvider
[08May2026 01:14:34.619] [modloading-worker-0/INFO] [Jade/]: Start loading plugin at net.blay09.mods.balm.forge.compat.hudinfo.ForgeJadeModCompat
[08May2026 01:14:34.619] [modloading-worker-0/INFO] [Jade/]: Start loading plugin at snownee.jade.addon.JadeAddonsBase
[08May2026 01:14:34.628] [modloading-worker-0/INFO] [Jade/]: Start loading plugin at ht.treechop.compat.Jade
[08May2026 01:14:34.629] [modloading-worker-0/INFO] [Jade/]: Start loading plugin at com.aetherteam.aether.integration.jade.AetherJadePlugin
[08May2026 01:14:34.630] [modloading-worker-0/INFO] [Jade/]: Start loading plugin at net.zepalesque.redux.compat.jade.ReduxJadePlugin
[08May2026 01:14:34.630] [modloading-worker-0/INFO] [Jade/]: Start loading plugin at twilightforest.compat.jade.JadeCompat
[08May2026 01:14:34.630] [modloading-worker-0/INFO] [Jade/]: Start loading plugin at net.p3pp3rf1y.sophisticatedstorage.compat.jade.StorageJadePlugin
[08May2026 01:14:34.631] [modloading-worker-0/INFO] [Jade/]: Start loading plugin at xfacthd.framedblocks.common.compat.jade.FramedJadePlugin
[08May2026 01:14:34.631] [modloading-worker-0/INFO] [Jade/]: Start loading plugin at net.blay09.mods.waystones.compat.JadeIntegration
[08May2026 01:14:34.631] [modloading-worker-0/INFO] [Jade/]: Start loading plugin at snownee.jade.addon.vanilla.VanillaPlugin
[08May2026 01:14:34.641] [modloading-worker-0/INFO] [Jade/]: Start loading plugin at snownee.jade.addon.universal.UniversalPlugin
[08May2026 01:14:34.644] [modloading-worker-0/INFO] [Jade/]: Start loading plugin at snownee.jade.addon.core.CorePlugin
[08May2026 01:14:34.646] [modloading-worker-0/INFO] [Jade/]: Start loading plugin at net.mehvahdjukaar.supplementaries.integration.JadeCompat
[08May2026 01:14:34.646] [modloading-worker-0/INFO] [Jade/]: Start loading plugin at net.brnbrd.delightful.compat.jade.DelightfulJadePlugin
[08May2026 01:14:34.665] [Forge Version Check/INFO] [net.minecraftforge.fml.VersionChecker/]: [clumps] Found status: BETA Current: 12.0.0.4 Target: 12.0.0.4
[08May2026 01:14:34.665] [Forge Version Check/INFO] [net.minecraftforge.fml.VersionChecker/]: [storagenetwork] Starting version check at https://raw.githubusercontent.com/Lothrazar/Storage-Network/trunk/1.19/update.json
[08May2026 01:14:34.676] [Forge Version Check/INFO] [net.minecraftforge.fml.VersionChecker/]: [storagenetwork] Found status: BETA Current: 1.12.2 Target: null
[08May2026 01:14:34.677] [Forge Version Check/INFO] [net.minecraftforge.fml.VersionChecker/]: [scuba_gear] Starting version check at http://changelogs.moddinglegacy.com/scuba-gear.json
[08May2026 01:14:34.704] [main/INFO] [citadel/]: adding citadel surface rules via terrablender...
[08May2026 01:14:34.705] [main/INFO] [citadel/]: Added 0 vanilla biome surface rule types via terrablender
[08May2026 01:14:34.706] [main/INFO] [citadel/]: Added 1 modded biome surface rule types via terrablender
[08May2026 01:14:34.721] [Forge Version Check/INFO] [net.minecraftforge.fml.VersionChecker/]: [scuba_gear] Found status: BETA Current: 1.0.6 Target: null
[08May2026 01:14:34.721] [Forge Version Check/INFO] [net.minecraftforge.fml.VersionChecker/]: [diagonalfences] Starting version check at https://raw.githubusercontent.com/Fuzss/modresources/main/update/diagonalfences.json
[08May2026 01:14:34.730] [Forge Version Check/INFO] [net.minecraftforge.fml.VersionChecker/]: [diagonalfences] Found status: UP_TO_DATE Current: 8.1.5 Target: null
[08May2026 01:14:34.730] [Forge Version Check/INFO] [net.minecraftforge.fml.VersionChecker/]: [easyanvils] Starting version check at https://raw.githubusercontent.com/Fuzss/modresources/main/update/easyanvils.json
[08May2026 01:14:34.738] [Forge Version Check/INFO] [net.minecraftforge.fml.VersionChecker/]: [easyanvils] Found status: UP_TO_DATE Current: 8.0.2 Target: null
[08May2026 01:14:34.738] [Forge Version Check/INFO] [net.minecraftforge.fml.VersionChecker/]: [mcwwindows] Starting version check at https://raw.githubusercontent.com/sketchmacaw/macawsmods/master/window.json
[08May2026 01:14:34.747] [Forge Version Check/INFO] [net.minecraftforge.fml.VersionChecker/]: [mcwwindows] Found status: UP_TO_DATE Current: 2.4.2 Target: null
[08May2026 01:14:34.747] [Forge Version Check/INFO] [net.minecraftforge.fml.VersionChecker/]: [sound_physics_remastered] Starting version check at https://update.maxhenkel.de/forge/sound_physics_remastered
[08May2026 01:14:35.099] [main/ERROR] [net.minecraft.Util/]: Entity illageandspillage:bone has no attributes
[08May2026 01:14:35.102] [main/ERROR] [net.minecraft.Util/]: Entity illageandspillage:axe has no attributes
[08May2026 01:14:35.102] [main/ERROR] [net.minecraft.Util/]: Entity illageandspillage:bone has no attributes
[08May2026 01:14:35.102] [main/ERROR] [net.minecraft.Util/]: Entity illageandspillage:axe has no attributes
[08May2026 01:14:35.103] [main/ERROR] [net.minecraft.Util/]: Entity illageandspillage:bone has no attributes
[08May2026 01:14:35.103] [main/ERROR] [net.minecraft.Util/]: Entity illageandspillage:axe has no attributes
[08May2026 01:14:35.103] [main/ERROR] [net.minecraft.Util/]: Entity illageandspillage:bone has no attributes
[08May2026 01:14:35.103] [main/ERROR] [net.minecraft.Util/]: Entity illageandspillage:axe has no attributes
[08May2026 01:14:35.103] [main/ERROR] [net.minecraft.Util/]: Entity illageandspillage:bone has no attributes
[08May2026 01:14:35.104] [main/ERROR] [net.minecraft.Util/]: Entity illageandspillage:axe has no attributes
[08May2026 01:14:35.104] [main/ERROR] [net.minecraft.Util/]: Entity illageandspillage:bone has no attributes
[08May2026 01:14:35.104] [main/ERROR] [net.minecraft.Util/]: Entity illageandspillage:axe has no attributes
[08May2026 01:14:35.104] [main/ERROR] [net.minecraft.Util/]: Entity illageandspillage:bone has no attributes
[08May2026 01:14:35.104] [main/ERROR] [net.minecraft.Util/]: Entity illageandspillage:axe has no attributes
[08May2026 01:14:35.104] [main/ERROR] [net.minecraft.Util/]: Entity illageandspillage:bone has no attributes
[08May2026 01:14:35.104] [main/ERROR] [net.minecraft.Util/]: Entity illageandspillage:axe has no attributes
[08May2026 01:14:35.105] [main/ERROR] [net.minecraft.Util/]: Entity illageandspillage:bone has no attributes
[08May2026 01:14:35.105] [main/ERROR] [net.minecraft.Util/]: Entity illageandspillage:axe has no attributes
[08May2026 01:14:35.105] [main/ERROR] [net.minecraft.Util/]: Entity illageandspillage:bone has no attributes
[08May2026 01:14:35.105] [main/ERROR] [net.minecraft.Util/]: Entity illageandspillage:axe has no attributes
[08May2026 01:14:35.105] [main/ERROR] [net.minecraft.Util/]: Entity illageandspillage:bone has no attributes
[08May2026 01:14:35.105] [main/ERROR] [net.minecraft.Util/]: Entity illageandspillage:axe has no attributes
[08May2026 01:14:35.106] [main/ERROR] [net.minecraft.Util/]: Entity illageandspillage:bone has no attributes
[08May2026 01:14:35.106] [main/ERROR] [net.minecraft.Util/]: Entity illageandspillage:axe has no attributes
[08May2026 01:14:35.106] [main/ERROR] [net.minecraft.Util/]: Entity illageandspillage:bone has no attributes
[08May2026 01:14:35.106] [main/ERROR] [net.minecraft.Util/]: Entity illageandspillage:axe has no attributes
[08May2026 01:14:35.106] [main/ERROR] [net.minecraft.Util/]: Entity illageandspillage:bone has no attributes
[08May2026 01:14:35.106] [main/ERROR] [net.minecraft.Util/]: Entity illageandspillage:axe has no attributes
[08May2026 01:14:35.107] [main/ERROR] [net.minecraft.Util/]: Entity illageandspillage:bone has no attributes
[08May2026 01:14:35.107] [main/ERROR] [net.minecraft.Util/]: Entity illageandspillage:axe has no attributes
[08May2026 01:14:35.107] [main/ERROR] [net.minecraft.Util/]: Entity illageandspillage:bone has no attributes
[08May2026 01:14:35.107] [main/ERROR] [net.minecraft.Util/]: Entity illageandspillage:axe has no attributes
[08May2026 01:14:35.107] [main/ERROR] [net.minecraft.Util/]: Entity illageandspillage:bone has no attributes
[08May2026 01:14:35.107] [main/ERROR] [net.minecraft.Util/]: Entity illageandspillage:axe has no attributes
[08May2026 01:14:35.108] [main/ERROR] [net.minecraft.Util/]: Entity illageandspillage:bone has no attributes
[08May2026 01:14:35.108] [main/ERROR] [net.minecraft.Util/]: Entity illageandspillage:axe has no attributes
[08May2026 01:14:35.108] [main/ERROR] [net.minecraft.Util/]: Entity illageandspillage:bone has no attributes
[08May2026 01:14:35.108] [main/ERROR] [net.minecraft.Util/]: Entity illageandspillage:axe has no attributes
[08May2026 01:14:35.108] [main/ERROR] [net.minecraft.Util/]: Entity illageandspillage:bone has no attributes
[08May2026 01:14:35.108] [main/ERROR] [net.minecraft.Util/]: Entity illageandspillage:axe has no attributes
[08May2026 01:14:35.109] [main/ERROR] [net.minecraft.Util/]: Entity illageandspillage:bone has no attributes
[08May2026 01:14:35.109] [main/ERROR] [net.minecraft.Util/]: Entity illageandspillage:axe has no attributes
[08May2026 01:14:35.109] [main/ERROR] [net.minecraft.Util/]: Entity illageandspillage:bone has no attributes
[08May2026 01:14:35.109] [main/ERROR] [net.minecraft.Util/]: Entity illageandspillage:axe has no attributes
[08May2026 01:14:35.109] [main/ERROR] [net.minecraft.Util/]: Entity illageandspillage:bone has no attributes
[08May2026 01:14:35.109] [main/ERROR] [net.minecraft.Util/]: Entity illageandspillage:axe has no attributes
[08May2026 01:14:35.109] [main/ERROR] [net.minecraft.Util/]: Entity illageandspillage:bone has no attributes
[08May2026 01:14:35.110] [main/ERROR] [net.minecraft.Util/]: Entity illageandspillage:axe has no attributes
[08May2026 01:14:35.110] [main/ERROR] [net.minecraft.Util/]: Entity illageandspillage:bone has no attributes
[08May2026 01:14:35.110] [main/ERROR] [net.minecraft.Util/]: Entity illageandspillage:axe has no attributes
[08May2026 01:14:35.110] [main/ERROR] [net.minecraft.Util/]: Entity illageandspillage:bone has no attributes
[08May2026 01:14:35.110] [main/ERROR] [net.minecraft.Util/]: Entity illageandspillage:axe has no attributes
[08May2026 01:14:35.110] [main/ERROR] [net.minecraft.Util/]: Entity illageandspillage:bone has no attributes
[08May2026 01:14:35.111] [main/ERROR] [net.minecraft.Util/]: Entity illageandspillage:axe has no attributes
[08May2026 01:14:35.111] [main/ERROR] [net.minecraft.Util/]: Entity illageandspillage:bone has no attributes
[08May2026 01:14:35.111] [main/ERROR] [net.minecraft.Util/]: Entity illageandspillage:axe has no attributes
[08May2026 01:14:35.111] [main/ERROR] [net.minecraft.Util/]: Entity illageandspillage:bone has no attributes
[08May2026 01:14:35.111] [main/ERROR] [net.minecraft.Util/]: Entity illageandspillage:axe has no attributes
[08May2026 01:14:35.111] [main/ERROR] [net.minecraft.Util/]: Entity illageandspillage:bone has no attributes
[08May2026 01:14:35.111] [main/ERROR] [net.minecraft.Util/]: Entity illageandspillage:axe has no attributes
[08May2026 01:14:35.112] [main/ERROR] [net.minecraft.Util/]: Entity illageandspillage:bone has no attributes
[08May2026 01:14:35.112] [main/ERROR] [net.minecraft.Util/]: Entity illageandspillage:axe has no attributes
[08May2026 01:14:35.112] [main/ERROR] [net.minecraft.Util/]: Entity illageandspillage:bone has no attributes
[08May2026 01:14:35.112] [main/ERROR] [net.minecraft.Util/]: Entity illageandspillage:axe has no attributes
[08May2026 01:14:35.112] [main/ERROR] [net.minecraft.Util/]: Entity illageandspillage:bone has no attributes
[08May2026 01:14:35.112] [main/ERROR] [net.minecraft.Util/]: Entity illageandspillage:axe has no attributes
[08May2026 01:14:35.113] [main/ERROR] [net.minecraft.Util/]: Entity illageandspillage:bone has no attributes
[08May2026 01:14:35.113] [main/ERROR] [net.minecraft.Util/]: Entity illageandspillage:axe has no attributes
[08May2026 01:14:35.113] [main/ERROR] [net.minecraft.Util/]: Entity illageandspillage:bone has no attributes
[08May2026 01:14:35.113] [main/ERROR] [net.minecraft.Util/]: Entity illageandspillage:axe has no attributes
[08May2026 01:14:35.113] [main/ERROR] [net.minecraft.Util/]: Entity illageandspillage:bone has no attributes
[08May2026 01:14:35.113] [main/ERROR] [net.minecraft.Util/]: Entity illageandspillage:axe has no attributes
[08May2026 01:14:35.114] [main/ERROR] [net.minecraft.Util/]: Entity illageandspillage:bone has no attributes
[08May2026 01:14:35.114] [main/ERROR] [net.minecraft.Util/]: Entity illageandspillage:axe has no attributes
[08May2026 01:14:35.114] [main/ERROR] [net.minecraft.Util/]: Entity illageandspillage:bone has no attributes
[08May2026 01:14:35.114] [main/ERROR] [net.minecraft.Util/]: Entity illageandspillage:axe has no attributes
[08May2026 01:14:35.114] [main/ERROR] [net.minecraft.Util/]: Entity illageandspillage:bone has no attributes
[08May2026 01:14:35.114] [main/ERROR] [net.minecraft.Util/]: Entity illageandspillage:axe has no attributes
[08May2026 01:14:35.114] [main/ERROR] [net.minecraft.Util/]: Entity illageandspillage:bone has no attributes
[08May2026 01:14:35.114] [main/ERROR] [net.minecraft.Util/]: Entity illageandspillage:axe has no attributes
[08May2026 01:14:35.115] [main/ERROR] [net.minecraft.Util/]: Entity illageandspillage:bone has no attributes
[08May2026 01:14:35.115] [main/ERROR] [net.minecraft.Util/]: Entity illageandspillage:axe has no attributes
[08May2026 01:14:35.115] [main/ERROR] [net.minecraft.Util/]: Entity illageandspillage:bone has no attributes
[08May2026 01:14:35.115] [main/ERROR] [net.minecraft.Util/]: Entity illageandspillage:axe has no attributes
[08May2026 01:14:35.115] [main/ERROR] [net.minecraft.Util/]: Entity illageandspillage:bone has no attributes
[08May2026 01:14:35.115] [main/ERROR] [net.minecraft.Util/]: Entity illageandspillage:axe has no attributes
[08May2026 01:14:35.116] [main/ERROR] [net.minecraft.Util/]: Entity illageandspillage:bone has no attributes
[08May2026 01:14:35.116] [main/ERROR] [net.minecraft.Util/]: Entity illageandspillage:axe has no attributes
[08May2026 01:14:35.116] [main/ERROR] [net.minecraft.Util/]: Entity illageandspillage:bone has no attributes
[08May2026 01:14:35.116] [main/ERROR] [net.minecraft.Util/]: Entity illageandspillage:axe has no attributes
[08May2026 01:14:35.116] [main/ERROR] [net.minecraft.Util/]: Entity illageandspillage:bone has no attributes
[08May2026 01:14:35.116] [main/ERROR] [net.minecraft.Util/]: Entity illageandspillage:axe has no attributes
[08May2026 01:14:35.117] [main/ERROR] [net.minecraft.Util/]: Entity illageandspillage:bone has no attributes
[08May2026 01:14:35.117] [main/ERROR] [net.minecraft.Util/]: Entity illageandspillage:axe has no attributes
[08May2026 01:14:35.117] [main/ERROR] [net.minecraft.Util/]: Entity illageandspillage:bone has no attributes
[08May2026 01:14:35.117] [main/ERROR] [net.minecraft.Util/]: Entity illageandspillage:axe has no attributes
[08May2026 01:14:35.117] [main/ERROR] [net.minecraft.Util/]: Entity illageandspillage:bone has no attributes
[08May2026 01:14:35.117] [main/ERROR] [net.minecraft.Util/]: Entity illageandspillage:axe has no attributes
[08May2026 01:14:35.118] [main/ERROR] [net.minecraft.Util/]: Entity illageandspillage:bone has no attributes
[08May2026 01:14:35.118] [main/ERROR] [net.minecraft.Util/]: Entity illageandspillage:axe has no attributes
[08May2026 01:14:35.118] [main/ERROR] [net.minecraft.Util/]: Entity illageandspillage:bone has no attributes
[08May2026 01:14:35.118] [main/ERROR] [net.minecraft.Util/]: Entity illageandspillage:axe has no attributes
[08May2026 01:14:35.118] [main/ERROR] [net.minecraft.Util/]: Entity illageandspillage:bone has no attributes
[08May2026 01:14:35.118] [main/ERROR] [net.minecraft.Util/]: Entity illageandspillage:axe has no attributes
[08May2026 01:14:35.119] [main/ERROR] [net.minecraft.Util/]: Entity illageandspillage:bone has no attributes
[08May2026 01:14:35.119] [main/ERROR] [net.minecraft.Util/]: Entity illageandspillage:axe has no attributes
[08May2026 01:14:35.119] [main/ERROR] [net.minecraft.Util/]: Entity illageandspillage:bone has no attributes
[08May2026 01:14:35.119] [main/ERROR] [net.minecraft.Util/]: Entity illageandspillage:axe has no attributes
[08May2026 01:14:35.119] [main/ERROR] [net.minecraft.Util/]: Entity illageandspillage:bone has no attributes
[08May2026 01:14:35.119] [main/ERROR] [net.minecraft.Util/]: Entity illageandspillage:axe has no attributes
[08May2026 01:14:35.119] [main/ERROR] [net.minecraft.Util/]: Entity illageandspillage:bone has no attributes
[08May2026 01:14:35.119] [main/ERROR] [net.minecraft.Util/]: Entity illageandspillage:axe has no attributes
[08May2026 01:14:35.120] [main/ERROR] [net.minecraft.Util/]: Entity illageandspillage:bone has no attributes
[08May2026 01:14:35.120] [main/ERROR] [net.minecraft.Util/]: Entity illageandspillage:axe has no attributes
[08May2026 01:14:35.120] [main/ERROR] [net.minecraft.Util/]: Entity illageandspillage:bone has no attributes
[08May2026 01:14:35.120] [main/ERROR] [net.minecraft.Util/]: Entity illageandspillage:axe has no attributes
[08May2026 01:14:35.120] [main/ERROR] [net.minecraft.Util/]: Entity illageandspillage:bone has no attributes
[08May2026 01:14:35.120] [main/ERROR] [net.minecraft.Util/]: Entity illageandspillage:axe has no attributes
[08May2026 01:14:35.120] [main/ERROR] [net.minecraft.Util/]: Entity illageandspillage:bone has no attributes
[08May2026 01:14:35.121] [main/ERROR] [net.minecraft.Util/]: Entity illageandspillage:axe has no attributes
[08May2026 01:14:35.121] [main/ERROR] [net.minecraft.Util/]: Entity illageandspillage:bone has no attributes
[08May2026 01:14:35.121] [main/ERROR] [net.minecraft.Util/]: Entity illageandspillage:axe has no attributes
[08May2026 01:14:35.121] [main/ERROR] [net.minecraft.Util/]: Entity illageandspillage:bone has no attributes
[08May2026 01:14:35.121] [main/ERROR] [net.minecraft.Util/]: Entity illageandspillage:axe has no attributes
[08May2026 01:14:35.121] [main/ERROR] [net.minecraft.Util/]: Entity illageandspillage:bone has no attributes
[08May2026 01:14:35.121] [main/ERROR] [net.minecraft.Util/]: Entity illageandspillage:axe has no attributes
[08May2026 01:14:35.122] [main/ERROR] [net.minecraft.Util/]: Entity illageandspillage:bone has no attributes
[08May2026 01:14:35.122] [main/ERROR] [net.minecraft.Util/]: Entity illageandspillage:axe has no attributes
[08May2026 01:14:35.122] [main/ERROR] [net.minecraft.Util/]: Entity illageandspillage:bone has no attributes
[08May2026 01:14:35.122] [main/ERROR] [net.minecraft.Util/]: Entity illageandspillage:axe has no attributes
[08May2026 01:14:35.122] [main/ERROR] [net.minecraft.Util/]: Entity illageandspillage:bone has no attributes
[08May2026 01:14:35.122] [main/ERROR] [net.minecraft.Util/]: Entity illageandspillage:axe has no attributes
[08May2026 01:14:35.123] [main/ERROR] [net.minecraft.Util/]: Entity illageandspillage:bone has no attributes
[08May2026 01:14:35.123] [main/ERROR] [net.minecraft.Util/]: Entity illageandspillage:axe has no attributes
[08May2026 01:14:35.261] [Forge Version Check/INFO] [net.minecraftforge.fml.VersionChecker/]: [sound_physics_remastered] Found status: OUTDATED Current: 1.20.1-1.4.10 Target: 1.20.1-1.5.1
[08May2026 01:14:35.261] [Forge Version Check/INFO] [net.minecraftforge.fml.VersionChecker/]: [resourcepackoverrides] Starting version check at https://raw.githubusercontent.com/Fuzss/modresources/main/update/resourcepackoverrides.json
[08May2026 01:14:35.272] [Forge Version Check/INFO] [net.minecraftforge.fml.VersionChecker/]: [resourcepackoverrides] Found status: UP_TO_DATE Current: 8.0.3 Target: null
[08May2026 01:14:35.273] [Forge Version Check/INFO] [net.minecraftforge.fml.VersionChecker/]: [ctov] Starting version check at https://api.modrinth.com/updates/fgmhI8kH/forge_updates.json
[08May2026 01:14:35.297] [Forge Version Check/INFO] [net.minecraftforge.fml.VersionChecker/]: [ctov] Found status: UP_TO_DATE Current: 3.4.14 Target: null
[08May2026 01:14:35.297] [Forge Version Check/INFO] [net.minecraftforge.fml.VersionChecker/]: [advancementplaques] Starting version check at https://mc-update-check.anthonyhilyard.com/499826
[08May2026 01:14:35.324] [Forge Version Check/INFO] [net.minecraftforge.fml.VersionChecker/]: [advancementplaques] Found status: UP_TO_DATE Current: 1.6.9 Target: null
[08May2026 01:14:35.324] [Forge Version Check/INFO] [net.minecraftforge.fml.VersionChecker/]: [botanytrees] Starting version check at https://updates.blamejared.com/get?n=botanytrees&gv=1.20.1
[08May2026 01:14:35.422] [Forge Version Check/INFO] [net.minecraftforge.fml.VersionChecker/]: [botanytrees] Found status: BETA Current: 9.0.20 Target: 9.0.20
[08May2026 01:14:35.422] [Forge Version Check/INFO] [net.minecraftforge.fml.VersionChecker/]: [mcwtrpdoors] Starting version check at https://raw.githubusercontent.com/sketchmacaw/macawsmods/master/trapdoors.json
[08May2026 01:14:35.433] [Forge Version Check/INFO] [net.minecraftforge.fml.VersionChecker/]: [mcwtrpdoors] Found status: UP_TO_DATE Current: 1.1.5 Target: null
[08May2026 01:14:35.434] [Forge Version Check/INFO] [net.minecraftforge.fml.VersionChecker/]: [searchables] Starting version check at https://updates.blamejared.com/get?n=searchables&gv=1.20.1
[08May2026 01:14:35.534] [Forge Version Check/INFO] [net.minecraftforge.fml.VersionChecker/]: [searchables] Found status: BETA Current: 1.0.3 Target: 1.0.3
[08May2026 01:14:35.534] [Forge Version Check/INFO] [net.minecraftforge.fml.VersionChecker/]: [mcwfurnitures] Starting version check at https://raw.githubusercontent.com/sketchmacaw/macawsmods/master/furniture.json
[08May2026 01:14:35.554] [Forge Version Check/INFO] [net.minecraftforge.fml.VersionChecker/]: [mcwfurnitures] Found status: UP_TO_DATE Current: 3.4.1 Target: null
[08May2026 01:14:35.555] [Forge Version Check/INFO] [net.minecraftforge.fml.VersionChecker/]: [effectdescriptions] Starting version check at https://raw.githubusercontent.com/Fuzss/modresources/main/update/effectdescriptions.json
[08May2026 01:14:35.566] [Forge Version Check/INFO] [net.minecraftforge.fml.VersionChecker/]: [effectdescriptions] Found status: UP_TO_DATE Current: 8.0.2 Target: null
[08May2026 01:14:35.566] [Forge Version Check/INFO] [net.minecraftforge.fml.VersionChecker/]: [puzzlesapi] Starting version check at https://raw.githubusercontent.com/Fuzss/modresources/main/update/puzzlesapi.json
[08May2026 01:14:35.580] [Forge Version Check/INFO] [net.minecraftforge.fml.VersionChecker/]: [puzzlesapi] Found status: BETA Current: 8.1.7 Target: null
[08May2026 01:14:35.580] [Forge Version Check/INFO] [net.minecraftforge.fml.VersionChecker/]: [universalbonemeal] Starting version check at https://raw.githubusercontent.com/Fuzss/modresources/main/update/universalbonemeal.json
[08May2026 01:14:35.617] [Forge Version Check/INFO] [net.minecraftforge.fml.VersionChecker/]: [universalbonemeal] Found status: UP_TO_DATE Current: 8.0.1 Target: null
[08May2026 01:14:35.617] [Forge Version Check/INFO] [net.minecraftforge.fml.VersionChecker/]: [stoneworks] Starting version check at https://raw.githubusercontent.com/Fuzss/modresources/main/update/stoneworks.json
[08May2026 01:14:35.627] [Forge Version Check/INFO] [net.minecraftforge.fml.VersionChecker/]: [stoneworks] Found status: UP_TO_DATE Current: 8.0.0 Target: null
[08May2026 01:14:35.627] [Forge Version Check/INFO] [net.minecraftforge.fml.VersionChecker/]: [travelersbackpack] Starting version check at https://gist.githubusercontent.com/Tiviacz1337/906937677aa472285dff9d6c2a189d5e/raw
[08May2026 01:14:35.659] [Forge Version Check/INFO] [net.minecraftforge.fml.VersionChecker/]: [travelersbackpack] Found status: AHEAD Current: 9.1.53 Target: null
[08May2026 01:14:35.660] [Forge Version Check/INFO] [net.minecraftforge.fml.VersionChecker/]: [puzzlesaccessapi] Starting version check at https://raw.githubusercontent.com/Fuzss/modresources/main/update/puzzlesaccessapi.json
[08May2026 01:14:35.668] [Forge Version Check/INFO] [net.minecraftforge.fml.VersionChecker/]: [puzzlesaccessapi] Found status: BETA Current: 20.1.1 Target: null
[08May2026 01:14:35.669] [Forge Version Check/INFO] [net.minecraftforge.fml.VersionChecker/]: [forge] Starting version check at https://files.minecraftforge.net/net/minecraftforge/forge/promotions_slim.json
[08May2026 01:14:35.745] [Forge Version Check/INFO] [net.minecraftforge.fml.VersionChecker/]: [forge] Found status: AHEAD Current: 47.4.20 Target: null
[08May2026 01:14:35.745] [Forge Version Check/INFO] [net.minecraftforge.fml.VersionChecker/]: [mcwpaths] Starting version check at https://raw.githubusercontent.com/sketchmacaw/macawsmods/master/paths.json
[08May2026 01:14:35.763] [Forge Version Check/INFO] [net.minecraftforge.fml.VersionChecker/]: [mcwpaths] Found status: UP_TO_DATE Current: 1.1.1 Target: null
[08May2026 01:14:35.763] [Forge Version Check/INFO] [net.minecraftforge.fml.VersionChecker/]: [puzzleslib] Starting version check at https://raw.githubusercontent.com/Fuzss/modresources/main/update/puzzleslib.json
[08May2026 01:14:35.773] [Forge Version Check/INFO] [net.minecraftforge.fml.VersionChecker/]: [puzzleslib] Found status: UP_TO_DATE Current: 8.1.33 Target: null
[08May2026 01:14:35.773] [Forge Version Check/INFO] [net.minecraftforge.fml.VersionChecker/]: [aquamirae] Starting version check at https://raw.githubusercontent.com/ObscuriaLithium/modding/main/versions/aquamirae.json
[08May2026 01:14:35.785] [Forge Version Check/INFO] [net.minecraftforge.fml.VersionChecker/]: [aquamirae] Found status: OUTDATED Current: 6.3.3 Target: 6.4.0
[08May2026 01:14:35.785] [Forge Version Check/INFO] [net.minecraftforge.fml.VersionChecker/]: [blue_skies] Starting version check at http://changelogs.moddinglegacy.com/blue-skies.json
[08May2026 01:14:35.827] [Forge Version Check/INFO] [net.minecraftforge.fml.VersionChecker/]: [blue_skies] Found status: UP_TO_DATE Current: 1.3.31 Target: null
[08May2026 01:14:35.827] [Forge Version Check/INFO] [net.minecraftforge.fml.VersionChecker/]: [crittersandcompanions] Starting version check at https://api.modrinth.com/updates/critters-and-companions/forge_updates.json
[08May2026 01:14:35.849] [Forge Version Check/INFO] [net.minecraftforge.fml.VersionChecker/]: [crittersandcompanions] Found status: UP_TO_DATE Current: 1.20.1-2.3.5 Target: null
[08May2026 01:14:35.849] [Forge Version Check/INFO] [net.minecraftforge.fml.VersionChecker/]: [aether] Starting version check at https://github.com/The-Aether-Team/The-Aether/raw/1.20.1-develop/update.json
[08May2026 01:14:35.866] [Forge Version Check/INFO] [net.minecraftforge.fml.VersionChecker/]: [aether] Found status: UP_TO_DATE Current: 1.20.1-1.5.2-neoforge Target: null
[08May2026 01:14:35.866] [Forge Version Check/INFO] [net.minecraftforge.fml.VersionChecker/]: [lost_aether_content] Starting version check at http://changelogs.moddinglegacy.com/lost-content.json
[08May2026 01:14:35.902] [Forge Version Check/INFO] [net.minecraftforge.fml.VersionChecker/]: [lost_aether_content] Found status: UP_TO_DATE Current: 1.2.3 Target: null
[08May2026 01:14:35.903] [Forge Version Check/INFO] [net.minecraftforge.fml.VersionChecker/]: [deep_aether] Starting version check at https://github.com/RazorDevs/Deep-Aether/raw/1.20.1-1.1/update.json
[08May2026 01:14:35.923] [Forge Version Check/INFO] [net.minecraftforge.fml.VersionChecker/]: [deep_aether] Found status: UP_TO_DATE Current: 1.20.1-1.1.7 Target: null
[08May2026 01:14:35.923] [Forge Version Check/INFO] [net.minecraftforge.fml.VersionChecker/]: [horseexpert] Starting version check at https://raw.githubusercontent.com/Fuzss/modresources/main/update/horseexpert.json
[08May2026 01:14:36.068] [Forge Version Check/INFO] [net.minecraftforge.fml.VersionChecker/]: [horseexpert] Found status: UP_TO_DATE Current: 8.1.1 Target: null
[08May2026 01:14:36.068] [Forge Version Check/INFO] [net.minecraftforge.fml.VersionChecker/]: [additionalstructures] Starting version check at https://raw.githubusercontent.com/XxRexRaptorxX/Update-Checker/main/AdditionalStructures.json
[08May2026 01:14:36.082] [Forge Version Check/INFO] [net.minecraftforge.fml.VersionChecker/]: [additionalstructures] Found status: UP_TO_DATE Current: 4.2.2 Target: null
[08May2026 01:14:36.082] [Forge Version Check/INFO] [net.minecraftforge.fml.VersionChecker/]: [shulkerbox] Starting version check at https://maxhenkel.de/update/shulkerbox.json
[08May2026 01:14:36.585] [main/INFO] [com.mojang.authlib.yggdrasil.YggdrasilAuthenticationService/]: Environment: authHost='https://authserver.mojang.com', accountsHost='https://api.mojang.com', sessionHost='https://sessionserver.mojang.com', servicesHost='https://api.minecraftservices.com', name='PROD'
[08May2026 01:14:36.861] [Forge Version Check/INFO] [net.minecraftforge.fml.VersionChecker/]: [shulkerbox] Found status: UP_TO_DATE Current: 1.20.1-1.0.1 Target: null
[08May2026 01:14:36.861] [Forge Version Check/INFO] [net.minecraftforge.fml.VersionChecker/]: [twilightforest] Starting version check at https://gh.tamaized.com/TeamTwilight/twilightforest/update.json
[08May2026 01:14:36.936] [main/ERROR] [net.minecraft.Util/]: Entity illageandspillage:bone has no attributes
[08May2026 01:14:36.936] [main/ERROR] [net.minecraft.Util/]: Entity illageandspillage:axe has no attributes
[08May2026 01:14:36.936] [main/ERROR] [net.minecraft.Util/]: Entity illageandspillage:bone has no attributes
[08May2026 01:14:36.936] [main/ERROR] [net.minecraft.Util/]: Entity illageandspillage:axe has no attributes
[08May2026 01:14:36.936] [main/ERROR] [net.minecraft.Util/]: Entity illageandspillage:bone has no attributes
[08May2026 01:14:36.936] [main/ERROR] [net.minecraft.Util/]: Entity illageandspillage:axe has no attributes
[08May2026 01:14:36.936] [main/ERROR] [net.minecraft.Util/]: Entity illageandspillage:bone has no attributes
[08May2026 01:14:36.937] [main/ERROR] [net.minecraft.Util/]: Entity illageandspillage:axe has no attributes
[08May2026 01:14:36.937] [main/ERROR] [net.minecraft.Util/]: Entity illageandspillage:bone has no attributes
[08May2026 01:14:36.937] [main/ERROR] [net.minecraft.Util/]: Entity illageandspillage:axe has no attributes
[08May2026 01:14:36.937] [main/ERROR] [net.minecraft.Util/]: Entity illageandspillage:bone has no attributes
[08May2026 01:14:36.937] [main/ERROR] [net.minecraft.Util/]: Entity illageandspillage:axe has no attributes
[08May2026 01:14:36.937] [main/ERROR] [net.minecraft.Util/]: Entity illageandspillage:bone has no attributes
[08May2026 01:14:36.937] [main/ERROR] [net.minecraft.Util/]: Entity illageandspillage:axe has no attributes
[08May2026 01:14:36.937] [main/ERROR] [net.minecraft.Util/]: Entity illageandspillage:bone has no attributes
[08May2026 01:14:36.938] [main/ERROR] [net.minecraft.Util/]: Entity illageandspillage:axe has no attributes
[08May2026 01:14:36.938] [main/ERROR] [net.minecraft.Util/]: Entity illageandspillage:bone has no attributes
[08May2026 01:14:36.938] [main/ERROR] [net.minecraft.Util/]: Entity illageandspillage:axe has no attributes
[08May2026 01:14:36.938] [main/ERROR] [net.minecraft.Util/]: Entity illageandspillage:bone has no attributes
[08May2026 01:14:36.938] [main/ERROR] [net.minecraft.Util/]: Entity illageandspillage:axe has no attributes
[08May2026 01:14:36.938] [main/ERROR] [net.minecraft.Util/]: Entity illageandspillage:bone has no attributes
[08May2026 01:14:36.938] [main/ERROR] [net.minecraft.Util/]: Entity illageandspillage:axe has no attributes
[08May2026 01:14:36.938] [main/ERROR] [net.minecraft.Util/]: Entity illageandspillage:bone has no attributes
[08May2026 01:14:36.939] [main/ERROR] [net.minecraft.Util/]: Entity illageandspillage:axe has no attributes
[08May2026 01:14:36.939] [main/ERROR] [net.minecraft.Util/]: Entity illageandspillage:bone has no attributes
[08May2026 01:14:36.939] [main/ERROR] [net.minecraft.Util/]: Entity illageandspillage:axe has no attributes
[08May2026 01:14:36.939] [main/ERROR] [net.minecraft.Util/]: Entity illageandspillage:bone has no attributes
[08May2026 01:14:36.939] [main/ERROR] [net.minecraft.Util/]: Entity illageandspillage:axe has no attributes
[08May2026 01:14:36.939] [main/ERROR] [net.minecraft.Util/]: Entity illageandspillage:bone has no attributes
[08May2026 01:14:36.939] [main/ERROR] [net.minecraft.Util/]: Entity illageandspillage:axe has no attributes
[08May2026 01:14:36.939] [main/ERROR] [net.minecraft.Util/]: Entity illageandspillage:bone has no attributes
[08May2026 01:14:36.939] [main/ERROR] [net.minecraft.Util/]: Entity illageandspillage:axe has no attributes
[08May2026 01:14:36.940] [main/ERROR] [net.minecraft.Util/]: Entity illageandspillage:bone has no attributes
[08May2026 01:14:36.940] [main/ERROR] [net.minecraft.Util/]: Entity illageandspillage:axe has no attributes
[08May2026 01:14:36.940] [main/ERROR] [net.minecraft.Util/]: Entity illageandspillage:bone has no attributes
[08May2026 01:14:36.940] [main/ERROR] [net.minecraft.Util/]: Entity illageandspillage:axe has no attributes
[08May2026 01:14:36.940] [main/ERROR] [net.minecraft.Util/]: Entity illageandspillage:bone has no attributes
[08May2026 01:14:36.940] [main/ERROR] [net.minecraft.Util/]: Entity illageandspillage:axe has no attributes
[08May2026 01:14:36.940] [main/ERROR] [net.minecraft.Util/]: Entity illageandspillage:bone has no attributes
[08May2026 01:14:36.940] [main/ERROR] [net.minecraft.Util/]: Entity illageandspillage:axe has no attributes
[08May2026 01:14:36.941] [main/ERROR] [net.minecraft.Util/]: Entity illageandspillage:bone has no attributes
[08May2026 01:14:36.941] [main/ERROR] [net.minecraft.Util/]: Entity illageandspillage:axe has no attributes
[08May2026 01:14:36.941] [main/ERROR] [net.minecraft.Util/]: Entity illageandspillage:bone has no attributes
[08May2026 01:14:36.941] [main/ERROR] [net.minecraft.Util/]: Entity illageandspillage:axe has no attributes
[08May2026 01:14:36.941] [main/ERROR] [net.minecraft.Util/]: Entity illageandspillage:bone has no attributes
[08May2026 01:14:36.941] [main/ERROR] [net.minecraft.Util/]: Entity illageandspillage:axe has no attributes
[08May2026 01:14:36.941] [main/ERROR] [net.minecraft.Util/]: Entity illageandspillage:bone has no attributes
[08May2026 01:14:36.941] [main/ERROR] [net.minecraft.Util/]: Entity illageandspillage:axe has no attributes
[08May2026 01:14:36.942] [main/ERROR] [net.minecraft.Util/]: Entity illageandspillage:bone has no attributes
[08May2026 01:14:36.942] [main/ERROR] [net.minecraft.Util/]: Entity illageandspillage:axe has no attributes
[08May2026 01:14:36.942] [main/ERROR] [net.minecraft.Util/]: Entity illageandspillage:bone has no attributes
[08May2026 01:14:36.942] [main/ERROR] [net.minecraft.Util/]: Entity illageandspillage:axe has no attributes
[08May2026 01:14:36.942] [main/ERROR] [net.minecraft.Util/]: Entity illageandspillage:bone has no attributes
[08May2026 01:14:36.942] [main/ERROR] [net.minecraft.Util/]: Entity illageandspillage:axe has no attributes
[08May2026 01:14:36.943] [main/ERROR] [net.minecraft.Util/]: Entity illageandspillage:bone has no attributes
[08May2026 01:14:36.943] [main/ERROR] [net.minecraft.Util/]: Entity illageandspillage:axe has no attributes
[08May2026 01:14:36.943] [main/ERROR] [net.minecraft.Util/]: Entity illageandspillage:bone has no attributes
[08May2026 01:14:36.943] [main/ERROR] [net.minecraft.Util/]: Entity illageandspillage:axe has no attributes
[08May2026 01:14:36.943] [main/ERROR] [net.minecraft.Util/]: Entity illageandspillage:bone has no attributes
[08May2026 01:14:36.943] [main/ERROR] [net.minecraft.Util/]: Entity illageandspillage:axe has no attributes
[08May2026 01:14:36.944] [main/ERROR] [net.minecraft.Util/]: Entity illageandspillage:bone has no attributes
[08May2026 01:14:36.944] [main/ERROR] [net.minecraft.Util/]: Entity illageandspillage:axe has no attributes
[08May2026 01:14:36.944] [main/ERROR] [net.minecraft.Util/]: Entity illageandspillage:bone has no attributes
[08May2026 01:14:36.944] [main/ERROR] [net.minecraft.Util/]: Entity illageandspillage:axe has no attributes
[08May2026 01:14:36.945] [main/ERROR] [net.minecraft.Util/]: Entity illageandspillage:bone has no attributes
[08May2026 01:14:36.945] [main/ERROR] [net.minecraft.Util/]: Entity illageandspillage:axe has no attributes
[08May2026 01:14:36.945] [main/ERROR] [net.minecraft.Util/]: Entity illageandspillage:bone has no attributes
[08May2026 01:14:36.946] [main/ERROR] [net.minecraft.Util/]: Entity illageandspillage:axe has no attributes
[08May2026 01:14:36.946] [main/ERROR] [net.minecraft.Util/]: Entity illageandspillage:bone has no attributes
[08May2026 01:14:36.946] [main/ERROR] [net.minecraft.Util/]: Entity illageandspillage:axe has no attributes
[08May2026 01:14:36.946] [main/ERROR] [net.minecraft.Util/]: Entity illageandspillage:bone has no attributes
[08May2026 01:14:36.946] [main/ERROR] [net.minecraft.Util/]: Entity illageandspillage:axe has no attributes
[08May2026 01:14:36.947] [main/ERROR] [net.minecraft.Util/]: Entity illageandspillage:bone has no attributes
[08May2026 01:14:36.947] [main/ERROR] [net.minecraft.Util/]: Entity illageandspillage:axe has no attributes
[08May2026 01:14:36.947] [main/ERROR] [net.minecraft.Util/]: Entity illageandspillage:bone has no attributes
[08May2026 01:14:36.947] [main/ERROR] [net.minecraft.Util/]: Entity illageandspillage:axe has no attributes
[08May2026 01:14:36.947] [main/ERROR] [net.minecraft.Util/]: Entity illageandspillage:bone has no attributes
[08May2026 01:14:36.947] [main/ERROR] [net.minecraft.Util/]: Entity illageandspillage:axe has no attributes
[08May2026 01:14:36.947] [main/ERROR] [net.minecraft.Util/]: Entity illageandspillage:bone has no attributes
[08May2026 01:14:36.947] [main/ERROR] [net.minecraft.Util/]: Entity illageandspillage:axe has no attributes
[08May2026 01:14:36.948] [main/ERROR] [net.minecraft.Util/]: Entity illageandspillage:bone has no attributes
[08May2026 01:14:36.948] [main/ERROR] [net.minecraft.Util/]: Entity illageandspillage:axe has no attributes
[08May2026 01:14:36.948] [main/ERROR] [net.minecraft.Util/]: Entity illageandspillage:bone has no attributes
[08May2026 01:14:36.948] [main/ERROR] [net.minecraft.Util/]: Entity illageandspillage:axe has no attributes
[08May2026 01:14:36.948] [main/ERROR] [net.minecraft.Util/]: Entity illageandspillage:bone has no attributes
[08May2026 01:14:36.948] [main/ERROR] [net.minecraft.Util/]: Entity illageandspillage:axe has no attributes
[08May2026 01:14:36.949] [main/ERROR] [net.minecraft.Util/]: Entity illageandspillage:bone has no attributes
[08May2026 01:14:36.949] [main/ERROR] [net.minecraft.Util/]: Entity illageandspillage:axe has no attributes
[08May2026 01:14:36.949] [main/ERROR] [net.minecraft.Util/]: Entity illageandspillage:bone has no attributes
[08May2026 01:14:36.949] [main/ERROR] [net.minecraft.Util/]: Entity illageandspillage:axe has no attributes
[08May2026 01:14:36.949] [main/ERROR] [net.minecraft.Util/]: Entity illageandspillage:bone has no attributes
[08May2026 01:14:36.949] [main/ERROR] [net.minecraft.Util/]: Entity illageandspillage:axe has no attributes
[08May2026 01:14:36.950] [main/ERROR] [net.minecraft.Util/]: Entity illageandspillage:bone has no attributes
[08May2026 01:14:36.950] [main/ERROR] [net.minecraft.Util/]: Entity illageandspillage:axe has no attributes
[08May2026 01:14:36.950] [main/ERROR] [net.minecraft.Util/]: Entity illageandspillage:bone has no attributes
[08May2026 01:14:36.950] [main/ERROR] [net.minecraft.Util/]: Entity illageandspillage:axe has no attributes
[08May2026 01:14:36.950] [main/ERROR] [net.minecraft.Util/]: Entity illageandspillage:bone has no attributes
[08May2026 01:14:36.950] [main/ERROR] [net.minecraft.Util/]: Entity illageandspillage:axe has no attributes
[08May2026 01:14:36.950] [main/ERROR] [net.minecraft.Util/]: Entity illageandspillage:bone has no attributes
[08May2026 01:14:36.950] [main/ERROR] [net.minecraft.Util/]: Entity illageandspillage:axe has no attributes
[08May2026 01:14:36.950] [main/ERROR] [net.minecraft.Util/]: Entity illageandspillage:bone has no attributes
[08May2026 01:14:36.951] [main/ERROR] [net.minecraft.Util/]: Entity illageandspillage:axe has no attributes
[08May2026 01:14:36.951] [main/ERROR] [net.minecraft.Util/]: Entity illageandspillage:bone has no attributes
[08May2026 01:14:36.951] [main/ERROR] [net.minecraft.Util/]: Entity illageandspillage:axe has no attributes
[08May2026 01:14:36.951] [main/ERROR] [net.minecraft.Util/]: Entity illageandspillage:bone has no attributes
[08May2026 01:14:36.951] [main/ERROR] [net.minecraft.Util/]: Entity illageandspillage:axe has no attributes
[08May2026 01:14:36.951] [main/ERROR] [net.minecraft.Util/]: Entity illageandspillage:bone has no attributes
[08May2026 01:14:36.951] [main/ERROR] [net.minecraft.Util/]: Entity illageandspillage:axe has no attributes
[08May2026 01:14:36.951] [main/ERROR] [net.minecraft.Util/]: Entity illageandspillage:bone has no attributes
[08May2026 01:14:36.952] [main/ERROR] [net.minecraft.Util/]: Entity illageandspillage:axe has no attributes
[08May2026 01:14:36.952] [main/ERROR] [net.minecraft.Util/]: Entity illageandspillage:bone has no attributes
[08May2026 01:14:36.952] [main/ERROR] [net.minecraft.Util/]: Entity illageandspillage:axe has no attributes
[08May2026 01:14:36.952] [main/ERROR] [net.minecraft.Util/]: Entity illageandspillage:bone has no attributes
[08May2026 01:14:36.952] [main/ERROR] [net.minecraft.Util/]: Entity illageandspillage:axe has no attributes
[08May2026 01:14:36.952] [main/ERROR] [net.minecraft.Util/]: Entity illageandspillage:bone has no attributes
[08May2026 01:14:36.953] [main/ERROR] [net.minecraft.Util/]: Entity illageandspillage:axe has no attributes
[08May2026 01:14:36.953] [main/ERROR] [net.minecraft.Util/]: Entity illageandspillage:bone has no attributes
[08May2026 01:14:36.953] [main/ERROR] [net.minecraft.Util/]: Entity illageandspillage:axe has no attributes
[08May2026 01:14:36.953] [main/ERROR] [net.minecraft.Util/]: Entity illageandspillage:bone has no attributes
[08May2026 01:14:36.953] [main/ERROR] [net.minecraft.Util/]: Entity illageandspillage:axe has no attributes
[08May2026 01:14:36.954] [main/ERROR] [net.minecraft.Util/]: Entity illageandspillage:bone has no attributes
[08May2026 01:14:36.954] [main/ERROR] [net.minecraft.Util/]: Entity illageandspillage:axe has no attributes
[08May2026 01:14:36.954] [main/ERROR] [net.minecraft.Util/]: Entity illageandspillage:bone has no attributes
[08May2026 01:14:36.954] [main/ERROR] [net.minecraft.Util/]: Entity illageandspillage:axe has no attributes
[08May2026 01:14:36.955] [main/ERROR] [net.minecraft.Util/]: Entity illageandspillage:bone has no attributes
[08May2026 01:14:36.955] [main/ERROR] [net.minecraft.Util/]: Entity illageandspillage:axe has no attributes
[08May2026 01:14:36.955] [main/ERROR] [net.minecraft.Util/]: Entity illageandspillage:bone has no attributes
[08May2026 01:14:36.955] [main/ERROR] [net.minecraft.Util/]: Entity illageandspillage:axe has no attributes
[08May2026 01:14:36.955] [main/ERROR] [net.minecraft.Util/]: Entity illageandspillage:bone has no attributes
[08May2026 01:14:36.956] [main/ERROR] [net.minecraft.Util/]: Entity illageandspillage:axe has no attributes
[08May2026 01:14:36.956] [main/ERROR] [net.minecraft.Util/]: Entity illageandspillage:bone has no attributes
[08May2026 01:14:36.956] [main/ERROR] [net.minecraft.Util/]: Entity illageandspillage:axe has no attributes
[08May2026 01:14:36.956] [main/ERROR] [net.minecraft.Util/]: Entity illageandspillage:bone has no attributes
[08May2026 01:14:36.956] [main/ERROR] [net.minecraft.Util/]: Entity illageandspillage:axe has no attributes
[08May2026 01:14:37.382] [main/ERROR] [net.minecraft.Util/]: Entity illageandspillage:bone has no attributes
[08May2026 01:14:37.382] [main/ERROR] [net.minecraft.Util/]: Entity illageandspillage:axe has no attributes
[08May2026 01:14:37.382] [main/ERROR] [net.minecraft.Util/]: Entity illageandspillage:bone has no attributes
[08May2026 01:14:37.382] [main/ERROR] [net.minecraft.Util/]: Entity illageandspillage:axe has no attributes
[08May2026 01:14:37.382] [main/ERROR] [net.minecraft.Util/]: Entity illageandspillage:bone has no attributes
[08May2026 01:14:37.382] [main/ERROR] [net.minecraft.Util/]: Entity illageandspillage:axe has no attributes
[08May2026 01:14:37.383] [main/ERROR] [net.minecraft.Util/]: Entity illageandspillage:bone has no attributes
[08May2026 01:14:37.383] [main/ERROR] [net.minecraft.Util/]: Entity illageandspillage:axe has no attributes
[08May2026 01:14:37.383] [main/ERROR] [net.minecraft.Util/]: Entity illageandspillage:bone has no attributes
[08May2026 01:14:37.383] [main/ERROR] [net.minecraft.Util/]: Entity illageandspillage:axe has no attributes
[08May2026 01:14:37.383] [main/ERROR] [net.minecraft.Util/]: Entity illageandspillage:bone has no attributes
[08May2026 01:14:37.383] [main/ERROR] [net.minecraft.Util/]: Entity illageandspillage:axe has no attributes
[08May2026 01:14:37.383] [main/ERROR] [net.minecraft.Util/]: Entity illageandspillage:bone has no attributes
[08May2026 01:14:37.384] [main/ERROR] [net.minecraft.Util/]: Entity illageandspillage:axe has no attributes
[08May2026 01:14:37.384] [main/ERROR] [net.minecraft.Util/]: Entity illageandspillage:bone has no attributes
[08May2026 01:14:37.384] [main/ERROR] [net.minecraft.Util/]: Entity illageandspillage:axe has no attributes
[08May2026 01:14:37.384] [main/ERROR] [net.minecraft.Util/]: Entity illageandspillage:bone has no attributes
[08May2026 01:14:37.384] [main/ERROR] [net.minecraft.Util/]: Entity illageandspillage:axe has no attributes
[08May2026 01:14:37.384] [main/ERROR] [net.minecraft.Util/]: Entity illageandspillage:bone has no attributes
[08May2026 01:14:37.384] [main/ERROR] [net.minecraft.Util/]: Entity illageandspillage:axe has no attributes
[08May2026 01:14:37.385] [main/ERROR] [net.minecraft.Util/]: Entity illageandspillage:bone has no attributes
[08May2026 01:14:37.385] [main/ERROR] [net.minecraft.Util/]: Entity illageandspillage:axe has no attributes
[08May2026 01:14:37.385] [main/ERROR] [net.minecraft.Util/]: Entity illageandspillage:bone has no attributes
[08May2026 01:14:37.385] [main/ERROR] [net.minecraft.Util/]: Entity illageandspillage:axe has no attributes
[08May2026 01:14:37.385] [main/ERROR] [net.minecraft.Util/]: Entity illageandspillage:bone has no attributes
[08May2026 01:14:37.385] [main/ERROR] [net.minecraft.Util/]: Entity illageandspillage:axe has no attributes
[08May2026 01:14:37.385] [main/ERROR] [net.minecraft.Util/]: Entity illageandspillage:bone has no attributes
[08May2026 01:14:37.385] [main/ERROR] [net.minecraft.Util/]: Entity illageandspillage:axe has no attributes
[08May2026 01:14:37.386] [main/ERROR] [net.minecraft.Util/]: Entity illageandspillage:bone has no attributes
[08May2026 01:14:37.386] [main/ERROR] [net.minecraft.Util/]: Entity illageandspillage:axe has no attributes
[08May2026 01:14:37.386] [main/ERROR] [net.minecraft.Util/]: Entity illageandspillage:bone has no attributes
[08May2026 01:14:37.386] [main/ERROR] [net.minecraft.Util/]: Entity illageandspillage:axe has no attributes
[08May2026 01:14:37.386] [main/ERROR] [net.minecraft.Util/]: Entity illageandspillage:bone has no attributes
[08May2026 01:14:37.386] [main/ERROR] [net.minecraft.Util/]: Entity illageandspillage:axe has no attributes
[08May2026 01:14:37.387] [main/ERROR] [net.minecraft.Util/]: Entity illageandspillage:bone has no attributes
[08May2026 01:14:37.387] [main/ERROR] [net.minecraft.Util/]: Entity illageandspillage:axe has no attributes
[08May2026 01:14:37.387] [main/ERROR] [net.minecraft.Util/]: Entity illageandspillage:bone has no attributes
[08May2026 01:14:37.387] [main/ERROR] [net.minecraft.Util/]: Entity illageandspillage:axe has no attributes
[08May2026 01:14:37.387] [main/ERROR] [net.minecraft.Util/]: Entity illageandspillage:bone has no attributes
[08May2026 01:14:37.387] [main/ERROR] [net.minecraft.Util/]: Entity illageandspillage:axe has no attributes
[08May2026 01:14:37.387] [main/ERROR] [net.minecraft.Util/]: Entity illageandspillage:bone has no attributes
[08May2026 01:14:37.387] [main/ERROR] [net.minecraft.Util/]: Entity illageandspillage:axe has no attributes
[08May2026 01:14:37.388] [main/ERROR] [net.minecraft.Util/]: Entity illageandspillage:bone has no attributes
[08May2026 01:14:37.388] [main/ERROR] [net.minecraft.Util/]: Entity illageandspillage:axe has no attributes
[08May2026 01:14:37.388] [main/ERROR] [net.minecraft.Util/]: Entity illageandspillage:bone has no attributes
[08May2026 01:14:37.388] [main/ERROR] [net.minecraft.Util/]: Entity illageandspillage:axe has no attributes
[08May2026 01:14:37.388] [main/ERROR] [net.minecraft.Util/]: Entity illageandspillage:bone has no attributes
[08May2026 01:14:37.388] [main/ERROR] [net.minecraft.Util/]: Entity illageandspillage:axe has no attributes
[08May2026 01:14:37.389] [main/ERROR] [net.minecraft.Util/]: Entity illageandspillage:bone has no attributes
[08May2026 01:14:37.389] [main/ERROR] [net.minecraft.Util/]: Entity illageandspillage:axe has no attributes
[08May2026 01:14:37.389] [main/ERROR] [net.minecraft.Util/]: Entity illageandspillage:bone has no attributes
[08May2026 01:14:37.389] [main/ERROR] [net.minecraft.Util/]: Entity illageandspillage:axe has no attributes
[08May2026 01:14:37.389] [main/ERROR] [net.minecraft.Util/]: Entity illageandspillage:bone has no attributes
[08May2026 01:14:37.389] [main/ERROR] [net.minecraft.Util/]: Entity illageandspillage:axe has no attributes
[08May2026 01:14:37.389] [main/ERROR] [net.minecraft.Util/]: Entity illageandspillage:bone has no attributes
[08May2026 01:14:37.389] [main/ERROR] [net.minecraft.Util/]: Entity illageandspillage:axe has no attributes
[08May2026 01:14:37.390] [main/ERROR] [net.minecraft.Util/]: Entity illageandspillage:bone has no attributes
[08May2026 01:14:37.390] [main/ERROR] [net.minecraft.Util/]: Entity illageandspillage:axe has no attributes
[08May2026 01:14:37.390] [main/ERROR] [net.minecraft.Util/]: Entity illageandspillage:bone has no attributes
[08May2026 01:14:37.390] [main/ERROR] [net.minecraft.Util/]: Entity illageandspillage:axe has no attributes
[08May2026 01:14:37.390] [main/ERROR] [net.minecraft.Util/]: Entity illageandspillage:bone has no attributes
[08May2026 01:14:37.390] [main/ERROR] [net.minecraft.Util/]: Entity illageandspillage:axe has no attributes
[08May2026 01:14:37.391] [main/ERROR] [net.minecraft.Util/]: Entity illageandspillage:bone has no attributes
[08May2026 01:14:37.391] [main/ERROR] [net.minecraft.Util/]: Entity illageandspillage:axe has no attributes
[08May2026 01:14:37.391] [main/ERROR] [net.minecraft.Util/]: Entity illageandspillage:bone has no attributes
[08May2026 01:14:37.391] [main/ERROR] [net.minecraft.Util/]: Entity illageandspillage:axe has no attributes
[08May2026 01:14:37.391] [main/ERROR] [net.minecraft.Util/]: Entity illageandspillage:bone has no attributes
[08May2026 01:14:37.391] [main/ERROR] [net.minecraft.Util/]: Entity illageandspillage:axe has no attributes
[08May2026 01:14:37.391] [main/ERROR] [net.minecraft.Util/]: Entity illageandspillage:bone has no attributes
[08May2026 01:14:37.392] [main/ERROR] [net.minecraft.Util/]: Entity illageandspillage:axe has no attributes
[08May2026 01:14:37.392] [main/ERROR] [net.minecraft.Util/]: Entity illageandspillage:bone has no attributes
[08May2026 01:14:37.392] [main/ERROR] [net.minecraft.Util/]: Entity illageandspillage:axe has no attributes
[08May2026 01:14:37.392] [main/ERROR] [net.minecraft.Util/]: Entity illageandspillage:bone has no attributes
[08May2026 01:14:37.392] [main/ERROR] [net.minecraft.Util/]: Entity illageandspillage:axe has no attributes
[08May2026 01:14:37.392] [main/ERROR] [net.minecraft.Util/]: Entity illageandspillage:bone has no attributes
[08May2026 01:14:37.392] [main/ERROR] [net.minecraft.Util/]: Entity illageandspillage:axe has no attributes
[08May2026 01:14:37.393] [main/ERROR] [net.minecraft.Util/]: Entity illageandspillage:bone has no attributes
[08May2026 01:14:37.393] [main/ERROR] [net.minecraft.Util/]: Entity illageandspillage:axe has no attributes
[08May2026 01:14:37.393] [main/ERROR] [net.minecraft.Util/]: Entity illageandspillage:bone has no attributes
[08May2026 01:14:37.393] [main/ERROR] [net.minecraft.Util/]: Entity illageandspillage:axe has no attributes
[08May2026 01:14:37.393] [main/ERROR] [net.minecraft.Util/]: Entity illageandspillage:bone has no attributes
[08May2026 01:14:37.393] [main/ERROR] [net.minecraft.Util/]: Entity illageandspillage:axe has no attributes
[08May2026 01:14:37.393] [main/ERROR] [net.minecraft.Util/]: Entity illageandspillage:bone has no attributes
[08May2026 01:14:37.393] [main/ERROR] [net.minecraft.Util/]: Entity illageandspillage:axe has no attributes
[08May2026 01:14:37.394] [main/ERROR] [net.minecraft.Util/]: Entity illageandspillage:bone has no attributes
[08May2026 01:14:37.394] [main/ERROR] [net.minecraft.Util/]: Entity illageandspillage:axe has no attributes
[08May2026 01:14:37.394] [main/ERROR] [net.minecraft.Util/]: Entity illageandspillage:bone has no attributes
[08May2026 01:14:37.394] [main/ERROR] [net.minecraft.Util/]: Entity illageandspillage:axe has no attributes
[08May2026 01:14:37.394] [main/ERROR] [net.minecraft.Util/]: Entity illageandspillage:bone has no attributes
[08May2026 01:14:37.394] [main/ERROR] [net.minecraft.Util/]: Entity illageandspillage:axe has no attributes
[08May2026 01:14:37.395] [main/ERROR] [net.minecraft.Util/]: Entity illageandspillage:bone has no attributes
[08May2026 01:14:37.395] [main/ERROR] [net.minecraft.Util/]: Entity illageandspillage:axe has no attributes
[08May2026 01:14:37.395] [main/ERROR] [net.minecraft.Util/]: Entity illageandspillage:bone has no attributes
[08May2026 01:14:37.395] [main/ERROR] [net.minecraft.Util/]: Entity illageandspillage:axe has no attributes
[08May2026 01:14:37.395] [main/ERROR] [net.minecraft.Util/]: Entity illageandspillage:bone has no attributes
[08May2026 01:14:37.395] [main/ERROR] [net.minecraft.Util/]: Entity illageandspillage:axe has no attributes
[08May2026 01:14:37.395] [main/ERROR] [net.minecraft.Util/]: Entity illageandspillage:bone has no attributes
[08May2026 01:14:37.395] [main/ERROR] [net.minecraft.Util/]: Entity illageandspillage:axe has no attributes
[08May2026 01:14:37.395] [main/ERROR] [net.minecraft.Util/]: Entity illageandspillage:bone has no attributes
[08May2026 01:14:37.396] [main/ERROR] [net.minecraft.Util/]: Entity illageandspillage:axe has no attributes
[08May2026 01:14:37.396] [main/ERROR] [net.minecraft.Util/]: Entity illageandspillage:bone has no attributes
[08May2026 01:14:37.396] [main/ERROR] [net.minecraft.Util/]: Entity illageandspillage:axe has no attributes
[08May2026 01:14:37.396] [main/ERROR] [net.minecraft.Util/]: Entity illageandspillage:bone has no attributes
[08May2026 01:14:37.396] [main/ERROR] [net.minecraft.Util/]: Entity illageandspillage:axe has no attributes
[08May2026 01:14:37.396] [main/ERROR] [net.minecraft.Util/]: Entity illageandspillage:bone has no attributes
[08May2026 01:14:37.396] [main/ERROR] [net.minecraft.Util/]: Entity illageandspillage:axe has no attributes
[08May2026 01:14:37.396] [main/ERROR] [net.minecraft.Util/]: Entity illageandspillage:bone has no attributes
[08May2026 01:14:37.397] [main/ERROR] [net.minecraft.Util/]: Entity illageandspillage:axe has no attributes
[08May2026 01:14:37.397] [main/ERROR] [net.minecraft.Util/]: Entity illageandspillage:bone has no attributes
[08May2026 01:14:37.397] [main/ERROR] [net.minecraft.Util/]: Entity illageandspillage:axe has no attributes
[08May2026 01:14:37.397] [main/ERROR] [net.minecraft.Util/]: Entity illageandspillage:bone has no attributes
[08May2026 01:14:37.397] [main/ERROR] [net.minecraft.Util/]: Entity illageandspillage:axe has no attributes
[08May2026 01:14:37.397] [main/ERROR] [net.minecraft.Util/]: Entity illageandspillage:bone has no attributes
[08May2026 01:14:37.397] [main/ERROR] [net.minecraft.Util/]: Entity illageandspillage:axe has no attributes
[08May2026 01:14:37.398] [main/ERROR] [net.minecraft.Util/]: Entity illageandspillage:bone has no attributes
[08May2026 01:14:37.398] [main/ERROR] [net.minecraft.Util/]: Entity illageandspillage:axe has no attributes
[08May2026 01:14:37.398] [main/ERROR] [net.minecraft.Util/]: Entity illageandspillage:bone has no attributes
[08May2026 01:14:37.398] [main/ERROR] [net.minecraft.Util/]: Entity illageandspillage:axe has no attributes
[08May2026 01:14:37.398] [main/ERROR] [net.minecraft.Util/]: Entity illageandspillage:bone has no attributes
[08May2026 01:14:37.398] [main/ERROR] [net.minecraft.Util/]: Entity illageandspillage:axe has no attributes
[08May2026 01:14:37.398] [main/ERROR] [net.minecraft.Util/]: Entity illageandspillage:bone has no attributes
[08May2026 01:14:37.398] [main/ERROR] [net.minecraft.Util/]: Entity illageandspillage:axe has no attributes
[08May2026 01:14:37.399] [main/ERROR] [net.minecraft.Util/]: Entity illageandspillage:bone has no attributes
[08May2026 01:14:37.399] [main/ERROR] [net.minecraft.Util/]: Entity illageandspillage:axe has no attributes
[08May2026 01:14:37.399] [main/ERROR] [net.minecraft.Util/]: Entity illageandspillage:bone has no attributes
[08May2026 01:14:37.399] [main/ERROR] [net.minecraft.Util/]: Entity illageandspillage:axe has no attributes
[08May2026 01:14:37.399] [main/ERROR] [net.minecraft.Util/]: Entity illageandspillage:bone has no attributes
[08May2026 01:14:37.399] [main/ERROR] [net.minecraft.Util/]: Entity illageandspillage:axe has no attributes
[08May2026 01:14:37.399] [main/ERROR] [net.minecraft.Util/]: Entity illageandspillage:bone has no attributes
[08May2026 01:14:37.399] [main/ERROR] [net.minecraft.Util/]: Entity illageandspillage:axe has no attributes
[08May2026 01:14:37.399] [main/ERROR] [net.minecraft.Util/]: Entity illageandspillage:bone has no attributes
[08May2026 01:14:37.400] [main/ERROR] [net.minecraft.Util/]: Entity illageandspillage:axe has no attributes
[08May2026 01:14:37.400] [main/ERROR] [net.minecraft.Util/]: Entity illageandspillage:bone has no attributes
[08May2026 01:14:37.400] [main/ERROR] [net.minecraft.Util/]: Entity illageandspillage:axe has no attributes
[08May2026 01:14:37.434] [Forge Version Check/INFO] [net.minecraftforge.fml.VersionChecker/]: [twilightforest] Found status: AHEAD Current: 4.3.2508 Target: null
[08May2026 01:14:37.435] [Forge Version Check/INFO] [net.minecraftforge.fml.VersionChecker/]: [mcwfences] Starting version check at https://raw.githubusercontent.com/sketchmacaw/macawsmods/master/fences.json
[08May2026 01:14:37.448] [Forge Version Check/INFO] [net.minecraftforge.fml.VersionChecker/]: [mcwfences] Found status: UP_TO_DATE Current: 1.2.1 Target: null
[08May2026 01:14:37.448] [Forge Version Check/INFO] [net.minecraftforge.fml.VersionChecker/]: [dungeons_enhanced] Starting version check at https://raw.githubusercontent.com/Ametrin-Studios/DungeonsEnhanced/refs/heads/master/update.json
[08May2026 01:14:37.459] [Forge Version Check/INFO] [net.minecraftforge.fml.VersionChecker/]: [dungeons_enhanced] Found status: UP_TO_DATE Current: 5.4.3 Target: null
[08May2026 01:14:37.460] [Forge Version Check/INFO] [net.minecraftforge.fml.VersionChecker/]: [witherstormmod] Starting version check at https://raw.githubusercontent.com/nonamecrackers2/cwsm-update-info/main/update_checker.json
[08May2026 01:14:37.469] [Forge Version Check/INFO] [net.minecraftforge.fml.VersionChecker/]: [witherstormmod] Found status: UP_TO_DATE Current: 4.2.1 Target: null
[08May2026 01:14:37.469] [Forge Version Check/INFO] [net.minecraftforge.fml.VersionChecker/]: [smallships] Starting version check at https://raw.githubusercontent.com/talhanation/smallships/main/update.json
[08May2026 01:14:37.493] [Forge Version Check/INFO] [net.minecraftforge.fml.VersionChecker/]: [smallships] Found status: UP_TO_DATE Current: 2.0.0-b1.4 Target: null
[08May2026 01:14:37.493] [Forge Version Check/INFO] [net.minecraftforge.fml.VersionChecker/]: [tradingpost] Starting version check at https://raw.githubusercontent.com/Fuzss/modresources/main/update/tradingpost.json
[08May2026 01:14:37.502] [Forge Version Check/INFO] [net.minecraftforge.fml.VersionChecker/]: [tradingpost] Found status: UP_TO_DATE Current: 8.0.2 Target: null
[08May2026 01:14:37.503] [Forge Version Check/INFO] [net.minecraftforge.fml.VersionChecker/]: [cucumber] Starting version check at https://api.blakesmods.com/v2/mods/cucumber/1.20/updates
[08May2026 01:14:37.589] [Forge Version Check/INFO] [net.minecraftforge.fml.VersionChecker/]: [cucumber] Found status: UP_TO_DATE Current: 7.0.16 Target: null
[08May2026 01:14:37.589] [Forge Version Check/INFO] [net.minecraftforge.fml.VersionChecker/]: [journeymap] Starting version check at https://forge.curseupdate.com/32274/journeymap
[08May2026 01:14:37.606] [Forge Version Check/INFO] [net.minecraftforge.fml.VersionChecker/]: [journeymap] Found status: UP_TO_DATE Current: 5.10.3 Target: null
[08May2026 01:14:37.607] [Forge Version Check/INFO] [net.minecraftforge.fml.VersionChecker/]: [charginggadgets] Starting version check at https://raw.githubusercontent.com/Direwolf20-MC/ChargingGadgets/master/update.json
[08May2026 01:14:37.622] [Forge Version Check/INFO] [net.minecraftforge.fml.VersionChecker/]: [charginggadgets] Found status: BETA Current: 1.11.0 Target: null
[08May2026 01:14:37.622] [Forge Version Check/INFO] [net.minecraftforge.fml.VersionChecker/]: [cutthrough] Starting version check at https://raw.githubusercontent.com/Fuzss/modresources/main/update/cutthrough.json
[08May2026 01:14:37.642] [Forge Version Check/INFO] [net.minecraftforge.fml.VersionChecker/]: [cutthrough] Found status: UP_TO_DATE Current: 8.0.2 Target: null
[08May2026 01:14:37.643] [Forge Version Check/INFO] [net.minecraftforge.fml.VersionChecker/]: [moonlight] Starting version check at https://api.modrinth.com/updates/moonlight/forge_updates.json
[08May2026 01:14:37.687] [Forge Version Check/INFO] [net.minecraftforge.fml.VersionChecker/]: [moonlight] Found status: OUTDATED Current: 1.20-2.16.28 Target: 1.20-2.16.31-forge
[08May2026 01:14:37.687] [Forge Version Check/INFO] [net.minecraftforge.fml.VersionChecker/]: [barteringstation] Starting version check at https://raw.githubusercontent.com/Fuzss/modresources/main/update/barteringstation.json
[08May2026 01:14:37.697] [Forge Version Check/INFO] [net.minecraftforge.fml.VersionChecker/]: [barteringstation] Found status: UP_TO_DATE Current: 8.0.0 Target: null
[08May2026 01:14:37.697] [Forge Version Check/INFO] [net.minecraftforge.fml.VersionChecker/]: [iceberg] Starting version check at https://mc-update-check.anthonyhilyard.com/520110
[08May2026 01:14:37.726] [Forge Version Check/INFO] [net.minecraftforge.fml.VersionChecker/]: [iceberg] Found status: UP_TO_DATE Current: 1.1.25 Target: null
[08May2026 01:14:37.729] [Forge Version Check/INFO] [net.minecraftforge.fml.VersionChecker/]: [supplementaries] Starting version check at https://api.modrinth.com/updates/supplementaries/forge_updates.json
[08May2026 01:14:37.765] [Forge Version Check/INFO] [net.minecraftforge.fml.VersionChecker/]: [supplementaries] Found status: OUTDATED Current: 1.20-3.1.43 Target: 1.20-3.1.43-forge
[08May2026 01:14:37.765] [Forge Version Check/INFO] [net.minecraftforge.fml.VersionChecker/]: [delightful] Starting version check at https://raw.githubusercontent.com/brnbrd/Delightful/1.20.1/update/update.json
[08May2026 01:14:37.778] [Forge Version Check/INFO] [net.minecraftforge.fml.VersionChecker/]: [delightful] Found status: UP_TO_DATE Current: 3.7.8 Target: null
[08May2026 01:14:38.233] [main/WARN] [supermartijn642corelib/]: Could not find value 'formations:template_editor' in registry 'minecraft:item' for @RegistryEntryAcceptor!
[08May2026 01:14:38.470] [main/WARN] [net.minecraft.server.packs.VanillaPackResourcesBuilder/]: Assets URL 'union:/workspaces/effective-couscous/servidor_minecraft/libraries/net/minecraft/server/1.20.1-20230612.114412/server-1.20.1-20230612.114412-srg.jar%23777!/assets/.mcassetsroot' uses unexpected schema
[08May2026 01:14:38.470] [main/WARN] [net.minecraft.server.packs.VanillaPackResourcesBuilder/]: Assets URL 'union:/workspaces/effective-couscous/servidor_minecraft/libraries/net/minecraft/server/1.20.1-20230612.114412/server-1.20.1-20230612.114412-srg.jar%23777!/data/.mcassetsroot' uses unexpected schema
[08May2026 01:14:39.094] [main/INFO] [com.simibubi.create.Create/]: Created 1352 recipes which will be injected into the game
[08May2026 01:14:39.117] [main/INFO] [com.simibubi.create.Create/]: Created 53 tags which will be injected into the game
[08May2026 01:14:39.348] [main/INFO] [End's Phantasm/]: [Phantasm] Loading Configs for Phantasm
[08May2026 01:14:39.348] [main/WARN] [End's Phantasm/]: [Phantasm] Couldn't find config value for path : "[generation, raw_purpur, enable]", defaulting to true
[08May2026 01:14:39.348] [main/WARN] [End's Phantasm/]: [Phantasm] Couldn't find config value for path : "[generation, raw_purpur, first_stripe]", defaulting to 29
[08May2026 01:14:39.348] [main/WARN] [End's Phantasm/]: [Phantasm] Couldn't find config value for path : "[generation, fallen_stars, enable]", defaulting to true
[08May2026 01:14:39.348] [main/WARN] [End's Phantasm/]: [Phantasm] Couldn't find config value for path : "[generation, biomes, datapack_compatibility]", defaulting to automatic
[08May2026 01:14:39.349] [main/WARN] [End's Phantasm/]: [Phantasm] Couldn't find config value for path : "[generation, biomes, noise_scale]", defaulting to 2
[08May2026 01:14:39.349] [main/WARN] [End's Phantasm/]: [Phantasm] Couldn't find config value for path : "[generation, biomes, weights, end_highlands]", defaulting to 1.2
[08May2026 01:14:39.349] [main/WARN] [End's Phantasm/]: [Phantasm] Couldn't find config value for path : "[generation, biomes, weights, dreaming_den]", defaulting to 1.5
[08May2026 01:14:39.349] [main/WARN] [End's Phantasm/]: [Phantasm] Couldn't find config value for path : "[generation, biomes, weights, acidburnt_abysses]", defaulting to 1.2
[08May2026 01:14:39.349] [main/WARN] [End's Phantasm/]: [Phantasm] Couldn't find config value for path : "[general, outer_end_before_dragon]", defaulting to true
[08May2026 01:14:39.349] [main/WARN] [End's Phantasm/]: [Phantasm] Couldn't find config value for path : "[general, show_cutscene]", defaulting to true
[08May2026 01:14:39.349] [main/WARN] [End's Phantasm/]: [Phantasm] Couldn't find config value for path : "[general, dark_end]", defaulting to false
[08May2026 01:14:39.349] [main/WARN] [End's Phantasm/]: [Phantasm] Couldn't find config value for path : "[general, challenge, alternate_barrier]", defaulting to false
[08May2026 01:14:39.349] [main/WARN] [End's Phantasm/]: [Phantasm] Couldn't find config value for path : "[general, challenge, radius]", defaulting to 16
[08May2026 01:14:39.349] [main/WARN] [End's Phantasm/]: [Phantasm] Couldn't find config value for path : "[general, dragon_fight, explosive_fireballs]", defaulting to true
[08May2026 01:14:39.349] [main/WARN] [End's Phantasm/]: [Phantasm] Couldn't find config value for path : "[general, dragon_fight, passive_endermen]", defaulting to false
[08May2026 01:14:39.349] [main/WARN] [End's Phantasm/]: [Phantasm] Couldn't find config value for path : "[general, dragon_fight, obsidian_tower, beautify]", defaulting to true
[08May2026 01:14:39.349] [main/WARN] [End's Phantasm/]: [Phantasm] Couldn't find config value for path : "[general, dragon_fight, obsidian_tower, no_crystal_cages]", defaulting to false
[08May2026 01:14:39.349] [main/WARN] [End's Phantasm/]: [Phantasm] Couldn't find config value for path : "[general, dragon_fight, obsidian_tower, extra_height]", defaulting to 0
[08May2026 01:14:39.350] [main/WARN] [End's Phantasm/]: [Phantasm] Couldn't find config value for path : "[general, equipment, elytra, boost_advancement]", defaulting to minecraft:end/kill_dragon
[08May2026 01:14:39.350] [main/WARN] [End's Phantasm/]: [Phantasm] Couldn't find config value for path : "[general, equipment, elytra, has_challenge]", defaulting to true
[08May2026 01:14:39.350] [main/WARN] [End's Phantasm/]: [Phantasm] Couldn't find config value for path : "[general, equipment, elytra, challenge_rune_offset]", defaulting to [0.0, 2.0, 8.0]
[08May2026 01:14:39.350] [main/WARN] [End's Phantasm/]: [Phantasm] Couldn't find config value for path : "[general, equipment, shattered_pendant, durability]", defaulting to 6
[08May2026 01:14:39.350] [main/WARN] [End's Phantasm/]: [Phantasm] Couldn't find config value for path : "[dreaming_den, entities, behemoth, aggro_range]", defaulting to 6
[08May2026 01:14:39.350] [main/WARN] [End's Phantasm/]: [Phantasm] Couldn't find config value for path : "[dreaming_den, entities, behemoth, sneaking_aggro_range]", defaulting to 0
[08May2026 01:14:39.350] [main/WARN] [End's Phantasm/]: [Phantasm] Couldn't find config value for path : "[dreaming_den, equipment, chorus_fruit_salad, teleportation]", defaulting to true
[08May2026 01:14:39.350] [main/WARN] [End's Phantasm/]: [Phantasm] Couldn't find config value for path : "[dreaming_den, equipment, chorus_fruit_salad, stack_size]", defaulting to 4
[08May2026 01:14:39.350] [main/WARN] [End's Phantasm/]: [Phantasm] Couldn't find config value for path : "[dreaming_den, equipment, crystalline_tools, durability]", defaulting to 712
[08May2026 01:14:39.350] [main/WARN] [End's Phantasm/]: [Phantasm] Couldn't find config value for path : "[dreaming_den, equipment, crystalline_tools, efficiency_boost]", defaulting to 3
[08May2026 01:14:39.350] [main/WARN] [End's Phantasm/]: [Phantasm] Couldn't find config value for path : "[acidburnt_abysses, equipment, choral_arrow, crossbow_range]", defaulting to 10
[08May2026 01:14:39.350] [main/WARN] [End's Phantasm/]: [Phantasm] Couldn't find config value for path : "[acidburnt_abysses, equipment, choral_arrow, charm_duration]", defaulting to 20
[08May2026 01:14:39.350] [main/WARN] [End's Phantasm/]: [Phantasm] Couldn't find config value for path : "[acidburnt_abysses, equipment, choral_arrow, player_charm_duration]", defaulting to 40
[08May2026 01:14:39.350] [main/WARN] [End's Phantasm/]: [Phantasm] Couldn't find config value for path : "[acidburnt_abysses, equipment, subwoofer, range]", defaulting to 8
[08May2026 01:14:39.351] [main/WARN] [End's Phantasm/]: [Phantasm] Couldn't find config value for path : "[acidburnt_abysses, equipment, corrosion, damage_multiplier]", defaulting to 0.2
[08May2026 01:14:39.351] [main/WARN] [End's Phantasm/]: [Phantasm] Couldn't find config value for path : "[acidburnt_abysses, equipment, corrosion, corrosive_food, pomb_slice]", defaulting to 60
[08May2026 01:14:39.351] [main/WARN] [End's Phantasm/]: [Phantasm] Couldn't find config value for path : "[acidburnt_abysses, equipment, corrosion, corrosive_food, pop_rock_candy]", defaulting to 120
[08May2026 01:14:39.351] [main/WARN] [End's Phantasm/]: [Phantasm] Couldn't find config value for path : "[acidburnt_abysses, equipment, corrosion, corrosive_food, duration]", defaulting to 80
[08May2026 01:14:39.351] [main/WARN] [End's Phantasm/]: [Phantasm] Couldn't find config value for path : "[acidburnt_abysses, equipment, corrosion, corrosive_food, amplifier]", defaulting to 0
[08May2026 01:14:39.351] [main/WARN] [End's Phantasm/]: [Phantasm] Couldn't find config value for path : "[acidburnt_abysses, equipment, corrosion, falling_pomb, damage]", defaulting to 5
[08May2026 01:14:39.351] [main/WARN] [End's Phantasm/]: [Phantasm] Couldn't find config value for path : "[acidburnt_abysses, equipment, corrosion, falling_pomb, duration]", defaulting to 200
[08May2026 01:14:39.351] [main/WARN] [End's Phantasm/]: [Phantasm] Couldn't find config value for path : "[acidburnt_abysses, equipment, corrosion, falling_pomb, amplifier]", defaulting to 0
[08May2026 01:14:39.351] [main/WARN] [End's Phantasm/]: [Phantasm] Your Phantasm configs are outdated! Consider deleting them so they can refresh
[08May2026 01:14:40.983] [main/INFO] [com.teamabnormals.blueprint.core.Blueprint/]: Successfully loaded 0 data remolders!
[08May2026 01:14:40.988] [main/INFO] [Moonlight/]: Starting runtime resource generation for pack type SERVER_DATA with generators from mods [supplementaries, goated, suppsquared]: [net.mehvahdjukaar.supplementaries.dynamicpack.ServerDynamicResourcesGenerator@13daeedd, net.mehvahdjukaar.goated.common.PackProvider@463cae57, net.mehvahdjukaar.suppsquared.common.ServerPackProvider@52b863e7]
[08May2026 01:14:40.989] [main/INFO] [Moonlight/]: Generating runtime assets for pack Supplementaries Generated Pack (supplementaries)
[08May2026 01:14:41.028] [main/INFO] [Supplementaries/]: Generated runtime SERVER_DATA for pack Supplementaries Generated Pack (supplementaries) in: 38 ms (multithreaded)
[08May2026 01:14:41.028] [main/INFO] [Moonlight/]: Generating runtime assets for pack Goated Generated Pack (goated)
[08May2026 01:14:41.030] [main/INFO] [net.mehvahdjukaar.goated.Goated/]: Generated runtime SERVER_DATA for pack Goated Generated Pack (goated) in: 1 ms (multithreaded)
[08May2026 01:14:41.030] [main/INFO] [Moonlight/]: Generating runtime assets for pack Suppsquared Generated Pack (suppsquared)
[08May2026 01:14:41.051] [main/INFO] [suppsquared/]: Generated runtime SERVER_DATA for pack Suppsquared Generated Pack (suppsquared) in: 20 ms (multithreaded)
[08May2026 01:14:41.051] [main/INFO] [Moonlight/]: Finished runtime resources generation for 3 packs in a total of 63 ms
[08May2026 01:14:42.063] [main/INFO] [com.cupboard.Cupboard/]: Loaded config for: connectivity.json
[08May2026 01:14:42.455] [main/INFO] [End's Phantasm/]: [Phantasm] Applying configured data: minecraft:worldgen/noise_settings/end.json
[08May2026 01:14:43.298] [main/INFO] [End's Phantasm/]: [Phantasm] Applying configured data: minecraft:dimension/the_end.json
[08May2026 01:14:43.300] [main/INFO] [End's Phantasm/]: [Phantasm] Adding phantasm:dreaming_den to the End biome source at slice 1 out of 2
[08May2026 01:14:43.301] [main/INFO] [End's Phantasm/]: [Phantasm] Adding phantasm:acidburnt_abysses to the End biome source at slice 2 out of 2
[08May2026 01:14:44.572] [main/INFO] [bountiful/]: Adding serverside commands..
[08May2026 01:14:44.578] [main/INFO] [Spartan Weaponry/]: Finished registering commands for Spartan Weaponry!
[08May2026 01:14:44.674] [main/INFO] [com.github.alexthe666.alexsmobs.AlexsMobs/]: Adding datapack listener capsid_recipes
[08May2026 01:14:45.068] [Worker-Main-2/WARN] [artifacts.Artifacts/]: Tag entries for curios:tags/items/magic_book.json cleared by tombstone-1.20.1-9.0.9.jar
[08May2026 01:14:45.442] [Worker-Main-2/ERROR] [net.minecraft.tags.TagLoader/]: Couldn't load tag quark:vertical_slabs as it is missing following references: outer_end:azure_vertical_slab (from TheOuterEnd-1.0.13.jar), 
	outer_end:himmel_vertical_slab (from TheOuterEnd-1.0.13.jar), 
	outer_end:violite_vertical_slab (from TheOuterEnd-1.0.13.jar), 
	outer_end:violite_brick_vertical_slab (from TheOuterEnd-1.0.13.jar), 
	outer_end:mossy_violite_brick_vertical_slab (from TheOuterEnd-1.0.13.jar), 
	outer_end:violite_tile_vertical_slab (from TheOuterEnd-1.0.13.jar), 
	outer_end:mossy_violite_tile_vertical_slab (from TheOuterEnd-1.0.13.jar)
[08May2026 01:14:45.448] [Worker-Main-2/ERROR] [net.minecraft.tags.TagLoader/]: Couldn't load tag ctov:wares/cardboard_box as it is missing following references: wares:cardboard_box (from [forge]ctov-3.4.14.jar)
[08May2026 01:14:45.450] [Worker-Main-2/ERROR] [net.minecraft.tags.TagLoader/]: Couldn't load tag aether_redux:swet_jelly as it is missing following references: aether_genesis:blue_swet_jelly (from aether-redux-2.0.19-1.20.1-neoforge.jar), 
	aether_genesis:golden_swet_jelly (from aether-redux-2.0.19-1.20.1-neoforge.jar), 
	aether_genesis:dark_swet_jelly (from aether-redux-2.0.19-1.20.1-neoforge.jar)
[08May2026 01:14:45.465] [Worker-Main-2/ERROR] [net.minecraft.tags.TagLoader/]: Couldn't load tag ctov:wares/sealed_delivery_agreement as it is missing following references: wares:sealed_delivery_agreement (from [forge]ctov-3.4.14.jar)
[08May2026 01:14:45.648] [Worker-Main-1/ERROR] [net.minecraft.tags.TagLoader/]: Couldn't load tag fabric:needs_tool_level_1 as it is missing following references: nordic_structures:dwarfcavernspawner_1 (from nordic_structures-1.6.9-forge-1.20.1.jar), 
	nordic_structures:dwarfcavernspawner_2 (from nordic_structures-1.6.9-forge-1.20.1.jar), 
	nordic_structures:abandonednordicmine_1spawner (from nordic_structures-1.6.9-forge-1.20.1.jar), 
	nordic_structures:abandonednordicmine_2spawner (from nordic_structures-1.6.9-forge-1.20.1.jar), 
	nordic_structures:steelore (from nordic_structures-1.6.9-forge-1.20.1.jar)
[08May2026 01:14:45.658] [Worker-Main-1/ERROR] [net.minecraft.tags.TagLoader/]: Couldn't load tag quark:wraith_spawnable as it is missing following references: quark:soul_stone (from bygonenether-1.3.2-1.20.x.jar)
[08May2026 01:14:45.665] [Worker-Main-1/ERROR] [net.minecraft.tags.TagLoader/]: Couldn't load tag quark:vertical_slabs as it is missing following references: outer_end:azure_vertical_slab (from TheOuterEnd-1.0.13.jar), 
	outer_end:himmel_vertical_slab (from TheOuterEnd-1.0.13.jar), 
	outer_end:violite_vertical_slab (from TheOuterEnd-1.0.13.jar), 
	outer_end:violite_brick_vertical_slab (from TheOuterEnd-1.0.13.jar), 
	outer_end:mossy_violite_brick_vertical_slab (from TheOuterEnd-1.0.13.jar), 
	outer_end:violite_tile_vertical_slab (from TheOuterEnd-1.0.13.jar), 
	outer_end:mossy_violite_tile_vertical_slab (from TheOuterEnd-1.0.13.jar)
[08May2026 01:14:46.426] [Worker-Main-1/INFO] [End's Phantasm/]: [Phantasm] Applying configured data: minecraft:advancements/end/elytra.json
[08May2026 01:14:46.469] [Worker-Main-3/INFO] [dev.foxgirl.crabclaws.CrabclawsMod/]: Added crab claw loot pool to minecraft:chests/underwater_ruin_small
[08May2026 01:14:46.501] [Worker-Main-3/ERROR] [net.minecraftforge.common.ForgeHooks/]: Couldn't parse element loot_tables:outer_end:blocks/azure_vertical_slab
java.lang.IllegalArgumentException: Can't find block outer_end:azure_vertical_slab
	at net.minecraft.world.level.storage.loot.predicates.LootItemBlockStatePropertyCondition$Serializer.m_81802_(LootItemBlockStatePropertyCondition.java:79) ~[server-1.20.1-20230612.114412-srg.jar%23777!/:?]
	at java.util.Optional.orElseThrow(Optional.java:403) ~[?:?]
	at net.minecraft.world.level.storage.loot.predicates.LootItemBlockStatePropertyCondition$Serializer.m_7561_(LootItemBlockStatePropertyCondition.java:79) ~[server-1.20.1-20230612.114412-srg.jar%23777!/:?]
	at net.minecraft.world.level.storage.loot.predicates.LootItemBlockStatePropertyCondition$Serializer.m_7561_(LootItemBlockStatePropertyCondition.java:68) ~[server-1.20.1-20230612.114412-srg.jar%23777!/:?]
	at net.minecraft.world.level.storage.loot.GsonAdapterFactory$JsonAdapter.deserialize(GsonAdapterFactory.java:102) ~[server-1.20.1-20230612.114412-srg.jar%23777!/:?]
	at com.google.gson.internal.bind.TreeTypeAdapter.read(TreeTypeAdapter.java:76) ~[gson-2.10.jar%2372!/:?]
	at com.google.gson.internal.bind.TypeAdapterRuntimeTypeWrapper.read(TypeAdapterRuntimeTypeWrapper.java:40) ~[gson-2.10.jar%2372!/:?]
	at com.google.gson.internal.bind.ArrayTypeAdapter.read(ArrayTypeAdapter.java:72) ~[gson-2.10.jar%2372!/:?]
	at com.google.gson.Gson.fromJson(Gson.java:1214) ~[gson-2.10.jar%2372!/:?]
	at com.google.gson.Gson.fromJson(Gson.java:1319) ~[gson-2.10.jar%2372!/:?]
	at com.google.gson.Gson.fromJson(Gson.java:1290) ~[gson-2.10.jar%2372!/:?]
	at com.google.gson.internal.bind.TreeTypeAdapter$GsonContextImpl.deserialize(TreeTypeAdapter.java:179) ~[gson-2.10.jar%2372!/:?]
	at net.minecraft.util.GsonHelper.m_13808_(GsonHelper.java:463) ~[server-1.20.1-20230612.114412-srg.jar%23777!/:?]
	at net.minecraft.util.GsonHelper.m_13845_(GsonHelper.java:481) ~[server-1.20.1-20230612.114412-srg.jar%23777!/:?]
	at net.minecraft.world.level.storage.loot.functions.LootItemConditionalFunction$Serializer.m_7561_(LootItemConditionalFunction.java:98) ~[server-1.20.1-20230612.114412-srg.jar%23777!/:?]
	at net.minecraft.world.level.storage.loot.functions.LootItemConditionalFunction$Serializer.m_7561_(LootItemConditionalFunction.java:88) ~[server-1.20.1-20230612.114412-srg.jar%23777!/:?]
	at net.minecraft.world.level.storage.loot.GsonAdapterFactory$JsonAdapter.deserialize(GsonAdapterFactory.java:102) ~[server-1.20.1-20230612.114412-srg.jar%23777!/:?]
	at com.google.gson.internal.bind.TreeTypeAdapter.read(TreeTypeAdapter.java:76) ~[gson-2.10.jar%2372!/:?]
	at com.google.gson.internal.bind.TypeAdapterRuntimeTypeWrapper.read(TypeAdapterRuntimeTypeWrapper.java:40) ~[gson-2.10.jar%2372!/:?]
	at com.google.gson.internal.bind.ArrayTypeAdapter.read(ArrayTypeAdapter.java:72) ~[gson-2.10.jar%2372!/:?]
	at com.google.gson.Gson.fromJson(Gson.java:1214) ~[gson-2.10.jar%2372!/:?]
	at com.google.gson.Gson.fromJson(Gson.java:1319) ~[gson-2.10.jar%2372!/:?]
	at com.google.gson.Gson.fromJson(Gson.java:1290) ~[gson-2.10.jar%2372!/:?]
	at com.google.gson.internal.bind.TreeTypeAdapter$GsonContextImpl.deserialize(TreeTypeAdapter.java:179) ~[gson-2.10.jar%2372!/:?]
	at net.minecraft.util.GsonHelper.m_13808_(GsonHelper.java:463) ~[server-1.20.1-20230612.114412-srg.jar%23777!/:?]
	at net.minecraft.util.GsonHelper.m_13845_(GsonHelper.java:481) ~[server-1.20.1-20230612.114412-srg.jar%23777!/:?]
	at net.minecraft.world.level.storage.loot.entries.LootPoolSingletonContainer$Serializer.m_5921_(LootPoolSingletonContainer.java:149) ~[server-1.20.1-20230612.114412-srg.jar%23777!/:?]
	at net.minecraft.world.level.storage.loot.entries.LootPoolSingletonContainer$Serializer.m_5921_(LootPoolSingletonContainer.java:129) ~[server-1.20.1-20230612.114412-srg.jar%23777!/:?]
	at net.minecraft.world.level.storage.loot.entries.LootPoolEntryContainer$Serializer.m_7561_(LootPoolEntryContainer.java:86) ~[server-1.20.1-20230612.114412-srg.jar%23777!/:?]
	at net.minecraft.world.level.storage.loot.entries.LootPoolEntryContainer$Serializer.m_7561_(LootPoolEntryContainer.java:74) ~[server-1.20.1-20230612.114412-srg.jar%23777!/:?]
	at net.minecraft.world.level.storage.loot.GsonAdapterFactory$JsonAdapter.deserialize(GsonAdapterFactory.java:102) ~[server-1.20.1-20230612.114412-srg.jar%23777!/:?]
	at com.google.gson.internal.bind.TreeTypeAdapter.read(TreeTypeAdapter.java:76) ~[gson-2.10.jar%2372!/:?]
	at com.google.gson.internal.bind.TypeAdapterRuntimeTypeWrapper.read(TypeAdapterRuntimeTypeWrapper.java:40) ~[gson-2.10.jar%2372!/:?]
	at com.google.gson.internal.bind.ArrayTypeAdapter.read(ArrayTypeAdapter.java:72) ~[gson-2.10.jar%2372!/:?]
	at com.google.gson.Gson.fromJson(Gson.java:1214) ~[gson-2.10.jar%2372!/:?]
	at com.google.gson.Gson.fromJson(Gson.java:1319) ~[gson-2.10.jar%2372!/:?]
	at com.google.gson.Gson.fromJson(Gson.java:1290) ~[gson-2.10.jar%2372!/:?]
	at com.google.gson.internal.bind.TreeTypeAdapter$GsonContextImpl.deserialize(TreeTypeAdapter.java:179) ~[gson-2.10.jar%2372!/:?]
	at net.minecraft.util.GsonHelper.m_13808_(GsonHelper.java:463) ~[server-1.20.1-20230612.114412-srg.jar%23777!/:?]
	at net.minecraft.util.GsonHelper.m_13836_(GsonHelper.java:471) ~[server-1.20.1-20230612.114412-srg.jar%23777!/:?]
	at net.minecraft.world.level.storage.loot.LootPool$Serializer.deserialize(LootPool.java:192) ~[server-1.20.1-20230612.114412-srg.jar%23777!/:?]
	at net.minecraft.world.level.storage.loot.LootPool$Serializer.deserialize(LootPool.java:189) ~[server-1.20.1-20230612.114412-srg.jar%23777!/:?]
	at com.google.gson.internal.bind.TreeTypeAdapter.read(TreeTypeAdapter.java:76) ~[gson-2.10.jar%2372!/:?]
	at com.google.gson.internal.bind.TypeAdapterRuntimeTypeWrapper.read(TypeAdapterRuntimeTypeWrapper.java:40) ~[gson-2.10.jar%2372!/:?]
	at com.google.gson.internal.bind.ArrayTypeAdapter.read(ArrayTypeAdapter.java:72) ~[gson-2.10.jar%2372!/:?]
	at com.google.gson.Gson.fromJson(Gson.java:1214) ~[gson-2.10.jar%2372!/:?]
	at com.google.gson.Gson.fromJson(Gson.java:1319) ~[gson-2.10.jar%2372!/:?]
	at com.google.gson.Gson.fromJson(Gson.java:1290) ~[gson-2.10.jar%2372!/:?]
	at com.google.gson.internal.bind.TreeTypeAdapter$GsonContextImpl.deserialize(TreeTypeAdapter.java:179) ~[gson-2.10.jar%2372!/:?]
	at net.minecraft.util.GsonHelper.m_13808_(GsonHelper.java:463) ~[server-1.20.1-20230612.114412-srg.jar%23777!/:?]
	at net.minecraft.util.GsonHelper.m_13845_(GsonHelper.java:481) ~[server-1.20.1-20230612.114412-srg.jar%23777!/:?]
	at net.minecraft.world.level.storage.loot.LootTable$Serializer.deserialize(LootTable.java:294) ~[server-1.20.1-20230612.114412-srg.jar%23777!/:?]
	at net.minecraft.world.level.storage.loot.LootTable$Serializer.deserialize(LootTable.java:291) ~[server-1.20.1-20230612.114412-srg.jar%23777!/:?]
	at com.google.gson.internal.bind.TreeTypeAdapter.read(TreeTypeAdapter.java:76) ~[gson-2.10.jar%2372!/:?]
	at com.google.gson.Gson.fromJson(Gson.java:1214) ~[gson-2.10.jar%2372!/:?]
	at com.google.gson.Gson.fromJson(Gson.java:1319) ~[gson-2.10.jar%2372!/:?]
	at com.google.gson.Gson.fromJson(Gson.java:1261) ~[gson-2.10.jar%2372!/:?]
	at net.minecraftforge.common.ForgeHooks.loadLootTable(ForgeHooks.java:872) ~[forge-1.20.1-47.4.20-universal.jar%23782!/:?]
	at net.minecraftforge.common.ForgeHooks.lambda$getLootTableDeserializer$3(ForgeHooks.java:849) ~[forge-1.20.1-47.4.20-universal.jar%23782!/:?]
	at net.minecraft.world.level.storage.loot.LootDataType.deserialize(LootDataType.java:45) ~[server-1.20.1-20230612.114412-srg.jar%23777!/:?]
	at net.minecraft.world.level.storage.loot.LootDataManager.lambda$scheduleElementParse$4(LootDataManager.java:56) ~[server-1.20.1-20230612.114412-srg.jar%23777!/:?]
	at java.util.HashMap.forEach(HashMap.java:1421) ~[?:?]
	at net.minecraft.world.level.storage.loot.LootDataManager.m_278660_(LootDataManager.java:55) ~[server-1.20.1-20230612.114412-srg.jar%23777!/:?]
	at java.util.concurrent.CompletableFuture$AsyncRun.run(CompletableFuture.java:1804) ~[?:?]
	at java.util.concurrent.CompletableFuture$AsyncRun.exec(CompletableFuture.java:1796) ~[?:?]
	at java.util.concurrent.ForkJoinTask.doExec(ForkJoinTask.java:373) ~[?:?]
	at java.util.concurrent.ForkJoinPool$WorkQueue.topLevelExec(ForkJoinPool.java:1182) ~[?:?]
	at java.util.concurrent.ForkJoinPool.scan(ForkJoinPool.java:1655) ~[?:?]
	at java.util.concurrent.ForkJoinPool.runWorker(ForkJoinPool.java:1622) ~[?:?]
	at java.util.concurrent.ForkJoinWorkerThread.run(ForkJoinWorkerThread.java:165) ~[?:?]
[08May2026 01:14:46.560] [Worker-Main-3/INFO] [Spartan Weaponry/]: Adding Diamond Weapons to the End City Treasure Loot Table!
[08May2026 01:14:46.649] [Worker-Main-3/ERROR] [net.minecraftforge.common.ForgeHooks/]: Couldn't parse element loot_tables:outer_end:blocks/azure_post
com.google.gson.JsonSyntaxException: Expected name to be an item, was unknown string 'outer_end:azure_post'
	at net.minecraft.util.GsonHelper.m_13866_(GsonHelper.java:145) ~[server-1.20.1-20230612.114412-srg.jar%23777!/:?]
	at java.util.Optional.orElseThrow(Optional.java:403) ~[?:?]
	at net.minecraft.util.GsonHelper.m_13874_(GsonHelper.java:145) ~[server-1.20.1-20230612.114412-srg.jar%23777!/:?]
	at net.minecraft.util.GsonHelper.m_13909_(GsonHelper.java:153) ~[server-1.20.1-20230612.114412-srg.jar%23777!/:?]
	at net.minecraft.world.level.storage.loot.entries.LootItem$Serializer.m_7267_(LootItem.java:55) ~[server-1.20.1-20230612.114412-srg.jar%23777!/:?]
	at net.minecraft.world.level.storage.loot.entries.LootItem$Serializer.m_7267_(LootItem.java:40) ~[server-1.20.1-20230612.114412-srg.jar%23777!/:?]
	at net.minecraft.world.level.storage.loot.entries.LootPoolSingletonContainer$Serializer.m_5921_(LootPoolSingletonContainer.java:151) ~[server-1.20.1-20230612.114412-srg.jar%23777!/:?]
	at net.minecraft.world.level.storage.loot.entries.LootPoolSingletonContainer$Serializer.m_5921_(LootPoolSingletonContainer.java:129) ~[server-1.20.1-20230612.114412-srg.jar%23777!/:?]
	at net.minecraft.world.level.storage.loot.entries.LootPoolEntryContainer$Serializer.m_7561_(LootPoolEntryContainer.java:86) ~[server-1.20.1-20230612.114412-srg.jar%23777!/:?]
	at net.minecraft.world.level.storage.loot.entries.LootPoolEntryContainer$Serializer.m_7561_(LootPoolEntryContainer.java:74) ~[server-1.20.1-20230612.114412-srg.jar%23777!/:?]
	at net.minecraft.world.level.storage.loot.GsonAdapterFactory$JsonAdapter.deserialize(GsonAdapterFactory.java:102) ~[server-1.20.1-20230612.114412-srg.jar%23777!/:?]
	at com.google.gson.internal.bind.TreeTypeAdapter.read(TreeTypeAdapter.java:76) ~[gson-2.10.jar%2372!/:?]
	at com.google.gson.internal.bind.TypeAdapterRuntimeTypeWrapper.read(TypeAdapterRuntimeTypeWrapper.java:40) ~[gson-2.10.jar%2372!/:?]
	at com.google.gson.internal.bind.ArrayTypeAdapter.read(ArrayTypeAdapter.java:72) ~[gson-2.10.jar%2372!/:?]
	at com.google.gson.Gson.fromJson(Gson.java:1214) ~[gson-2.10.jar%2372!/:?]
	at com.google.gson.Gson.fromJson(Gson.java:1319) ~[gson-2.10.jar%2372!/:?]
	at com.google.gson.Gson.fromJson(Gson.java:1290) ~[gson-2.10.jar%2372!/:?]
	at com.google.gson.internal.bind.TreeTypeAdapter$GsonContextImpl.deserialize(TreeTypeAdapter.java:179) ~[gson-2.10.jar%2372!/:?]
	at net.minecraft.util.GsonHelper.m_13808_(GsonHelper.java:463) ~[server-1.20.1-20230612.114412-srg.jar%23777!/:?]
	at net.minecraft.util.GsonHelper.m_13836_(GsonHelper.java:471) ~[server-1.20.1-20230612.114412-srg.jar%23777!/:?]
	at net.minecraft.world.level.storage.loot.LootPool$Serializer.deserialize(LootPool.java:192) ~[server-1.20.1-20230612.114412-srg.jar%23777!/:?]
	at net.minecraft.world.level.storage.loot.LootPool$Serializer.deserialize(LootPool.java:189) ~[server-1.20.1-20230612.114412-srg.jar%23777!/:?]
	at com.google.gson.internal.bind.TreeTypeAdapter.read(TreeTypeAdapter.java:76) ~[gson-2.10.jar%2372!/:?]
	at com.google.gson.internal.bind.TypeAdapterRuntimeTypeWrapper.read(TypeAdapterRuntimeTypeWrapper.java:40) ~[gson-2.10.jar%2372!/:?]
	at com.google.gson.internal.bind.ArrayTypeAdapter.read(ArrayTypeAdapter.java:72) ~[gson-2.10.jar%2372!/:?]
	at com.google.gson.Gson.fromJson(Gson.java:1214) ~[gson-2.10.jar%2372!/:?]
	at com.google.gson.Gson.fromJson(Gson.java:1319) ~[gson-2.10.jar%2372!/:?]
	at com.google.gson.Gson.fromJson(Gson.java:1290) ~[gson-2.10.jar%2372!/:?]
	at com.google.gson.internal.bind.TreeTypeAdapter$GsonContextImpl.deserialize(TreeTypeAdapter.java:179) ~[gson-2.10.jar%2372!/:?]
	at net.minecraft.util.GsonHelper.m_13808_(GsonHelper.java:463) ~[server-1.20.1-20230612.114412-srg.jar%23777!/:?]
	at net.minecraft.util.GsonHelper.m_13845_(GsonHelper.java:481) ~[server-1.20.1-20230612.114412-srg.jar%23777!/:?]
	at net.minecraft.world.level.storage.loot.LootTable$Serializer.deserialize(LootTable.java:294) ~[server-1.20.1-20230612.114412-srg.jar%23777!/:?]
	at net.minecraft.world.level.storage.loot.LootTable$Serializer.deserialize(LootTable.java:291) ~[server-1.20.1-20230612.114412-srg.jar%23777!/:?]
	at com.google.gson.internal.bind.TreeTypeAdapter.read(TreeTypeAdapter.java:76) ~[gson-2.10.jar%2372!/:?]
	at com.google.gson.Gson.fromJson(Gson.java:1214) ~[gson-2.10.jar%2372!/:?]
	at com.google.gson.Gson.fromJson(Gson.java:1319) ~[gson-2.10.jar%2372!/:?]
	at com.google.gson.Gson.fromJson(Gson.java:1261) ~[gson-2.10.jar%2372!/:?]
	at net.minecraftforge.common.ForgeHooks.loadLootTable(ForgeHooks.java:872) ~[forge-1.20.1-47.4.20-universal.jar%23782!/:?]
	at net.minecraftforge.common.ForgeHooks.lambda$getLootTableDeserializer$3(ForgeHooks.java:849) ~[forge-1.20.1-47.4.20-universal.jar%23782!/:?]
	at net.minecraft.world.level.storage.loot.LootDataType.deserialize(LootDataType.java:45) ~[server-1.20.1-20230612.114412-srg.jar%23777!/:?]
	at net.minecraft.world.level.storage.loot.LootDataManager.lambda$scheduleElementParse$4(LootDataManager.java:56) ~[server-1.20.1-20230612.114412-srg.jar%23777!/:?]
	at java.util.HashMap.forEach(HashMap.java:1421) ~[?:?]
	at net.minecraft.world.level.storage.loot.LootDataManager.m_278660_(LootDataManager.java:55) ~[server-1.20.1-20230612.114412-srg.jar%23777!/:?]
	at java.util.concurrent.CompletableFuture$AsyncRun.run(CompletableFuture.java:1804) ~[?:?]
	at java.util.concurrent.CompletableFuture$AsyncRun.exec(CompletableFuture.java:1796) ~[?:?]
	at java.util.concurrent.ForkJoinTask.doExec(ForkJoinTask.java:373) ~[?:?]
	at java.util.concurrent.ForkJoinPool$WorkQueue.topLevelExec(ForkJoinPool.java:1182) ~[?:?]
	at java.util.concurrent.ForkJoinPool.scan(ForkJoinPool.java:1655) ~[?:?]
	at java.util.concurrent.ForkJoinPool.runWorker(ForkJoinPool.java:1622) ~[?:?]
	at java.util.concurrent.ForkJoinWorkerThread.run(ForkJoinWorkerThread.java:165) ~[?:?]
[08May2026 01:14:47.205] [Worker-Main-3/ERROR] [net.minecraftforge.common.ForgeHooks/]: Couldn't parse element loot_tables:adorable_eggs:blocks/armadillo_egg
com.google.gson.JsonSyntaxException: Expected name to be an item, was unknown string 'minecraft:armadillo_spawn_egg'
	at net.minecraft.util.GsonHelper.m_13866_(GsonHelper.java:145) ~[server-1.20.1-20230612.114412-srg.jar%23777!/:?]
	at java.util.Optional.orElseThrow(Optional.java:403) ~[?:?]
	at net.minecraft.util.GsonHelper.m_13874_(GsonHelper.java:145) ~[server-1.20.1-20230612.114412-srg.jar%23777!/:?]
	at net.minecraft.util.GsonHelper.m_13909_(GsonHelper.java:153) ~[server-1.20.1-20230612.114412-srg.jar%23777!/:?]
	at net.minecraft.world.level.storage.loot.entries.LootItem$Serializer.m_7267_(LootItem.java:55) ~[server-1.20.1-20230612.114412-srg.jar%23777!/:?]
	at net.minecraft.world.level.storage.loot.entries.LootItem$Serializer.m_7267_(LootItem.java:40) ~[server-1.20.1-20230612.114412-srg.jar%23777!/:?]
	at net.minecraft.world.level.storage.loot.entries.LootPoolSingletonContainer$Serializer.m_5921_(LootPoolSingletonContainer.java:151) ~[server-1.20.1-20230612.114412-srg.jar%23777!/:?]
	at net.minecraft.world.level.storage.loot.entries.LootPoolSingletonContainer$Serializer.m_5921_(LootPoolSingletonContainer.java:129) ~[server-1.20.1-20230612.114412-srg.jar%23777!/:?]
	at net.minecraft.world.level.storage.loot.entries.LootPoolEntryContainer$Serializer.m_7561_(LootPoolEntryContainer.java:86) ~[server-1.20.1-20230612.114412-srg.jar%23777!/:?]
	at net.minecraft.world.level.storage.loot.entries.LootPoolEntryContainer$Serializer.m_7561_(LootPoolEntryContainer.java:74) ~[server-1.20.1-20230612.114412-srg.jar%23777!/:?]
	at net.minecraft.world.level.storage.loot.GsonAdapterFactory$JsonAdapter.deserialize(GsonAdapterFactory.java:102) ~[server-1.20.1-20230612.114412-srg.jar%23777!/:?]
	at com.google.gson.internal.bind.TreeTypeAdapter.read(TreeTypeAdapter.java:76) ~[gson-2.10.jar%2372!/:?]
	at com.google.gson.internal.bind.TypeAdapterRuntimeTypeWrapper.read(TypeAdapterRuntimeTypeWrapper.java:40) ~[gson-2.10.jar%2372!/:?]
	at com.google.gson.internal.bind.ArrayTypeAdapter.read(ArrayTypeAdapter.java:72) ~[gson-2.10.jar%2372!/:?]
	at com.google.gson.Gson.fromJson(Gson.java:1214) ~[gson-2.10.jar%2372!/:?]
	at com.google.gson.Gson.fromJson(Gson.java:1319) ~[gson-2.10.jar%2372!/:?]
	at com.google.gson.Gson.fromJson(Gson.java:1290) ~[gson-2.10.jar%2372!/:?]
	at com.google.gson.internal.bind.TreeTypeAdapter$GsonContextImpl.deserialize(TreeTypeAdapter.java:179) ~[gson-2.10.jar%2372!/:?]
	at net.minecraft.util.GsonHelper.m_13808_(GsonHelper.java:463) ~[server-1.20.1-20230612.114412-srg.jar%23777!/:?]
	at net.minecraft.util.GsonHelper.m_13836_(GsonHelper.java:471) ~[server-1.20.1-20230612.114412-srg.jar%23777!/:?]
	at net.minecraft.world.level.storage.loot.LootPool$Serializer.deserialize(LootPool.java:192) ~[server-1.20.1-20230612.114412-srg.jar%23777!/:?]
	at net.minecraft.world.level.storage.loot.LootPool$Serializer.deserialize(LootPool.java:189) ~[server-1.20.1-20230612.114412-srg.jar%23777!/:?]
	at com.google.gson.internal.bind.TreeTypeAdapter.read(TreeTypeAdapter.java:76) ~[gson-2.10.jar%2372!/:?]
	at com.google.gson.internal.bind.TypeAdapterRuntimeTypeWrapper.read(TypeAdapterRuntimeTypeWrapper.java:40) ~[gson-2.10.jar%2372!/:?]
	at com.google.gson.internal.bind.ArrayTypeAdapter.read(ArrayTypeAdapter.java:72) ~[gson-2.10.jar%2372!/:?]
	at com.google.gson.Gson.fromJson(Gson.java:1214) ~[gson-2.10.jar%2372!/:?]
	at com.google.gson.Gson.fromJson(Gson.java:1319) ~[gson-2.10.jar%2372!/:?]
	at com.google.gson.Gson.fromJson(Gson.java:1290) ~[gson-2.10.jar%2372!/:?]
	at com.google.gson.internal.bind.TreeTypeAdapter$GsonContextImpl.deserialize(TreeTypeAdapter.java:179) ~[gson-2.10.jar%2372!/:?]
	at net.minecraft.util.GsonHelper.m_13808_(GsonHelper.java:463) ~[server-1.20.1-20230612.114412-srg.jar%23777!/:?]
	at net.minecraft.util.GsonHelper.m_13845_(GsonHelper.java:481) ~[server-1.20.1-20230612.114412-srg.jar%23777!/:?]
	at net.minecraft.world.level.storage.loot.LootTable$Serializer.deserialize(LootTable.java:294) ~[server-1.20.1-20230612.114412-srg.jar%23777!/:?]
	at net.minecraft.world.level.storage.loot.LootTable$Serializer.deserialize(LootTable.java:291) ~[server-1.20.1-20230612.114412-srg.jar%23777!/:?]
	at com.google.gson.internal.bind.TreeTypeAdapter.read(TreeTypeAdapter.java:76) ~[gson-2.10.jar%2372!/:?]
	at com.google.gson.Gson.fromJson(Gson.java:1214) ~[gson-2.10.jar%2372!/:?]
	at com.google.gson.Gson.fromJson(Gson.java:1319) ~[gson-2.10.jar%2372!/:?]
	at com.google.gson.Gson.fromJson(Gson.java:1261) ~[gson-2.10.jar%2372!/:?]
	at net.minecraftforge.common.ForgeHooks.loadLootTable(ForgeHooks.java:872) ~[forge-1.20.1-47.4.20-universal.jar%23782!/:?]
	at net.minecraftforge.common.ForgeHooks.lambda$getLootTableDeserializer$3(ForgeHooks.java:849) ~[forge-1.20.1-47.4.20-universal.jar%23782!/:?]
	at net.minecraft.world.level.storage.loot.LootDataType.deserialize(LootDataType.java:45) ~[server-1.20.1-20230612.114412-srg.jar%23777!/:?]
	at net.minecraft.world.level.storage.loot.LootDataManager.lambda$scheduleElementParse$4(LootDataManager.java:56) ~[server-1.20.1-20230612.114412-srg.jar%23777!/:?]
	at java.util.HashMap.forEach(HashMap.java:1421) ~[?:?]
	at net.minecraft.world.level.storage.loot.LootDataManager.m_278660_(LootDataManager.java:55) ~[server-1.20.1-20230612.114412-srg.jar%23777!/:?]
	at java.util.concurrent.CompletableFuture$AsyncRun.run(CompletableFuture.java:1804) ~[?:?]
	at java.util.concurrent.CompletableFuture$AsyncRun.exec(CompletableFuture.java:1796) ~[?:?]
	at java.util.concurrent.ForkJoinTask.doExec(ForkJoinTask.java:373) ~[?:?]
	at java.util.concurrent.ForkJoinPool$WorkQueue.topLevelExec(ForkJoinPool.java:1182) ~[?:?]
	at java.util.concurrent.ForkJoinPool.scan(ForkJoinPool.java:1655) ~[?:?]
	at java.util.concurrent.ForkJoinPool.runWorker(ForkJoinPool.java:1622) ~[?:?]
	at java.util.concurrent.ForkJoinWorkerThread.run(ForkJoinWorkerThread.java:165) ~[?:?]
[08May2026 01:14:47.983] [Worker-Main-3/INFO] [dev.foxgirl.crabclaws.CrabclawsMod/]: Added crab claw loot pool to minecraft:chests/underwater_ruin_big
[08May2026 01:14:48.163] [Worker-Main-3/ERROR] [net.minecraftforge.common.ForgeHooks/]: Couldn't parse element loot_tables:ancient_aether:selectors/aerogetic_vase_loot
com.google.gson.JsonSyntaxException: Expected name to be an item, was unknown string 'ancient_aether:grapes'
	at net.minecraft.util.GsonHelper.m_13866_(GsonHelper.java:145) ~[server-1.20.1-20230612.114412-srg.jar%23777!/:?]
	at java.util.Optional.orElseThrow(Optional.java:403) ~[?:?]
	at net.minecraft.util.GsonHelper.m_13874_(GsonHelper.java:145) ~[server-1.20.1-20230612.114412-srg.jar%23777!/:?]
	at net.minecraft.util.GsonHelper.m_13909_(GsonHelper.java:153) ~[server-1.20.1-20230612.114412-srg.jar%23777!/:?]
	at net.minecraft.world.level.storage.loot.entries.LootItem$Serializer.m_7267_(LootItem.java:55) ~[server-1.20.1-20230612.114412-srg.jar%23777!/:?]
	at net.minecraft.world.level.storage.loot.entries.LootItem$Serializer.m_7267_(LootItem.java:40) ~[server-1.20.1-20230612.114412-srg.jar%23777!/:?]
	at net.minecraft.world.level.storage.loot.entries.LootPoolSingletonContainer$Serializer.m_5921_(LootPoolSingletonContainer.java:151) ~[server-1.20.1-20230612.114412-srg.jar%23777!/:?]
	at net.minecraft.world.level.storage.loot.entries.LootPoolSingletonContainer$Serializer.m_5921_(LootPoolSingletonContainer.java:129) ~[server-1.20.1-20230612.114412-srg.jar%23777!/:?]
	at net.minecraft.world.level.storage.loot.entries.LootPoolEntryContainer$Serializer.m_7561_(LootPoolEntryContainer.java:86) ~[server-1.20.1-20230612.114412-srg.jar%23777!/:?]
	at net.minecraft.world.level.storage.loot.entries.LootPoolEntryContainer$Serializer.m_7561_(LootPoolEntryContainer.java:74) ~[server-1.20.1-20230612.114412-srg.jar%23777!/:?]
	at net.minecraft.world.level.storage.loot.GsonAdapterFactory$JsonAdapter.deserialize(GsonAdapterFactory.java:102) ~[server-1.20.1-20230612.114412-srg.jar%23777!/:?]
	at com.google.gson.internal.bind.TreeTypeAdapter.read(TreeTypeAdapter.java:76) ~[gson-2.10.jar%2372!/:?]
	at com.google.gson.internal.bind.TypeAdapterRuntimeTypeWrapper.read(TypeAdapterRuntimeTypeWrapper.java:40) ~[gson-2.10.jar%2372!/:?]
	at com.google.gson.internal.bind.ArrayTypeAdapter.read(ArrayTypeAdapter.java:72) ~[gson-2.10.jar%2372!/:?]
	at com.google.gson.Gson.fromJson(Gson.java:1214) ~[gson-2.10.jar%2372!/:?]
	at com.google.gson.Gson.fromJson(Gson.java:1319) ~[gson-2.10.jar%2372!/:?]
	at com.google.gson.Gson.fromJson(Gson.java:1290) ~[gson-2.10.jar%2372!/:?]
	at com.google.gson.internal.bind.TreeTypeAdapter$GsonContextImpl.deserialize(TreeTypeAdapter.java:179) ~[gson-2.10.jar%2372!/:?]
	at net.minecraft.util.GsonHelper.m_13808_(GsonHelper.java:463) ~[server-1.20.1-20230612.114412-srg.jar%23777!/:?]
	at net.minecraft.util.GsonHelper.m_13836_(GsonHelper.java:471) ~[server-1.20.1-20230612.114412-srg.jar%23777!/:?]
	at net.minecraft.world.level.storage.loot.LootPool$Serializer.deserialize(LootPool.java:192) ~[server-1.20.1-20230612.114412-srg.jar%23777!/:?]
	at net.minecraft.world.level.storage.loot.LootPool$Serializer.deserialize(LootPool.java:189) ~[server-1.20.1-20230612.114412-srg.jar%23777!/:?]
	at com.google.gson.internal.bind.TreeTypeAdapter.read(TreeTypeAdapter.java:76) ~[gson-2.10.jar%2372!/:?]
	at com.google.gson.internal.bind.TypeAdapterRuntimeTypeWrapper.read(TypeAdapterRuntimeTypeWrapper.java:40) ~[gson-2.10.jar%2372!/:?]
	at com.google.gson.internal.bind.ArrayTypeAdapter.read(ArrayTypeAdapter.java:72) ~[gson-2.10.jar%2372!/:?]
	at com.google.gson.Gson.fromJson(Gson.java:1214) ~[gson-2.10.jar%2372!/:?]
	at com.google.gson.Gson.fromJson(Gson.java:1319) ~[gson-2.10.jar%2372!/:?]
	at com.google.gson.Gson.fromJson(Gson.java:1290) ~[gson-2.10.jar%2372!/:?]
	at com.google.gson.internal.bind.TreeTypeAdapter$GsonContextImpl.deserialize(TreeTypeAdapter.java:179) ~[gson-2.10.jar%2372!/:?]
	at net.minecraft.util.GsonHelper.m_13808_(GsonHelper.java:463) ~[server-1.20.1-20230612.114412-srg.jar%23777!/:?]
	at net.minecraft.util.GsonHelper.m_13845_(GsonHelper.java:481) ~[server-1.20.1-20230612.114412-srg.jar%23777!/:?]
	at net.minecraft.world.level.storage.loot.LootTable$Serializer.deserialize(LootTable.java:294) ~[server-1.20.1-20230612.114412-srg.jar%23777!/:?]
	at net.minecraft.world.level.storage.loot.LootTable$Serializer.deserialize(LootTable.java:291) ~[server-1.20.1-20230612.114412-srg.jar%23777!/:?]
	at com.google.gson.internal.bind.TreeTypeAdapter.read(TreeTypeAdapter.java:76) ~[gson-2.10.jar%2372!/:?]
	at com.google.gson.Gson.fromJson(Gson.java:1214) ~[gson-2.10.jar%2372!/:?]
	at com.google.gson.Gson.fromJson(Gson.java:1319) ~[gson-2.10.jar%2372!/:?]
	at com.google.gson.Gson.fromJson(Gson.java:1261) ~[gson-2.10.jar%2372!/:?]
	at net.minecraftforge.common.ForgeHooks.loadLootTable(ForgeHooks.java:872) ~[forge-1.20.1-47.4.20-universal.jar%23782!/:?]
	at net.minecraftforge.common.ForgeHooks.lambda$getLootTableDeserializer$3(ForgeHooks.java:849) ~[forge-1.20.1-47.4.20-universal.jar%23782!/:?]
	at net.minecraft.world.level.storage.loot.LootDataType.deserialize(LootDataType.java:45) ~[server-1.20.1-20230612.114412-srg.jar%23777!/:?]
	at net.minecraft.world.level.storage.loot.LootDataManager.lambda$scheduleElementParse$4(LootDataManager.java:56) ~[server-1.20.1-20230612.114412-srg.jar%23777!/:?]
	at java.util.HashMap.forEach(HashMap.java:1421) ~[?:?]
	at net.minecraft.world.level.storage.loot.LootDataManager.m_278660_(LootDataManager.java:55) ~[server-1.20.1-20230612.114412-srg.jar%23777!/:?]
	at java.util.concurrent.CompletableFuture$AsyncRun.run(CompletableFuture.java:1804) ~[?:?]
	at java.util.concurrent.CompletableFuture$AsyncRun.exec(CompletableFuture.java:1796) ~[?:?]
	at java.util.concurrent.ForkJoinTask.doExec(ForkJoinTask.java:373) ~[?:?]
	at java.util.concurrent.ForkJoinPool$WorkQueue.topLevelExec(ForkJoinPool.java:1182) ~[?:?]
	at java.util.concurrent.ForkJoinPool.scan(ForkJoinPool.java:1655) ~[?:?]
	at java.util.concurrent.ForkJoinPool.runWorker(ForkJoinPool.java:1622) ~[?:?]
	at java.util.concurrent.ForkJoinWorkerThread.run(ForkJoinWorkerThread.java:165) ~[?:?]
[08May2026 01:14:48.307] [Worker-Main-3/INFO] [Spartan Weaponry/]: Adding Longbow and Heavy Crossbow related loot to the Village Fletcher Loot Table!
[08May2026 01:14:48.421] [Worker-Main-3/ERROR] [net.minecraftforge.common.ForgeHooks/]: Couldn't parse element loot_tables:adorable_eggs:blocks/breeze_egg
com.google.gson.JsonSyntaxException: Expected name to be an item, was unknown string 'minecraft:breeze_spawn_egg'
	at net.minecraft.util.GsonHelper.m_13866_(GsonHelper.java:145) ~[server-1.20.1-20230612.114412-srg.jar%23777!/:?]
	at java.util.Optional.orElseThrow(Optional.java:403) ~[?:?]
	at net.minecraft.util.GsonHelper.m_13874_(GsonHelper.java:145) ~[server-1.20.1-20230612.114412-srg.jar%23777!/:?]
	at net.minecraft.util.GsonHelper.m_13909_(GsonHelper.java:153) ~[server-1.20.1-20230612.114412-srg.jar%23777!/:?]
	at net.minecraft.world.level.storage.loot.entries.LootItem$Serializer.m_7267_(LootItem.java:55) ~[server-1.20.1-20230612.114412-srg.jar%23777!/:?]
	at net.minecraft.world.level.storage.loot.entries.LootItem$Serializer.m_7267_(LootItem.java:40) ~[server-1.20.1-20230612.114412-srg.jar%23777!/:?]
	at net.minecraft.world.level.storage.loot.entries.LootPoolSingletonContainer$Serializer.m_5921_(LootPoolSingletonContainer.java:151) ~[server-1.20.1-20230612.114412-srg.jar%23777!/:?]
	at net.minecraft.world.level.storage.loot.entries.LootPoolSingletonContainer$Serializer.m_5921_(LootPoolSingletonContainer.java:129) ~[server-1.20.1-20230612.114412-srg.jar%23777!/:?]
	at net.minecraft.world.level.storage.loot.entries.LootPoolEntryContainer$Serializer.m_7561_(LootPoolEntryContainer.java:86) ~[server-1.20.1-20230612.114412-srg.jar%23777!/:?]
	at net.minecraft.world.level.storage.loot.entries.LootPoolEntryContainer$Serializer.m_7561_(LootPoolEntryContainer.java:74) ~[server-1.20.1-20230612.114412-srg.jar%23777!/:?]
	at net.minecraft.world.level.storage.loot.GsonAdapterFactory$JsonAdapter.deserialize(GsonAdapterFactory.java:102) ~[server-1.20.1-20230612.114412-srg.jar%23777!/:?]
	at com.google.gson.internal.bind.TreeTypeAdapter.read(TreeTypeAdapter.java:76) ~[gson-2.10.jar%2372!/:?]
	at com.google.gson.internal.bind.TypeAdapterRuntimeTypeWrapper.read(TypeAdapterRuntimeTypeWrapper.java:40) ~[gson-2.10.jar%2372!/:?]
	at com.google.gson.internal.bind.ArrayTypeAdapter.read(ArrayTypeAdapter.java:72) ~[gson-2.10.jar%2372!/:?]
	at com.google.gson.Gson.fromJson(Gson.java:1214) ~[gson-2.10.jar%2372!/:?]
	at com.google.gson.Gson.fromJson(Gson.java:1319) ~[gson-2.10.jar%2372!/:?]
	at com.google.gson.Gson.fromJson(Gson.java:1290) ~[gson-2.10.jar%2372!/:?]
	at com.google.gson.internal.bind.TreeTypeAdapter$GsonContextImpl.deserialize(TreeTypeAdapter.java:179) ~[gson-2.10.jar%2372!/:?]
	at net.minecraft.util.GsonHelper.m_13808_(GsonHelper.java:463) ~[server-1.20.1-20230612.114412-srg.jar%23777!/:?]
	at net.minecraft.util.GsonHelper.m_13836_(GsonHelper.java:471) ~[server-1.20.1-20230612.114412-srg.jar%23777!/:?]
	at net.minecraft.world.level.storage.loot.LootPool$Serializer.deserialize(LootPool.java:192) ~[server-1.20.1-20230612.114412-srg.jar%23777!/:?]
	at net.minecraft.world.level.storage.loot.LootPool$Serializer.deserialize(LootPool.java:189) ~[server-1.20.1-20230612.114412-srg.jar%23777!/:?]
	at com.google.gson.internal.bind.TreeTypeAdapter.read(TreeTypeAdapter.java:76) ~[gson-2.10.jar%2372!/:?]
	at com.google.gson.internal.bind.TypeAdapterRuntimeTypeWrapper.read(TypeAdapterRuntimeTypeWrapper.java:40) ~[gson-2.10.jar%2372!/:?]
	at com.google.gson.internal.bind.ArrayTypeAdapter.read(ArrayTypeAdapter.java:72) ~[gson-2.10.jar%2372!/:?]
	at com.google.gson.Gson.fromJson(Gson.java:1214) ~[gson-2.10.jar%2372!/:?]
	at com.google.gson.Gson.fromJson(Gson.java:1319) ~[gson-2.10.jar%2372!/:?]
	at com.google.gson.Gson.fromJson(Gson.java:1290) ~[gson-2.10.jar%2372!/:?]
	at com.google.gson.internal.bind.TreeTypeAdapter$GsonContextImpl.deserialize(TreeTypeAdapter.java:179) ~[gson-2.10.jar%2372!/:?]
	at net.minecraft.util.GsonHelper.m_13808_(GsonHelper.java:463) ~[server-1.20.1-20230612.114412-srg.jar%23777!/:?]
	at net.minecraft.util.GsonHelper.m_13845_(GsonHelper.java:481) ~[server-1.20.1-20230612.114412-srg.jar%23777!/:?]
	at net.minecraft.world.level.storage.loot.LootTable$Serializer.deserialize(LootTable.java:294) ~[server-1.20.1-20230612.114412-srg.jar%23777!/:?]
	at net.minecraft.world.level.storage.loot.LootTable$Serializer.deserialize(LootTable.java:291) ~[server-1.20.1-20230612.114412-srg.jar%23777!/:?]
	at com.google.gson.internal.bind.TreeTypeAdapter.read(TreeTypeAdapter.java:76) ~[gson-2.10.jar%2372!/:?]
	at com.google.gson.Gson.fromJson(Gson.java:1214) ~[gson-2.10.jar%2372!/:?]
	at com.google.gson.Gson.fromJson(Gson.java:1319) ~[gson-2.10.jar%2372!/:?]
	at com.google.gson.Gson.fromJson(Gson.java:1261) ~[gson-2.10.jar%2372!/:?]
	at net.minecraftforge.common.ForgeHooks.loadLootTable(ForgeHooks.java:872) ~[forge-1.20.1-47.4.20-universal.jar%23782!/:?]
	at net.minecraftforge.common.ForgeHooks.lambda$getLootTableDeserializer$3(ForgeHooks.java:849) ~[forge-1.20.1-47.4.20-universal.jar%23782!/:?]
	at net.minecraft.world.level.storage.loot.LootDataType.deserialize(LootDataType.java:45) ~[server-1.20.1-20230612.114412-srg.jar%23777!/:?]
	at net.minecraft.world.level.storage.loot.LootDataManager.lambda$scheduleElementParse$4(LootDataManager.java:56) ~[server-1.20.1-20230612.114412-srg.jar%23777!/:?]
	at java.util.HashMap.forEach(HashMap.java:1421) ~[?:?]
	at net.minecraft.world.level.storage.loot.LootDataManager.m_278660_(LootDataManager.java:55) ~[server-1.20.1-20230612.114412-srg.jar%23777!/:?]
	at java.util.concurrent.CompletableFuture$AsyncRun.run(CompletableFuture.java:1804) ~[?:?]
	at java.util.concurrent.CompletableFuture$AsyncRun.exec(CompletableFuture.java:1796) ~[?:?]
	at java.util.concurrent.ForkJoinTask.doExec(ForkJoinTask.java:373) ~[?:?]
	at java.util.concurrent.ForkJoinPool$WorkQueue.topLevelExec(ForkJoinPool.java:1182) ~[?:?]
	at java.util.concurrent.ForkJoinPool.scan(ForkJoinPool.java:1655) ~[?:?]
	at java.util.concurrent.ForkJoinPool.runWorker(ForkJoinPool.java:1622) ~[?:?]
	at java.util.concurrent.ForkJoinWorkerThread.run(ForkJoinWorkerThread.java:165) ~[?:?]
[08May2026 01:14:48.612] [Worker-Main-3/ERROR] [net.minecraftforge.common.ForgeHooks/]: Couldn't parse element loot_tables:irons_spellbooks:chests/citadel/citadel_tomes
com.google.gson.JsonSyntaxException: Unknown type 'minecraft:set_written_book_pages'
	at net.minecraft.world.level.storage.loot.GsonAdapterFactory$JsonAdapter.deserialize(GsonAdapterFactory.java:99) ~[server-1.20.1-20230612.114412-srg.jar%23777!/:?]
	at com.google.gson.internal.bind.TreeTypeAdapter.read(TreeTypeAdapter.java:76) ~[gson-2.10.jar%2372!/:?]
	at com.google.gson.internal.bind.TypeAdapterRuntimeTypeWrapper.read(TypeAdapterRuntimeTypeWrapper.java:40) ~[gson-2.10.jar%2372!/:?]
	at com.google.gson.internal.bind.ArrayTypeAdapter.read(ArrayTypeAdapter.java:72) ~[gson-2.10.jar%2372!/:?]
	at com.google.gson.Gson.fromJson(Gson.java:1214) ~[gson-2.10.jar%2372!/:?]
	at com.google.gson.Gson.fromJson(Gson.java:1319) ~[gson-2.10.jar%2372!/:?]
	at com.google.gson.Gson.fromJson(Gson.java:1290) ~[gson-2.10.jar%2372!/:?]
	at com.google.gson.internal.bind.TreeTypeAdapter$GsonContextImpl.deserialize(TreeTypeAdapter.java:179) ~[gson-2.10.jar%2372!/:?]
	at net.minecraft.util.GsonHelper.m_13808_(GsonHelper.java:463) ~[server-1.20.1-20230612.114412-srg.jar%23777!/:?]
	at net.minecraft.util.GsonHelper.m_13845_(GsonHelper.java:481) ~[server-1.20.1-20230612.114412-srg.jar%23777!/:?]
	at net.minecraft.world.level.storage.loot.entries.LootPoolSingletonContainer$Serializer.m_5921_(LootPoolSingletonContainer.java:149) ~[server-1.20.1-20230612.114412-srg.jar%23777!/:?]
	at net.minecraft.world.level.storage.loot.entries.LootPoolSingletonContainer$Serializer.m_5921_(LootPoolSingletonContainer.java:129) ~[server-1.20.1-20230612.114412-srg.jar%23777!/:?]
	at net.minecraft.world.level.storage.loot.entries.LootPoolEntryContainer$Serializer.m_7561_(LootPoolEntryContainer.java:86) ~[server-1.20.1-20230612.114412-srg.jar%23777!/:?]
	at net.minecraft.world.level.storage.loot.entries.LootPoolEntryContainer$Serializer.m_7561_(LootPoolEntryContainer.java:74) ~[server-1.20.1-20230612.114412-srg.jar%23777!/:?]
	at net.minecraft.world.level.storage.loot.GsonAdapterFactory$JsonAdapter.deserialize(GsonAdapterFactory.java:102) ~[server-1.20.1-20230612.114412-srg.jar%23777!/:?]
	at com.google.gson.internal.bind.TreeTypeAdapter.read(TreeTypeAdapter.java:76) ~[gson-2.10.jar%2372!/:?]
	at com.google.gson.internal.bind.TypeAdapterRuntimeTypeWrapper.read(TypeAdapterRuntimeTypeWrapper.java:40) ~[gson-2.10.jar%2372!/:?]
	at com.google.gson.internal.bind.ArrayTypeAdapter.read(ArrayTypeAdapter.java:72) ~[gson-2.10.jar%2372!/:?]
	at com.google.gson.Gson.fromJson(Gson.java:1214) ~[gson-2.10.jar%2372!/:?]
	at com.google.gson.Gson.fromJson(Gson.java:1319) ~[gson-2.10.jar%2372!/:?]
	at com.google.gson.Gson.fromJson(Gson.java:1290) ~[gson-2.10.jar%2372!/:?]
	at com.google.gson.internal.bind.TreeTypeAdapter$GsonContextImpl.deserialize(TreeTypeAdapter.java:179) ~[gson-2.10.jar%2372!/:?]
	at net.minecraft.util.GsonHelper.m_13808_(GsonHelper.java:463) ~[server-1.20.1-20230612.114412-srg.jar%23777!/:?]
	at net.minecraft.util.GsonHelper.m_13836_(GsonHelper.java:471) ~[server-1.20.1-20230612.114412-srg.jar%23777!/:?]
	at net.minecraft.world.level.storage.loot.LootPool$Serializer.deserialize(LootPool.java:192) ~[server-1.20.1-20230612.114412-srg.jar%23777!/:?]
	at net.minecraft.world.level.storage.loot.LootPool$Serializer.deserialize(LootPool.java:189) ~[server-1.20.1-20230612.114412-srg.jar%23777!/:?]
	at com.google.gson.internal.bind.TreeTypeAdapter.read(TreeTypeAdapter.java:76) ~[gson-2.10.jar%2372!/:?]
	at com.google.gson.internal.bind.TypeAdapterRuntimeTypeWrapper.read(TypeAdapterRuntimeTypeWrapper.java:40) ~[gson-2.10.jar%2372!/:?]
	at com.google.gson.internal.bind.ArrayTypeAdapter.read(ArrayTypeAdapter.java:72) ~[gson-2.10.jar%2372!/:?]
	at com.google.gson.Gson.fromJson(Gson.java:1214) ~[gson-2.10.jar%2372!/:?]
	at com.google.gson.Gson.fromJson(Gson.java:1319) ~[gson-2.10.jar%2372!/:?]
	at com.google.gson.Gson.fromJson(Gson.java:1290) ~[gson-2.10.jar%2372!/:?]
	at com.google.gson.internal.bind.TreeTypeAdapter$GsonContextImpl.deserialize(TreeTypeAdapter.java:179) ~[gson-2.10.jar%2372!/:?]
	at net.minecraft.util.GsonHelper.m_13808_(GsonHelper.java:463) ~[server-1.20.1-20230612.114412-srg.jar%23777!/:?]
	at net.minecraft.util.GsonHelper.m_13845_(GsonHelper.java:481) ~[server-1.20.1-20230612.114412-srg.jar%23777!/:?]
	at net.minecraft.world.level.storage.loot.LootTable$Serializer.deserialize(LootTable.java:294) ~[server-1.20.1-20230612.114412-srg.jar%23777!/:?]
	at net.minecraft.world.level.storage.loot.LootTable$Serializer.deserialize(LootTable.java:291) ~[server-1.20.1-20230612.114412-srg.jar%23777!/:?]
	at com.google.gson.internal.bind.TreeTypeAdapter.read(TreeTypeAdapter.java:76) ~[gson-2.10.jar%2372!/:?]
	at com.google.gson.Gson.fromJson(Gson.java:1214) ~[gson-2.10.jar%2372!/:?]
	at com.google.gson.Gson.fromJson(Gson.java:1319) ~[gson-2.10.jar%2372!/:?]
	at com.google.gson.Gson.fromJson(Gson.java:1261) ~[gson-2.10.jar%2372!/:?]
	at net.minecraftforge.common.ForgeHooks.loadLootTable(ForgeHooks.java:872) ~[forge-1.20.1-47.4.20-universal.jar%23782!/:?]
	at net.minecraftforge.common.ForgeHooks.lambda$getLootTableDeserializer$3(ForgeHooks.java:849) ~[forge-1.20.1-47.4.20-universal.jar%23782!/:?]
	at net.minecraft.world.level.storage.loot.LootDataType.deserialize(LootDataType.java:45) ~[server-1.20.1-20230612.114412-srg.jar%23777!/:?]
	at net.minecraft.world.level.storage.loot.LootDataManager.lambda$scheduleElementParse$4(LootDataManager.java:56) ~[server-1.20.1-20230612.114412-srg.jar%23777!/:?]
	at java.util.HashMap.forEach(HashMap.java:1421) ~[?:?]
	at net.minecraft.world.level.storage.loot.LootDataManager.m_278660_(LootDataManager.java:55) ~[server-1.20.1-20230612.114412-srg.jar%23777!/:?]
	at java.util.concurrent.CompletableFuture$AsyncRun.run(CompletableFuture.java:1804) ~[?:?]
	at java.util.concurrent.CompletableFuture$AsyncRun.exec(CompletableFuture.java:1796) ~[?:?]
	at java.util.concurrent.ForkJoinTask.doExec(ForkJoinTask.java:373) ~[?:?]
	at java.util.concurrent.ForkJoinPool$WorkQueue.topLevelExec(ForkJoinPool.java:1182) ~[?:?]
	at java.util.concurrent.ForkJoinPool.scan(ForkJoinPool.java:1655) ~[?:?]
	at java.util.concurrent.ForkJoinPool.runWorker(ForkJoinPool.java:1622) ~[?:?]
	at java.util.concurrent.ForkJoinWorkerThread.run(ForkJoinWorkerThread.java:165) ~[?:?]
[08May2026 01:14:48.688] [Worker-Main-3/ERROR] [net.minecraftforge.common.ForgeHooks/]: Couldn't parse element loot_tables:outer_end:blocks/stripped_azure_post
com.google.gson.JsonSyntaxException: Expected name to be an item, was unknown string 'outer_end:stripped_azure_post'
	at net.minecraft.util.GsonHelper.m_13866_(GsonHelper.java:145) ~[server-1.20.1-20230612.114412-srg.jar%23777!/:?]
	at java.util.Optional.orElseThrow(Optional.java:403) ~[?:?]
	at net.minecraft.util.GsonHelper.m_13874_(GsonHelper.java:145) ~[server-1.20.1-20230612.114412-srg.jar%23777!/:?]
	at net.minecraft.util.GsonHelper.m_13909_(GsonHelper.java:153) ~[server-1.20.1-20230612.114412-srg.jar%23777!/:?]
	at net.minecraft.world.level.storage.loot.entries.LootItem$Serializer.m_7267_(LootItem.java:55) ~[server-1.20.1-20230612.114412-srg.jar%23777!/:?]
	at net.minecraft.world.level.storage.loot.entries.LootItem$Serializer.m_7267_(LootItem.java:40) ~[server-1.20.1-20230612.114412-srg.jar%23777!/:?]
	at net.minecraft.world.level.storage.loot.entries.LootPoolSingletonContainer$Serializer.m_5921_(LootPoolSingletonContainer.java:151) ~[server-1.20.1-20230612.114412-srg.jar%23777!/:?]
	at net.minecraft.world.level.storage.loot.entries.LootPoolSingletonContainer$Serializer.m_5921_(LootPoolSingletonContainer.java:129) ~[server-1.20.1-20230612.114412-srg.jar%23777!/:?]
	at net.minecraft.world.level.storage.loot.entries.LootPoolEntryContainer$Serializer.m_7561_(LootPoolEntryContainer.java:86) ~[server-1.20.1-20230612.114412-srg.jar%23777!/:?]
	at net.minecraft.world.level.storage.loot.entries.LootPoolEntryContainer$Serializer.m_7561_(LootPoolEntryContainer.java:74) ~[server-1.20.1-20230612.114412-srg.jar%23777!/:?]
	at net.minecraft.world.level.storage.loot.GsonAdapterFactory$JsonAdapter.deserialize(GsonAdapterFactory.java:102) ~[server-1.20.1-20230612.114412-srg.jar%23777!/:?]
	at com.google.gson.internal.bind.TreeTypeAdapter.read(TreeTypeAdapter.java:76) ~[gson-2.10.jar%2372!/:?]
	at com.google.gson.internal.bind.TypeAdapterRuntimeTypeWrapper.read(TypeAdapterRuntimeTypeWrapper.java:40) ~[gson-2.10.jar%2372!/:?]
	at com.google.gson.internal.bind.ArrayTypeAdapter.read(ArrayTypeAdapter.java:72) ~[gson-2.10.jar%2372!/:?]
	at com.google.gson.Gson.fromJson(Gson.java:1214) ~[gson-2.10.jar%2372!/:?]
	at com.google.gson.Gson.fromJson(Gson.java:1319) ~[gson-2.10.jar%2372!/:?]
	at com.google.gson.Gson.fromJson(Gson.java:1290) ~[gson-2.10.jar%2372!/:?]
	at com.google.gson.internal.bind.TreeTypeAdapter$GsonContextImpl.deserialize(TreeTypeAdapter.java:179) ~[gson-2.10.jar%2372!/:?]
	at net.minecraft.util.GsonHelper.m_13808_(GsonHelper.java:463) ~[server-1.20.1-20230612.114412-srg.jar%23777!/:?]
	at net.minecraft.util.GsonHelper.m_13836_(GsonHelper.java:471) ~[server-1.20.1-20230612.114412-srg.jar%23777!/:?]
	at net.minecraft.world.level.storage.loot.LootPool$Serializer.deserialize(LootPool.java:192) ~[server-1.20.1-20230612.114412-srg.jar%23777!/:?]
	at net.minecraft.world.level.storage.loot.LootPool$Serializer.deserialize(LootPool.java:189) ~[server-1.20.1-20230612.114412-srg.jar%23777!/:?]
	at com.google.gson.internal.bind.TreeTypeAdapter.read(TreeTypeAdapter.java:76) ~[gson-2.10.jar%2372!/:?]
	at com.google.gson.internal.bind.TypeAdapterRuntimeTypeWrapper.read(TypeAdapterRuntimeTypeWrapper.java:40) ~[gson-2.10.jar%2372!/:?]
	at com.google.gson.internal.bind.ArrayTypeAdapter.read(ArrayTypeAdapter.java:72) ~[gson-2.10.jar%2372!/:?]
	at com.google.gson.Gson.fromJson(Gson.java:1214) ~[gson-2.10.jar%2372!/:?]
	at com.google.gson.Gson.fromJson(Gson.java:1319) ~[gson-2.10.jar%2372!/:?]
	at com.google.gson.Gson.fromJson(Gson.java:1290) ~[gson-2.10.jar%2372!/:?]
	at com.google.gson.internal.bind.TreeTypeAdapter$GsonContextImpl.deserialize(TreeTypeAdapter.java:179) ~[gson-2.10.jar%2372!/:?]
	at net.minecraft.util.GsonHelper.m_13808_(GsonHelper.java:463) ~[server-1.20.1-20230612.114412-srg.jar%23777!/:?]
	at net.minecraft.util.GsonHelper.m_13845_(GsonHelper.java:481) ~[server-1.20.1-20230612.114412-srg.jar%23777!/:?]
	at net.minecraft.world.level.storage.loot.LootTable$Serializer.deserialize(LootTable.java:294) ~[server-1.20.1-20230612.114412-srg.jar%23777!/:?]
	at net.minecraft.world.level.storage.loot.LootTable$Serializer.deserialize(LootTable.java:291) ~[server-1.20.1-20230612.114412-srg.jar%23777!/:?]
	at com.google.gson.internal.bind.TreeTypeAdapter.read(TreeTypeAdapter.java:76) ~[gson-2.10.jar%2372!/:?]
	at com.google.gson.Gson.fromJson(Gson.java:1214) ~[gson-2.10.jar%2372!/:?]
	at com.google.gson.Gson.fromJson(Gson.java:1319) ~[gson-2.10.jar%2372!/:?]
	at com.google.gson.Gson.fromJson(Gson.java:1261) ~[gson-2.10.jar%2372!/:?]
	at net.minecraftforge.common.ForgeHooks.loadLootTable(ForgeHooks.java:872) ~[forge-1.20.1-47.4.20-universal.jar%23782!/:?]
	at net.minecraftforge.common.ForgeHooks.lambda$getLootTableDeserializer$3(ForgeHooks.java:849) ~[forge-1.20.1-47.4.20-universal.jar%23782!/:?]
	at net.minecraft.world.level.storage.loot.LootDataType.deserialize(LootDataType.java:45) ~[server-1.20.1-20230612.114412-srg.jar%23777!/:?]
	at net.minecraft.world.level.storage.loot.LootDataManager.lambda$scheduleElementParse$4(LootDataManager.java:56) ~[server-1.20.1-20230612.114412-srg.jar%23777!/:?]
	at java.util.HashMap.forEach(HashMap.java:1421) ~[?:?]
	at net.minecraft.world.level.storage.loot.LootDataManager.m_278660_(LootDataManager.java:55) ~[server-1.20.1-20230612.114412-srg.jar%23777!/:?]
	at java.util.concurrent.CompletableFuture$AsyncRun.run(CompletableFuture.java:1804) ~[?:?]
	at java.util.concurrent.CompletableFuture$AsyncRun.exec(CompletableFuture.java:1796) ~[?:?]
	at java.util.concurrent.ForkJoinTask.doExec(ForkJoinTask.java:373) ~[?:?]
	at java.util.concurrent.ForkJoinPool$WorkQueue.topLevelExec(ForkJoinPool.java:1182) ~[?:?]
	at java.util.concurrent.ForkJoinPool.scan(ForkJoinPool.java:1655) ~[?:?]
	at java.util.concurrent.ForkJoinPool.runWorker(ForkJoinPool.java:1622) ~[?:?]
	at java.util.concurrent.ForkJoinWorkerThread.run(ForkJoinWorkerThread.java:165) ~[?:?]
[08May2026 01:14:48.737] [Worker-Main-3/ERROR] [net.minecraftforge.common.ForgeHooks/]: Couldn't parse element loot_tables:adorable_eggs:blocks/bogged_egg
com.google.gson.JsonSyntaxException: Expected name to be an item, was unknown string 'minecraft:bogged_spawn_egg'
	at net.minecraft.util.GsonHelper.m_13866_(GsonHelper.java:145) ~[server-1.20.1-20230612.114412-srg.jar%23777!/:?]
	at java.util.Optional.orElseThrow(Optional.java:403) ~[?:?]
	at net.minecraft.util.GsonHelper.m_13874_(GsonHelper.java:145) ~[server-1.20.1-20230612.114412-srg.jar%23777!/:?]
	at net.minecraft.util.GsonHelper.m_13909_(GsonHelper.java:153) ~[server-1.20.1-20230612.114412-srg.jar%23777!/:?]
	at net.minecraft.world.level.storage.loot.entries.LootItem$Serializer.m_7267_(LootItem.java:55) ~[server-1.20.1-20230612.114412-srg.jar%23777!/:?]
	at net.minecraft.world.level.storage.loot.entries.LootItem$Serializer.m_7267_(LootItem.java:40) ~[server-1.20.1-20230612.114412-srg.jar%23777!/:?]
	at net.minecraft.world.level.storage.loot.entries.LootPoolSingletonContainer$Serializer.m_5921_(LootPoolSingletonContainer.java:151) ~[server-1.20.1-20230612.114412-srg.jar%23777!/:?]
	at net.minecraft.world.level.storage.loot.entries.LootPoolSingletonContainer$Serializer.m_5921_(LootPoolSingletonContainer.java:129) ~[server-1.20.1-20230612.114412-srg.jar%23777!/:?]
	at net.minecraft.world.level.storage.loot.entries.LootPoolEntryContainer$Serializer.m_7561_(LootPoolEntryContainer.java:86) ~[server-1.20.1-20230612.114412-srg.jar%23777!/:?]
	at net.minecraft.world.level.storage.loot.entries.LootPoolEntryContainer$Serializer.m_7561_(LootPoolEntryContainer.java:74) ~[server-1.20.1-20230612.114412-srg.jar%23777!/:?]
	at net.minecraft.world.level.storage.loot.GsonAdapterFactory$JsonAdapter.deserialize(GsonAdapterFactory.java:102) ~[server-1.20.1-20230612.114412-srg.jar%23777!/:?]
	at com.google.gson.internal.bind.TreeTypeAdapter.read(TreeTypeAdapter.java:76) ~[gson-2.10.jar%2372!/:?]
	at com.google.gson.internal.bind.TypeAdapterRuntimeTypeWrapper.read(TypeAdapterRuntimeTypeWrapper.java:40) ~[gson-2.10.jar%2372!/:?]
	at com.google.gson.internal.bind.ArrayTypeAdapter.read(ArrayTypeAdapter.java:72) ~[gson-2.10.jar%2372!/:?]
	at com.google.gson.Gson.fromJson(Gson.java:1214) ~[gson-2.10.jar%2372!/:?]
	at com.google.gson.Gson.fromJson(Gson.java:1319) ~[gson-2.10.jar%2372!/:?]
	at com.google.gson.Gson.fromJson(Gson.java:1290) ~[gson-2.10.jar%2372!/:?]
	at com.google.gson.internal.bind.TreeTypeAdapter$GsonContextImpl.deserialize(TreeTypeAdapter.java:179) ~[gson-2.10.jar%2372!/:?]
	at net.minecraft.util.GsonHelper.m_13808_(GsonHelper.java:463) ~[server-1.20.1-20230612.114412-srg.jar%23777!/:?]
	at net.minecraft.util.GsonHelper.m_13836_(GsonHelper.java:471) ~[server-1.20.1-20230612.114412-srg.jar%23777!/:?]
	at net.minecraft.world.level.storage.loot.LootPool$Serializer.deserialize(LootPool.java:192) ~[server-1.20.1-20230612.114412-srg.jar%23777!/:?]
	at net.minecraft.world.level.storage.loot.LootPool$Serializer.deserialize(LootPool.java:189) ~[server-1.20.1-20230612.114412-srg.jar%23777!/:?]
	at com.google.gson.internal.bind.TreeTypeAdapter.read(TreeTypeAdapter.java:76) ~[gson-2.10.jar%2372!/:?]
	at com.google.gson.internal.bind.TypeAdapterRuntimeTypeWrapper.read(TypeAdapterRuntimeTypeWrapper.java:40) ~[gson-2.10.jar%2372!/:?]
	at com.google.gson.internal.bind.ArrayTypeAdapter.read(ArrayTypeAdapter.java:72) ~[gson-2.10.jar%2372!/:?]
	at com.google.gson.Gson.fromJson(Gson.java:1214) ~[gson-2.10.jar%2372!/:?]
	at com.google.gson.Gson.fromJson(Gson.java:1319) ~[gson-2.10.jar%2372!/:?]
	at com.google.gson.Gson.fromJson(Gson.java:1290) ~[gson-2.10.jar%2372!/:?]
	at com.google.gson.internal.bind.TreeTypeAdapter$GsonContextImpl.deserialize(TreeTypeAdapter.java:179) ~[gson-2.10.jar%2372!/:?]
	at net.minecraft.util.GsonHelper.m_13808_(GsonHelper.java:463) ~[server-1.20.1-20230612.114412-srg.jar%23777!/:?]
	at net.minecraft.util.GsonHelper.m_13845_(GsonHelper.java:481) ~[server-1.20.1-20230612.114412-srg.jar%23777!/:?]
	at net.minecraft.world.level.storage.loot.LootTable$Serializer.deserialize(LootTable.java:294) ~[server-1.20.1-20230612.114412-srg.jar%23777!/:?]
	at net.minecraft.world.level.storage.loot.LootTable$Serializer.deserialize(LootTable.java:291) ~[server-1.20.1-20230612.114412-srg.jar%23777!/:?]
	at com.google.gson.internal.bind.TreeTypeAdapter.read(TreeTypeAdapter.java:76) ~[gson-2.10.jar%2372!/:?]
	at com.google.gson.Gson.fromJson(Gson.java:1214) ~[gson-2.10.jar%2372!/:?]
	at com.google.gson.Gson.fromJson(Gson.java:1319) ~[gson-2.10.jar%2372!/:?]
	at com.google.gson.Gson.fromJson(Gson.java:1261) ~[gson-2.10.jar%2372!/:?]
	at net.minecraftforge.common.ForgeHooks.loadLootTable(ForgeHooks.java:872) ~[forge-1.20.1-47.4.20-universal.jar%23782!/:?]
	at net.minecraftforge.common.ForgeHooks.lambda$getLootTableDeserializer$3(ForgeHooks.java:849) ~[forge-1.20.1-47.4.20-universal.jar%23782!/:?]
	at net.minecraft.world.level.storage.loot.LootDataType.deserialize(LootDataType.java:45) ~[server-1.20.1-20230612.114412-srg.jar%23777!/:?]
	at net.minecraft.world.level.storage.loot.LootDataManager.lambda$scheduleElementParse$4(LootDataManager.java:56) ~[server-1.20.1-20230612.114412-srg.jar%23777!/:?]
	at java.util.HashMap.forEach(HashMap.java:1421) ~[?:?]
	at net.minecraft.world.level.storage.loot.LootDataManager.m_278660_(LootDataManager.java:55) ~[server-1.20.1-20230612.114412-srg.jar%23777!/:?]
	at java.util.concurrent.CompletableFuture$AsyncRun.run(CompletableFuture.java:1804) ~[?:?]
	at java.util.concurrent.CompletableFuture$AsyncRun.exec(CompletableFuture.java:1796) ~[?:?]
	at java.util.concurrent.ForkJoinTask.doExec(ForkJoinTask.java:373) ~[?:?]
	at java.util.concurrent.ForkJoinPool$WorkQueue.topLevelExec(ForkJoinPool.java:1182) ~[?:?]
	at java.util.concurrent.ForkJoinPool.scan(ForkJoinPool.java:1655) ~[?:?]
	at java.util.concurrent.ForkJoinPool.runWorker(ForkJoinPool.java:1622) ~[?:?]
	at java.util.concurrent.ForkJoinWorkerThread.run(ForkJoinWorkerThread.java:165) ~[?:?]
[08May2026 01:14:48.917] [Worker-Main-3/ERROR] [net.minecraftforge.common.ForgeHooks/]: Couldn't parse element loot_tables:outer_end:blocks/himmel_vertical_slab
java.lang.IllegalArgumentException: Can't find block outer_end:himmel_vertical_slab
	at net.minecraft.world.level.storage.loot.predicates.LootItemBlockStatePropertyCondition$Serializer.m_81802_(LootItemBlockStatePropertyCondition.java:79) ~[server-1.20.1-20230612.114412-srg.jar%23777!/:?]
	at java.util.Optional.orElseThrow(Optional.java:403) ~[?:?]
	at net.minecraft.world.level.storage.loot.predicates.LootItemBlockStatePropertyCondition$Serializer.m_7561_(LootItemBlockStatePropertyCondition.java:79) ~[server-1.20.1-20230612.114412-srg.jar%23777!/:?]
	at net.minecraft.world.level.storage.loot.predicates.LootItemBlockStatePropertyCondition$Serializer.m_7561_(LootItemBlockStatePropertyCondition.java:68) ~[server-1.20.1-20230612.114412-srg.jar%23777!/:?]
	at net.minecraft.world.level.storage.loot.GsonAdapterFactory$JsonAdapter.deserialize(GsonAdapterFactory.java:102) ~[server-1.20.1-20230612.114412-srg.jar%23777!/:?]
	at com.google.gson.internal.bind.TreeTypeAdapter.read(TreeTypeAdapter.java:76) ~[gson-2.10.jar%2372!/:?]
	at com.google.gson.internal.bind.TypeAdapterRuntimeTypeWrapper.read(TypeAdapterRuntimeTypeWrapper.java:40) ~[gson-2.10.jar%2372!/:?]
	at com.google.gson.internal.bind.ArrayTypeAdapter.read(ArrayTypeAdapter.java:72) ~[gson-2.10.jar%2372!/:?]
	at com.google.gson.Gson.fromJson(Gson.java:1214) ~[gson-2.10.jar%2372!/:?]
	at com.google.gson.Gson.fromJson(Gson.java:1319) ~[gson-2.10.jar%2372!/:?]
	at com.google.gson.Gson.fromJson(Gson.java:1290) ~[gson-2.10.jar%2372!/:?]
	at com.google.gson.internal.bind.TreeTypeAdapter$GsonContextImpl.deserialize(TreeTypeAdapter.java:179) ~[gson-2.10.jar%2372!/:?]
	at net.minecraft.util.GsonHelper.m_13808_(GsonHelper.java:463) ~[server-1.20.1-20230612.114412-srg.jar%23777!/:?]
	at net.minecraft.util.GsonHelper.m_13845_(GsonHelper.java:481) ~[server-1.20.1-20230612.114412-srg.jar%23777!/:?]
	at net.minecraft.world.level.storage.loot.functions.LootItemConditionalFunction$Serializer.m_7561_(LootItemConditionalFunction.java:98) ~[server-1.20.1-20230612.114412-srg.jar%23777!/:?]
	at net.minecraft.world.level.storage.loot.functions.LootItemConditionalFunction$Serializer.m_7561_(LootItemConditionalFunction.java:88) ~[server-1.20.1-20230612.114412-srg.jar%23777!/:?]
	at net.minecraft.world.level.storage.loot.GsonAdapterFactory$JsonAdapter.deserialize(GsonAdapterFactory.java:102) ~[server-1.20.1-20230612.114412-srg.jar%23777!/:?]
	at com.google.gson.internal.bind.TreeTypeAdapter.read(TreeTypeAdapter.java:76) ~[gson-2.10.jar%2372!/:?]
	at com.google.gson.internal.bind.TypeAdapterRuntimeTypeWrapper.read(TypeAdapterRuntimeTypeWrapper.java:40) ~[gson-2.10.jar%2372!/:?]
	at com.google.gson.internal.bind.ArrayTypeAdapter.read(ArrayTypeAdapter.java:72) ~[gson-2.10.jar%2372!/:?]
	at com.google.gson.Gson.fromJson(Gson.java:1214) ~[gson-2.10.jar%2372!/:?]
	at com.google.gson.Gson.fromJson(Gson.java:1319) ~[gson-2.10.jar%2372!/:?]
	at com.google.gson.Gson.fromJson(Gson.java:1290) ~[gson-2.10.jar%2372!/:?]
	at com.google.gson.internal.bind.TreeTypeAdapter$GsonContextImpl.deserialize(TreeTypeAdapter.java:179) ~[gson-2.10.jar%2372!/:?]
	at net.minecraft.util.GsonHelper.m_13808_(GsonHelper.java:463) ~[server-1.20.1-20230612.114412-srg.jar%23777!/:?]
	at net.minecraft.util.GsonHelper.m_13845_(GsonHelper.java:481) ~[server-1.20.1-20230612.114412-srg.jar%23777!/:?]
	at net.minecraft.world.level.storage.loot.entries.LootPoolSingletonContainer$Serializer.m_5921_(LootPoolSingletonContainer.java:149) ~[server-1.20.1-20230612.114412-srg.jar%23777!/:?]
	at net.minecraft.world.level.storage.loot.entries.LootPoolSingletonContainer$Serializer.m_5921_(LootPoolSingletonContainer.java:129) ~[server-1.20.1-20230612.114412-srg.jar%23777!/:?]
	at net.minecraft.world.level.storage.loot.entries.LootPoolEntryContainer$Serializer.m_7561_(LootPoolEntryContainer.java:86) ~[server-1.20.1-20230612.114412-srg.jar%23777!/:?]
	at net.minecraft.world.level.storage.loot.entries.LootPoolEntryContainer$Serializer.m_7561_(LootPoolEntryContainer.java:74) ~[server-1.20.1-20230612.114412-srg.jar%23777!/:?]
	at net.minecraft.world.level.storage.loot.GsonAdapterFactory$JsonAdapter.deserialize(GsonAdapterFactory.java:102) ~[server-1.20.1-20230612.114412-srg.jar%23777!/:?]
	at com.google.gson.internal.bind.TreeTypeAdapter.read(TreeTypeAdapter.java:76) ~[gson-2.10.jar%2372!/:?]
	at com.google.gson.internal.bind.TypeAdapterRuntimeTypeWrapper.read(TypeAdapterRuntimeTypeWrapper.java:40) ~[gson-2.10.jar%2372!/:?]
	at com.google.gson.internal.bind.ArrayTypeAdapter.read(ArrayTypeAdapter.java:72) ~[gson-2.10.jar%2372!/:?]
	at com.google.gson.Gson.fromJson(Gson.java:1214) ~[gson-2.10.jar%2372!/:?]
	at com.google.gson.Gson.fromJson(Gson.java:1319) ~[gson-2.10.jar%2372!/:?]
	at com.google.gson.Gson.fromJson(Gson.java:1290) ~[gson-2.10.jar%2372!/:?]
	at com.google.gson.internal.bind.TreeTypeAdapter$GsonContextImpl.deserialize(TreeTypeAdapter.java:179) ~[gson-2.10.jar%2372!/:?]
	at net.minecraft.util.GsonHelper.m_13808_(GsonHelper.java:463) ~[server-1.20.1-20230612.114412-srg.jar%23777!/:?]
	at net.minecraft.util.GsonHelper.m_13836_(GsonHelper.java:471) ~[server-1.20.1-20230612.114412-srg.jar%23777!/:?]
	at net.minecraft.world.level.storage.loot.LootPool$Serializer.deserialize(LootPool.java:192) ~[server-1.20.1-20230612.114412-srg.jar%23777!/:?]
	at net.minecraft.world.level.storage.loot.LootPool$Serializer.deserialize(LootPool.java:189) ~[server-1.20.1-20230612.114412-srg.jar%23777!/:?]
	at com.google.gson.internal.bind.TreeTypeAdapter.read(TreeTypeAdapter.java:76) ~[gson-2.10.jar%2372!/:?]
	at com.google.gson.internal.bind.TypeAdapterRuntimeTypeWrapper.read(TypeAdapterRuntimeTypeWrapper.java:40) ~[gson-2.10.jar%2372!/:?]
	at com.google.gson.internal.bind.ArrayTypeAdapter.read(ArrayTypeAdapter.java:72) ~[gson-2.10.jar%2372!/:?]
	at com.google.gson.Gson.fromJson(Gson.java:1214) ~[gson-2.10.jar%2372!/:?]
	at com.google.gson.Gson.fromJson(Gson.java:1319) ~[gson-2.10.jar%2372!/:?]
	at com.google.gson.Gson.fromJson(Gson.java:1290) ~[gson-2.10.jar%2372!/:?]
	at com.google.gson.internal.bind.TreeTypeAdapter$GsonContextImpl.deserialize(TreeTypeAdapter.java:179) ~[gson-2.10.jar%2372!/:?]
	at net.minecraft.util.GsonHelper.m_13808_(GsonHelper.java:463) ~[server-1.20.1-20230612.114412-srg.jar%23777!/:?]
	at net.minecraft.util.GsonHelper.m_13845_(GsonHelper.java:481) ~[server-1.20.1-20230612.114412-srg.jar%23777!/:?]
	at net.minecraft.world.level.storage.loot.LootTable$Serializer.deserialize(LootTable.java:294) ~[server-1.20.1-20230612.114412-srg.jar%23777!/:?]
	at net.minecraft.world.level.storage.loot.LootTable$Serializer.deserialize(LootTable.java:291) ~[server-1.20.1-20230612.114412-srg.jar%23777!/:?]
	at com.google.gson.internal.bind.TreeTypeAdapter.read(TreeTypeAdapter.java:76) ~[gson-2.10.jar%2372!/:?]
	at com.google.gson.Gson.fromJson(Gson.java:1214) ~[gson-2.10.jar%2372!/:?]
	at com.google.gson.Gson.fromJson(Gson.java:1319) ~[gson-2.10.jar%2372!/:?]
	at com.google.gson.Gson.fromJson(Gson.java:1261) ~[gson-2.10.jar%2372!/:?]
	at net.minecraftforge.common.ForgeHooks.loadLootTable(ForgeHooks.java:872) ~[forge-1.20.1-47.4.20-universal.jar%23782!/:?]
	at net.minecraftforge.common.ForgeHooks.lambda$getLootTableDeserializer$3(ForgeHooks.java:849) ~[forge-1.20.1-47.4.20-universal.jar%23782!/:?]
	at net.minecraft.world.level.storage.loot.LootDataType.deserialize(LootDataType.java:45) ~[server-1.20.1-20230612.114412-srg.jar%23777!/:?]
	at net.minecraft.world.level.storage.loot.LootDataManager.lambda$scheduleElementParse$4(LootDataManager.java:56) ~[server-1.20.1-20230612.114412-srg.jar%23777!/:?]
	at java.util.HashMap.forEach(HashMap.java:1421) ~[?:?]
	at net.minecraft.world.level.storage.loot.LootDataManager.m_278660_(LootDataManager.java:55) ~[server-1.20.1-20230612.114412-srg.jar%23777!/:?]
	at java.util.concurrent.CompletableFuture$AsyncRun.run(CompletableFuture.java:1804) ~[?:?]
	at java.util.concurrent.CompletableFuture$AsyncRun.exec(CompletableFuture.java:1796) ~[?:?]
	at java.util.concurrent.ForkJoinTask.doExec(ForkJoinTask.java:373) ~[?:?]
	at java.util.concurrent.ForkJoinPool$WorkQueue.topLevelExec(ForkJoinPool.java:1182) ~[?:?]
	at java.util.concurrent.ForkJoinPool.scan(ForkJoinPool.java:1655) ~[?:?]
	at java.util.concurrent.ForkJoinPool.runWorker(ForkJoinPool.java:1622) ~[?:?]
	at java.util.concurrent.ForkJoinWorkerThread.run(ForkJoinWorkerThread.java:165) ~[?:?]
[08May2026 01:14:49.055] [Worker-Main-3/INFO] [Spartan Weaponry/]: Adding Iron Weapons to the Village Weaponsmith Loot Table!
[08May2026 01:14:49.150] [Worker-Main-3/ERROR] [net.minecraftforge.common.ForgeHooks/]: Couldn't parse element loot_tables:adorable_eggs:blocks/creaking_egg
com.google.gson.JsonSyntaxException: Expected name to be an item, was unknown string 'minecraft:creaking_spawn_egg'
	at net.minecraft.util.GsonHelper.m_13866_(GsonHelper.java:145) ~[server-1.20.1-20230612.114412-srg.jar%23777!/:?]
	at java.util.Optional.orElseThrow(Optional.java:403) ~[?:?]
	at net.minecraft.util.GsonHelper.m_13874_(GsonHelper.java:145) ~[server-1.20.1-20230612.114412-srg.jar%23777!/:?]
	at net.minecraft.util.GsonHelper.m_13909_(GsonHelper.java:153) ~[server-1.20.1-20230612.114412-srg.jar%23777!/:?]
	at net.minecraft.world.level.storage.loot.entries.LootItem$Serializer.m_7267_(LootItem.java:55) ~[server-1.20.1-20230612.114412-srg.jar%23777!/:?]
	at net.minecraft.world.level.storage.loot.entries.LootItem$Serializer.m_7267_(LootItem.java:40) ~[server-1.20.1-20230612.114412-srg.jar%23777!/:?]
	at net.minecraft.world.level.storage.loot.entries.LootPoolSingletonContainer$Serializer.m_5921_(LootPoolSingletonContainer.java:151) ~[server-1.20.1-20230612.114412-srg.jar%23777!/:?]
	at net.minecraft.world.level.storage.loot.entries.LootPoolSingletonContainer$Serializer.m_5921_(LootPoolSingletonContainer.java:129) ~[server-1.20.1-20230612.114412-srg.jar%23777!/:?]
	at net.minecraft.world.level.storage.loot.entries.LootPoolEntryContainer$Serializer.m_7561_(LootPoolEntryContainer.java:86) ~[server-1.20.1-20230612.114412-srg.jar%23777!/:?]
	at net.minecraft.world.level.storage.loot.entries.LootPoolEntryContainer$Serializer.m_7561_(LootPoolEntryContainer.java:74) ~[server-1.20.1-20230612.114412-srg.jar%23777!/:?]
	at net.minecraft.world.level.storage.loot.GsonAdapterFactory$JsonAdapter.deserialize(GsonAdapterFactory.java:102) ~[server-1.20.1-20230612.114412-srg.jar%23777!/:?]
	at com.google.gson.internal.bind.TreeTypeAdapter.read(TreeTypeAdapter.java:76) ~[gson-2.10.jar%2372!/:?]
	at com.google.gson.internal.bind.TypeAdapterRuntimeTypeWrapper.read(TypeAdapterRuntimeTypeWrapper.java:40) ~[gson-2.10.jar%2372!/:?]
	at com.google.gson.internal.bind.ArrayTypeAdapter.read(ArrayTypeAdapter.java:72) ~[gson-2.10.jar%2372!/:?]
	at com.google.gson.Gson.fromJson(Gson.java:1214) ~[gson-2.10.jar%2372!/:?]
	at com.google.gson.Gson.fromJson(Gson.java:1319) ~[gson-2.10.jar%2372!/:?]
	at com.google.gson.Gson.fromJson(Gson.java:1290) ~[gson-2.10.jar%2372!/:?]
	at com.google.gson.internal.bind.TreeTypeAdapter$GsonContextImpl.deserialize(TreeTypeAdapter.java:179) ~[gson-2.10.jar%2372!/:?]
	at net.minecraft.util.GsonHelper.m_13808_(GsonHelper.java:463) ~[server-1.20.1-20230612.114412-srg.jar%23777!/:?]
	at net.minecraft.util.GsonHelper.m_13836_(GsonHelper.java:471) ~[server-1.20.1-20230612.114412-srg.jar%23777!/:?]
	at net.minecraft.world.level.storage.loot.LootPool$Serializer.deserialize(LootPool.java:192) ~[server-1.20.1-20230612.114412-srg.jar%23777!/:?]
	at net.minecraft.world.level.storage.loot.LootPool$Serializer.deserialize(LootPool.java:189) ~[server-1.20.1-20230612.114412-srg.jar%23777!/:?]
	at com.google.gson.internal.bind.TreeTypeAdapter.read(TreeTypeAdapter.java:76) ~[gson-2.10.jar%2372!/:?]
	at com.google.gson.internal.bind.TypeAdapterRuntimeTypeWrapper.read(TypeAdapterRuntimeTypeWrapper.java:40) ~[gson-2.10.jar%2372!/:?]
	at com.google.gson.internal.bind.ArrayTypeAdapter.read(ArrayTypeAdapter.java:72) ~[gson-2.10.jar%2372!/:?]
	at com.google.gson.Gson.fromJson(Gson.java:1214) ~[gson-2.10.jar%2372!/:?]
	at com.google.gson.Gson.fromJson(Gson.java:1319) ~[gson-2.10.jar%2372!/:?]
	at com.google.gson.Gson.fromJson(Gson.java:1290) ~[gson-2.10.jar%2372!/:?]
	at com.google.gson.internal.bind.TreeTypeAdapter$GsonContextImpl.deserialize(TreeTypeAdapter.java:179) ~[gson-2.10.jar%2372!/:?]
	at net.minecraft.util.GsonHelper.m_13808_(GsonHelper.java:463) ~[server-1.20.1-20230612.114412-srg.jar%23777!/:?]
	at net.minecraft.util.GsonHelper.m_13845_(GsonHelper.java:481) ~[server-1.20.1-20230612.114412-srg.jar%23777!/:?]
	at net.minecraft.world.level.storage.loot.LootTable$Serializer.deserialize(LootTable.java:294) ~[server-1.20.1-20230612.114412-srg.jar%23777!/:?]
	at net.minecraft.world.level.storage.loot.LootTable$Serializer.deserialize(LootTable.java:291) ~[server-1.20.1-20230612.114412-srg.jar%23777!/:?]
	at com.google.gson.internal.bind.TreeTypeAdapter.read(TreeTypeAdapter.java:76) ~[gson-2.10.jar%2372!/:?]
	at com.google.gson.Gson.fromJson(Gson.java:1214) ~[gson-2.10.jar%2372!/:?]
	at com.google.gson.Gson.fromJson(Gson.java:1319) ~[gson-2.10.jar%2372!/:?]
	at com.google.gson.Gson.fromJson(Gson.java:1261) ~[gson-2.10.jar%2372!/:?]
	at net.minecraftforge.common.ForgeHooks.loadLootTable(ForgeHooks.java:872) ~[forge-1.20.1-47.4.20-universal.jar%23782!/:?]
	at net.minecraftforge.common.ForgeHooks.lambda$getLootTableDeserializer$3(ForgeHooks.java:849) ~[forge-1.20.1-47.4.20-universal.jar%23782!/:?]
	at net.minecraft.world.level.storage.loot.LootDataType.deserialize(LootDataType.java:45) ~[server-1.20.1-20230612.114412-srg.jar%23777!/:?]
	at net.minecraft.world.level.storage.loot.LootDataManager.lambda$scheduleElementParse$4(LootDataManager.java:56) ~[server-1.20.1-20230612.114412-srg.jar%23777!/:?]
	at java.util.HashMap.forEach(HashMap.java:1421) ~[?:?]
	at net.minecraft.world.level.storage.loot.LootDataManager.m_278660_(LootDataManager.java:55) ~[server-1.20.1-20230612.114412-srg.jar%23777!/:?]
	at java.util.concurrent.CompletableFuture$AsyncRun.run(CompletableFuture.java:1804) ~[?:?]
	at java.util.concurrent.CompletableFuture$AsyncRun.exec(CompletableFuture.java:1796) ~[?:?]
	at java.util.concurrent.ForkJoinTask.doExec(ForkJoinTask.java:373) ~[?:?]
	at java.util.concurrent.ForkJoinPool$WorkQueue.topLevelExec(ForkJoinPool.java:1182) ~[?:?]
	at java.util.concurrent.ForkJoinPool.scan(ForkJoinPool.java:1655) ~[?:?]
	at java.util.concurrent.ForkJoinPool.runWorker(ForkJoinPool.java:1622) ~[?:?]
	at java.util.concurrent.ForkJoinWorkerThread.run(ForkJoinWorkerThread.java:165) ~[?:?]
[08May2026 01:14:49.218] [main/INFO] [com.teamabnormals.blueprint.core.Blueprint/]: Loot Modification Manager has loaded 0 modifier groups
[08May2026 01:14:49.230] [main/WARN] [net.minecraft.world.level.storage.loot.LootDataManager/]: Datapack tried to redefine minecraft:empty loot table, ignoring
[08May2026 01:14:49.452] [main/WARN] [net.minecraft.world.level.storage.loot.LootDataManager/]: Found loot table element validation problem in {loot_tables:mutantmonsters:entities/mutant_skeleton/rib}.pools[1].entries[0]->{botania:elementium_axe_beheading}.pools[3].condition[1].term[1]: Parameters [<parameter minecraft:origin>] are not provided in this context
[08May2026 01:14:49.453] [main/WARN] [net.minecraft.world.level.storage.loot.LootDataManager/]: Found loot table element validation problem in {loot_tables:mutantmonsters:entities/mutant_skeleton/shoulder_pad}.pools[1].entries[0]->{botania:elementium_axe_beheading}.pools[2].condition[1].term[0]: Parameters [<parameter minecraft:origin>] are not provided in this context
[08May2026 01:14:49.453] [main/WARN] [net.minecraft.world.level.storage.loot.LootDataManager/]: Found loot table element validation problem in {loot_tables:mutantmonsters:entities/mutant_skeleton/skull}.pools[1].entries[0]->{botania:elementium_axe_beheading}.pools[4].condition[2]: Parameters [<parameter minecraft:killer_entity>] are not provided in this context
[08May2026 01:14:49.453] [main/WARN] [net.minecraft.world.level.storage.loot.LootDataManager/]: Found loot table element validation problem in {loot_tables:mutantmonsters:entities/mutant_skeleton/limb}.pools[1].entries[0]->{botania:elementium_axe_beheading}.pools[2].condition[0]: Parameters [<parameter minecraft:origin>, <parameter minecraft:last_damage_player>] are not provided in this context
[08May2026 01:14:49.453] [main/WARN] [net.minecraft.world.level.storage.loot.LootDataManager/]: Found loot table element validation problem in {loot_tables:mutantmonsters:entities/mutant_skeleton/pelvis}.pools[1].entries[0]->{botania:elementium_axe_beheading}.pools[3].condition[1].term[0]: Parameters [<parameter minecraft:origin>] are not provided in this context
[08May2026 01:14:49.454] [main/WARN] [net.minecraft.world.level.storage.loot.LootDataManager/]: Found loot table element validation problem in {loot_tables:mutantmonsters:entities/mutant_skeleton/pelvis}.pools[1].entries[0]->{botania:elementium_axe_beheading}.pools[3].condition[2]: Parameters [<parameter minecraft:killer_entity>] are not provided in this context
[08May2026 01:14:49.454] [main/WARN] [net.minecraft.world.level.storage.loot.LootDataManager/]: Found loot table element validation problem in {loot_tables:mutantmonsters:entities/mutant_skeleton/skull}.pools[1].entries[0]->{botania:elementium_axe_beheading}.pools[2].condition[0]: Parameters [<parameter minecraft:origin>, <parameter minecraft:last_damage_player>] are not provided in this context
[08May2026 01:14:49.454] [main/WARN] [net.minecraft.world.level.storage.loot.LootDataManager/]: Found loot table element validation problem in {loot_tables:phantasm:blocks/acidic_nihilium}.pools[0].entries[0].entry[1]: Empty children list
[08May2026 01:14:49.454] [main/WARN] [net.minecraft.world.level.storage.loot.LootDataManager/]: Found loot table element validation problem in {loot_tables:mutantmonsters:entities/mutant_skeleton/shoulder_pad}.pools[1].entries[0]->{botania:elementium_axe_beheading}.pools[5].condition[1]: Parameters [<parameter minecraft:origin>] are not provided in this context
[08May2026 01:14:49.454] [main/WARN] [net.minecraft.world.level.storage.loot.LootDataManager/]: Found loot table element validation problem in {loot_tables:mutantmonsters:entities/mutant_skeleton/rib}.pools[1].entries[0]->{botania:elementium_axe_beheading}.pools[1].condition[1]: Parameters [<parameter minecraft:origin>] are not provided in this context
[08May2026 01:14:49.454] [main/WARN] [net.minecraft.world.level.storage.loot.LootDataManager/]: Found loot table element validation problem in {loot_tables:phantasm:blocks/vivid_nihilium}.pools[0].entries[0].entry[1]: Empty children list
[08May2026 01:14:49.454] [main/WARN] [net.minecraft.world.level.storage.loot.LootDataManager/]: Found loot table element validation problem in {loot_tables:mutantmonsters:entities/mutant_skeleton/pelvis}.pools[1].entries[0]->{botania:elementium_axe_beheading}.pools[6].condition[0]: Parameters [<parameter minecraft:origin>, <parameter minecraft:last_damage_player>] are not provided in this context
[08May2026 01:14:49.454] [main/WARN] [net.minecraft.world.level.storage.loot.LootDataManager/]: Found loot table element validation problem in {loot_tables:aquamirae:entities/maw_random_item}.pools[1].entries[0]->{botania:elementium_axe_beheading}.pools[6].condition[0]: Parameters [<parameter minecraft:last_damage_player>] are not provided in this context
[08May2026 01:14:49.455] [main/WARN] [net.minecraft.world.level.storage.loot.LootDataManager/]: Found loot table element validation problem in {loot_tables:aquamirae:entities/maw_random_item}.pools[1].entries[0]->{botania:elementium_axe_beheading}.pools[1].condition[0]: Parameters [<parameter minecraft:last_damage_player>] are not provided in this context
[08May2026 01:14:49.455] [main/WARN] [net.minecraft.world.level.storage.loot.LootDataManager/]: Found loot table element validation problem in {loot_tables:mutantmonsters:entities/mutant_skeleton/pelvis}.pools[1].entries[0]->{botania:elementium_axe_beheading}.pools[2].condition[1].term[1]: Parameters [<parameter minecraft:origin>] are not provided in this context
[08May2026 01:14:49.455] [main/WARN] [net.minecraft.world.level.storage.loot.LootDataManager/]: Found loot table element validation problem in {loot_tables:mutantmonsters:entities/mutant_skeleton/skull}.pools[1].entries[0]->{botania:elementium_axe_beheading}.pools[2].condition[1].term[3]: Parameters [<parameter minecraft:origin>] are not provided in this context
[08May2026 01:14:49.455] [main/WARN] [net.minecraft.world.level.storage.loot.LootDataManager/]: Found loot table element validation problem in {loot_tables:mutantmonsters:entities/mutant_skeleton/rib}.pools[1].entries[0]->{botania:elementium_axe_beheading}.pools[2].condition[1].term[2]: Parameters [<parameter minecraft:origin>] are not provided in this context
[08May2026 01:14:49.455] [main/WARN] [net.minecraft.world.level.storage.loot.LootDataManager/]: Found loot table element validation problem in {loot_tables:mutantmonsters:entities/mutant_skeleton/shoulder_pad}.pools[1].entries[0]->{botania:elementium_axe_beheading}.pools[0].condition[2]: Parameters [<parameter minecraft:killer_entity>] are not provided in this context
[08May2026 01:14:49.455] [main/WARN] [net.minecraft.world.level.storage.loot.LootDataManager/]: Found loot table element validation problem in {loot_tables:mutantmonsters:entities/mutant_skeleton/rib}.pools[1].entries[0]->{botania:elementium_axe_beheading}.pools[3].condition[2]: Parameters [<parameter minecraft:killer_entity>] are not provided in this context
[08May2026 01:14:49.455] [main/WARN] [net.minecraft.world.level.storage.loot.LootDataManager/]: Found loot table element validation problem in {loot_tables:mutantmonsters:entities/mutant_skeleton/limb}.pools[1].entries[0]->{botania:elementium_axe_beheading}.pools[4].condition[1]: Parameters [<parameter minecraft:origin>] are not provided in this context
[08May2026 01:14:49.455] [main/WARN] [net.minecraft.world.level.storage.loot.LootDataManager/]: Found loot table element validation problem in {loot_tables:mutantmonsters:entities/mutant_skeleton/rib}.pools[1].entries[0]->{botania:elementium_axe_beheading}.pools[6].condition[1]: Parameters [<parameter minecraft:origin>] are not provided in this context
[08May2026 01:14:49.455] [main/WARN] [net.minecraft.world.level.storage.loot.LootDataManager/]: Found loot table element validation problem in {loot_tables:phantasm:blocks/cirite_iron_ore}.pools[0].entries[0].entry[1]: Empty children list
[08May2026 01:14:49.455] [main/WARN] [net.minecraft.world.level.storage.loot.LootDataManager/]: Found loot table element validation problem in {loot_tables:mutantmonsters:entities/mutant_skeleton/pelvis}.pools[1].entries[0]->{botania:elementium_axe_beheading}.pools[1].condition[0]: Parameters [<parameter minecraft:origin>, <parameter minecraft:last_damage_player>] are not provided in this context
[08May2026 01:14:49.455] [main/WARN] [net.minecraft.world.level.storage.loot.LootDataManager/]: Found loot table element validation problem in {loot_tables:mutantmonsters:entities/mutant_skeleton/shoulder_pad}.pools[1].entries[0]->{botania:elementium_axe_beheading}.pools[2].condition[1].term[1]: Parameters [<parameter minecraft:origin>] are not provided in this context
[08May2026 01:14:49.455] [main/WARN] [net.minecraft.world.level.storage.loot.LootDataManager/]: Found loot table element validation problem in {loot_tables:mutantmonsters:entities/mutant_skeleton/limb}.pools[1].entries[0]->{botania:elementium_axe_beheading}.pools[2].condition[1].term[3]: Parameters [<parameter minecraft:origin>] are not provided in this context
[08May2026 01:14:49.456] [main/WARN] [net.minecraft.world.level.storage.loot.LootDataManager/]: Found loot table element validation problem in {loot_tables:aquamirae:entities/maw_random_item}.pools[1].entries[0]->{botania:elementium_axe_beheading}.pools[3].condition[0]: Parameters [<parameter minecraft:last_damage_player>] are not provided in this context
[08May2026 01:14:49.456] [main/WARN] [net.minecraft.world.level.storage.loot.LootDataManager/]: Found loot table element validation problem in {loot_tables:mutantmonsters:entities/mutant_skeleton/pelvis}.pools[1].entries[0]->{botania:elementium_axe_beheading}.pools[4].condition[0]: Parameters [<parameter minecraft:origin>, <parameter minecraft:last_damage_player>] are not provided in this context
[08May2026 01:14:49.456] [main/WARN] [net.minecraft.world.level.storage.loot.LootDataManager/]: Found loot table element validation problem in {loot_tables:mutantmonsters:entities/mutant_skeleton/shoulder_pad}.pools[1].entries[0]->{botania:elementium_axe_beheading}.pools[5].condition[0]: Parameters [<parameter minecraft:origin>, <parameter minecraft:last_damage_player>] are not provided in this context
[08May2026 01:14:49.456] [main/WARN] [net.minecraft.world.level.storage.loot.LootDataManager/]: Found loot table element validation problem in {loot_tables:mutantmonsters:entities/mutant_skeleton/rib}.pools[1].entries[0]->{botania:elementium_axe_beheading}.pools[1].condition[2]: Parameters [<parameter minecraft:origin>] are not provided in this context
[08May2026 01:14:49.457] [main/WARN] [net.minecraft.world.level.storage.loot.LootDataManager/]: Found loot table element validation problem in {loot_tables:mutantmonsters:entities/mutant_skeleton/rib}.pools[1].entries[0]->{botania:elementium_axe_beheading}.pools[4].condition[0]: Parameters [<parameter minecraft:origin>, <parameter minecraft:last_damage_player>] are not provided in this context
[08May2026 01:14:49.457] [main/WARN] [net.minecraft.world.level.storage.loot.LootDataManager/]: Found loot table element validation problem in {loot_tables:mutantmonsters:entities/mutant_skeleton/rib}.pools[1].entries[0]->{botania:elementium_axe_beheading}.pools[2].condition[1].term[1]: Parameters [<parameter minecraft:origin>] are not provided in this context
[08May2026 01:14:49.457] [main/WARN] [net.minecraft.world.level.storage.loot.LootDataManager/]: Found loot table element validation problem in {loot_tables:mutantmonsters:entities/mutant_skeleton/shoulder_pad}.pools[1].entries[0]->{botania:elementium_axe_beheading}.pools[0].condition[1]: Parameters [<parameter minecraft:origin>] are not provided in this context
[08May2026 01:14:49.457] [main/WARN] [net.minecraft.world.level.storage.loot.LootDataManager/]: Found loot table element validation problem in {loot_tables:mutantmonsters:entities/mutant_skeleton/rib}.pools[1].entries[0]->{botania:elementium_axe_beheading}.pools[6].condition[2]: Parameters [<parameter minecraft:killer_entity>] are not provided in this context
[08May2026 01:14:49.457] [main/WARN] [net.minecraft.world.level.storage.loot.LootDataManager/]: Found loot table element validation problem in {loot_tables:mutantmonsters:entities/mutant_skeleton/pelvis}.pools[1].entries[0]->{botania:elementium_axe_beheading}.pools[2].condition[1].term[2]: Parameters [<parameter minecraft:origin>] are not provided in this context
[08May2026 01:14:49.457] [main/WARN] [net.minecraft.world.level.storage.loot.LootDataManager/]: Found loot table element validation problem in {loot_tables:mutantmonsters:entities/mutant_skeleton/limb}.pools[1].entries[0]->{botania:elementium_axe_beheading}.pools[4].condition[2]: Parameters [<parameter minecraft:killer_entity>] are not provided in this context
[08May2026 01:14:49.457] [main/WARN] [net.minecraft.world.level.storage.loot.LootDataManager/]: Found loot table element validation problem in {loot_tables:mutantmonsters:entities/mutant_skeleton/shoulder_pad}.pools[1].entries[0]->{botania:elementium_axe_beheading}.pools[1].condition[0]: Parameters [<parameter minecraft:origin>, <parameter minecraft:last_damage_player>] are not provided in this context
[08May2026 01:14:49.457] [main/WARN] [net.minecraft.world.level.storage.loot.LootDataManager/]: Found loot table element validation problem in {loot_tables:mutantmonsters:entities/mutant_skeleton/shoulder_pad}.pools[1].entries[0]->{botania:elementium_axe_beheading}.pools[2].condition[1].term[2]: Parameters [<parameter minecraft:origin>] are not provided in this context
[08May2026 01:14:49.457] [main/WARN] [net.minecraft.world.level.storage.loot.LootDataManager/]: Found loot table element validation problem in {loot_tables:mutantmonsters:entities/mutant_skeleton/pelvis}.pools[1].entries[0]->{botania:elementium_axe_beheading}.pools[3].condition[0]: Parameters [<parameter minecraft:origin>, <parameter minecraft:last_damage_player>] are not provided in this context
[08May2026 01:14:49.457] [main/WARN] [net.minecraft.world.level.storage.loot.LootDataManager/]: Found loot table element validation problem in {loot_tables:mutantmonsters:entities/mutant_skeleton/limb}.pools[1].entries[0]->{botania:elementium_axe_beheading}.pools[2].condition[1].term[2]: Parameters [<parameter minecraft:origin>] are not provided in this context
[08May2026 01:14:49.457] [main/WARN] [net.minecraft.world.level.storage.loot.LootDataManager/]: Found loot table element validation problem in {loot_tables:mutantmonsters:entities/mutant_skeleton/rib}.pools[1].entries[0]->{botania:elementium_axe_beheading}.pools[1].condition[3]: Parameters [<parameter minecraft:killer_entity>] are not provided in this context
[08May2026 01:14:49.457] [main/WARN] [net.minecraft.world.level.storage.loot.LootDataManager/]: Found loot table element validation problem in {loot_tables:mutantmonsters:entities/mutant_skeleton/limb}.pools[1].entries[0]->{botania:elementium_axe_beheading}.pools[0].condition[0]: Parameters [<parameter minecraft:origin>, <parameter minecraft:last_damage_player>] are not provided in this context
[08May2026 01:14:49.457] [main/WARN] [net.minecraft.world.level.storage.loot.LootDataManager/]: Found loot table element validation problem in {loot_tables:mutantmonsters:entities/mutant_skeleton/rib}.pools[1].entries[0]->{botania:elementium_axe_beheading}.pools[2].condition[1].term[0]: Parameters [<parameter minecraft:origin>] are not provided in this context
[08May2026 01:14:49.458] [main/WARN] [net.minecraft.world.level.storage.loot.LootDataManager/]: Found loot table element validation problem in {loot_tables:mutantmonsters:entities/mutant_skeleton/shoulder_pad}.pools[1].entries[0]->{botania:elementium_axe_beheading}.pools[3].condition[1].term[1]: Parameters [<parameter minecraft:origin>] are not provided in this context
[08May2026 01:14:49.458] [main/WARN] [net.minecraft.world.level.storage.loot.LootDataManager/]: Found loot table element validation problem in {loot_tables:mutantmonsters:entities/mutant_skeleton/limb}.pools[1].entries[0]->{botania:elementium_axe_beheading}.pools[6].condition[1]: Parameters [<parameter minecraft:origin>] are not provided in this context
[08May2026 01:14:49.458] [main/WARN] [net.minecraft.world.level.storage.loot.LootDataManager/]: Found loot table element validation problem in {loot_tables:mutantmonsters:entities/mutant_skeleton/rib}.pools[1].entries[0]->{botania:elementium_axe_beheading}.pools[4].condition[1]: Parameters [<parameter minecraft:origin>] are not provided in this context
[08May2026 01:14:49.458] [main/WARN] [net.minecraft.world.level.storage.loot.LootDataManager/]: Found loot table element validation problem in {loot_tables:mutantmonsters:entities/mutant_skeleton/pelvis}.pools[1].entries[0]->{botania:elementium_axe_beheading}.pools[0].condition[1]: Parameters [<parameter minecraft:origin>] are not provided in this context
[08May2026 01:14:49.458] [main/WARN] [net.minecraft.world.level.storage.loot.LootDataManager/]: Found loot table element validation problem in {loot_tables:mutantmonsters:entities/mutant_skeleton/skull}.pools[1].entries[0]->{botania:elementium_axe_beheading}.pools[0].condition[1]: Parameters [<parameter minecraft:origin>] are not provided in this context
[08May2026 01:14:49.458] [main/WARN] [net.minecraft.world.level.storage.loot.LootDataManager/]: Found loot table element validation problem in {loot_tables:mutantmonsters:entities/mutant_skeleton/skull}.pools[1].entries[0]->{botania:elementium_axe_beheading}.pools[6].condition[2]: Parameters [<parameter minecraft:killer_entity>] are not provided in this context
[08May2026 01:14:49.458] [main/WARN] [net.minecraft.world.level.storage.loot.LootDataManager/]: Found loot table element validation problem in {loot_tables:mutantmonsters:entities/mutant_skeleton/skull}.pools[1].entries[0]->{botania:elementium_axe_beheading}.pools[2].condition[1].term[1]: Parameters [<parameter minecraft:origin>] are not provided in this context
[08May2026 01:14:49.458] [main/WARN] [net.minecraft.world.level.storage.loot.LootDataManager/]: Found loot table element validation problem in {loot_tables:mutantmonsters:entities/mutant_skeleton/shoulder_pad}.pools[1].entries[0]->{botania:elementium_axe_beheading}.pools[2].condition[0]: Parameters [<parameter minecraft:origin>, <parameter minecraft:last_damage_player>] are not provided in this context
[08May2026 01:14:49.458] [main/WARN] [net.minecraft.world.level.storage.loot.LootDataManager/]: Found loot table element validation problem in {loot_tables:mutantmonsters:entities/mutant_skeleton/rib}.pools[1].entries[0]->{botania:elementium_axe_beheading}.pools[5].condition[2]: Parameters [<parameter minecraft:killer_entity>] are not provided in this context
[08May2026 01:14:49.458] [main/WARN] [net.minecraft.world.level.storage.loot.LootDataManager/]: Found loot table element validation problem in {loot_tables:mutantmonsters:entities/mutant_skeleton/pelvis}.pools[1].entries[0]->{botania:elementium_axe_beheading}.pools[1].condition[2]: Parameters [<parameter minecraft:origin>] are not provided in this context
[08May2026 01:14:49.458] [main/WARN] [net.minecraft.world.level.storage.loot.LootDataManager/]: Found loot table element validation problem in {loot_tables:mutantmonsters:entities/mutant_skeleton/pelvis}.pools[1].entries[0]->{botania:elementium_axe_beheading}.pools[2].condition[1].term[3]: Parameters [<parameter minecraft:origin>] are not provided in this context
[08May2026 01:14:49.458] [main/WARN] [net.minecraft.world.level.storage.loot.LootDataManager/]: Found loot table element validation problem in {loot_tables:mutantmonsters:entities/mutant_skeleton/shoulder_pad}.pools[1].entries[0]->{botania:elementium_axe_beheading}.pools[1].condition[1]: Parameters [<parameter minecraft:origin>] are not provided in this context
[08May2026 01:14:49.458] [main/WARN] [net.minecraft.world.level.storage.loot.LootDataManager/]: Found loot table element validation problem in {loot_tables:mutantmonsters:entities/mutant_skeleton/shoulder_pad}.pools[1].entries[0]->{botania:elementium_axe_beheading}.pools[2].condition[2]: Parameters [<parameter minecraft:killer_entity>] are not provided in this context
[08May2026 01:14:49.458] [main/WARN] [net.minecraft.world.level.storage.loot.LootDataManager/]: Found loot table element validation problem in {loot_tables:mutantmonsters:entities/mutant_skeleton/pelvis}.pools[1].entries[0]->{botania:elementium_axe_beheading}.pools[3].condition[1].term[1]: Parameters [<parameter minecraft:origin>] are not provided in this context
[08May2026 01:14:49.459] [main/WARN] [net.minecraft.world.level.storage.loot.LootDataManager/]: Found loot table element validation problem in {loot_tables:mutantmonsters:entities/mutant_skeleton/limb}.pools[1].entries[0]->{botania:elementium_axe_beheading}.pools[2].condition[1].term[1]: Parameters [<parameter minecraft:origin>] are not provided in this context
[08May2026 01:14:49.459] [main/WARN] [net.minecraft.world.level.storage.loot.LootDataManager/]: Found loot table element validation problem in {loot_tables:mutantmonsters:entities/mutant_skeleton/shoulder_pad}.pools[1].entries[0]->{botania:elementium_axe_beheading}.pools[2].condition[1].term[3]: Parameters [<parameter minecraft:origin>] are not provided in this context
[08May2026 01:14:49.459] [main/WARN] [net.minecraft.world.level.storage.loot.LootDataManager/]: Found loot table element validation problem in {loot_tables:mutantmonsters:entities/mutant_skeleton/limb}.pools[1].entries[0]->{botania:elementium_axe_beheading}.pools[6].condition[2]: Parameters [<parameter minecraft:killer_entity>] are not provided in this context
[08May2026 01:14:49.459] [main/WARN] [net.minecraft.world.level.storage.loot.LootDataManager/]: Found loot table element validation problem in {loot_tables:mutantmonsters:entities/mutant_skeleton/shoulder_pad}.pools[1].entries[0]->{botania:elementium_axe_beheading}.pools[3].condition[1].term[0]: Parameters [<parameter minecraft:origin>] are not provided in this context
[08May2026 01:14:49.459] [main/WARN] [net.minecraft.world.level.storage.loot.LootDataManager/]: Found loot table element validation problem in {loot_tables:mutantmonsters:entities/mutant_skeleton/rib}.pools[1].entries[0]->{botania:elementium_axe_beheading}.pools[4].condition[2]: Parameters [<parameter minecraft:killer_entity>] are not provided in this context
[08May2026 01:14:49.459] [main/WARN] [net.minecraft.world.level.storage.loot.LootDataManager/]: Found loot table element validation problem in {loot_tables:mutantmonsters:entities/mutant_skeleton/pelvis}.pools[1].entries[0]->{botania:elementium_axe_beheading}.pools[0].condition[2]: Parameters [<parameter minecraft:killer_entity>] are not provided in this context
[08May2026 01:14:49.460] [main/WARN] [net.minecraft.world.level.storage.loot.LootDataManager/]: Found loot table element validation problem in {loot_tables:mutantmonsters:entities/mutant_skeleton/skull}.pools[1].entries[0]->{botania:elementium_axe_beheading}.pools[0].condition[0]: Parameters [<parameter minecraft:origin>, <parameter minecraft:last_damage_player>] are not provided in this context
[08May2026 01:14:49.460] [main/WARN] [net.minecraft.world.level.storage.loot.LootDataManager/]: Found loot table element validation problem in {loot_tables:aquamirae:entities/maw_random_item}.pools[1].entries[0]->{botania:elementium_axe_beheading}.pools[0].condition[0]: Parameters [<parameter minecraft:last_damage_player>] are not provided in this context
[08May2026 01:14:49.460] [main/WARN] [net.minecraft.world.level.storage.loot.LootDataManager/]: Found loot table element validation problem in {loot_tables:mutantmonsters:entities/mutant_skeleton/skull}.pools[1].entries[0]->{botania:elementium_axe_beheading}.pools[2].condition[1].term[2]: Parameters [<parameter minecraft:origin>] are not provided in this context
[08May2026 01:14:49.460] [main/WARN] [net.minecraft.world.level.storage.loot.LootDataManager/]: Found loot table element validation problem in {loot_tables:mutantmonsters:entities/mutant_skeleton/shoulder_pad}.pools[1].entries[0]->{botania:elementium_axe_beheading}.pools[3].condition[0]: Parameters [<parameter minecraft:origin>, <parameter minecraft:last_damage_player>] are not provided in this context
[08May2026 01:14:49.461] [main/WARN] [net.minecraft.world.level.storage.loot.LootDataManager/]: Found loot table element validation problem in {loot_tables:irons_spellbooks:chests/citadel/citadel_bookshelf}.pools[8].entries[0]: Unknown loot table called irons_spellbooks:chests/citadel/citadel_tomes
[08May2026 01:14:49.461] [main/WARN] [net.minecraft.world.level.storage.loot.LootDataManager/]: Found loot table element validation problem in {loot_tables:mutantmonsters:entities/mutant_skeleton/pelvis}.pools[1].entries[0]->{botania:elementium_axe_beheading}.pools[2].condition[0]: Parameters [<parameter minecraft:origin>, <parameter minecraft:last_damage_player>] are not provided in this context
[08May2026 01:14:49.461] [main/WARN] [net.minecraft.world.level.storage.loot.LootDataManager/]: Found loot table element validation problem in {loot_tables:mutantmonsters:entities/mutant_skeleton/rib}.pools[1].entries[0]->{botania:elementium_axe_beheading}.pools[6].condition[0]: Parameters [<parameter minecraft:origin>, <parameter minecraft:last_damage_player>] are not provided in this context
[08May2026 01:14:49.461] [main/WARN] [net.minecraft.world.level.storage.loot.LootDataManager/]: Found loot table element validation problem in {loot_tables:mutantmonsters:entities/mutant_skeleton/shoulder_pad}.pools[1].entries[0]->{botania:elementium_axe_beheading}.pools[1].condition[2]: Parameters [<parameter minecraft:origin>] are not provided in this context
[08May2026 01:14:49.462] [main/WARN] [net.minecraft.world.level.storage.loot.LootDataManager/]: Found loot table element validation problem in {loot_tables:mutantmonsters:entities/mutant_skeleton/rib}.pools[1].entries[0]->{botania:elementium_axe_beheading}.pools[5].condition[1]: Parameters [<parameter minecraft:origin>] are not provided in this context
[08May2026 01:14:49.462] [main/WARN] [net.minecraft.world.level.storage.loot.LootDataManager/]: Found loot table element validation problem in {loot_tables:mutantmonsters:entities/mutant_skeleton/pelvis}.pools[1].entries[0]->{botania:elementium_axe_beheading}.pools[1].condition[1]: Parameters [<parameter minecraft:origin>] are not provided in this context
[08May2026 01:14:49.462] [main/WARN] [net.minecraft.world.level.storage.loot.LootDataManager/]: Found loot table element validation problem in {loot_tables:mutantmonsters:entities/mutant_skeleton/rib}.pools[1].entries[0]->{botania:elementium_axe_beheading}.pools[2].condition[2]: Parameters [<parameter minecraft:killer_entity>] are not provided in this context
[08May2026 01:14:49.462] [main/WARN] [net.minecraft.world.level.storage.loot.LootDataManager/]: Found loot table element validation problem in {loot_tables:mutantmonsters:entities/mutant_skeleton/shoulder_pad}.pools[1].entries[0]->{botania:elementium_axe_beheading}.pools[6].condition[2]: Parameters [<parameter minecraft:killer_entity>] are not provided in this context
[08May2026 01:14:49.462] [main/WARN] [net.minecraft.world.level.storage.loot.LootDataManager/]: Found loot table element validation problem in {loot_tables:mutantmonsters:entities/mutant_skeleton/rib}.pools[1].entries[0]->{botania:elementium_axe_beheading}.pools[0].condition[0]: Parameters [<parameter minecraft:origin>, <parameter minecraft:last_damage_player>] are not provided in this context
[08May2026 01:14:49.462] [main/WARN] [net.minecraft.world.level.storage.loot.LootDataManager/]: Found loot table element validation problem in {loot_tables:mutantmonsters:entities/mutant_skeleton/pelvis}.pools[1].entries[0]->{botania:elementium_axe_beheading}.pools[5].condition[0]: Parameters [<parameter minecraft:origin>, <parameter minecraft:last_damage_player>] are not provided in this context
[08May2026 01:14:49.463] [main/WARN] [net.minecraft.world.level.storage.loot.LootDataManager/]: Found loot table element validation problem in {loot_tables:mutantmonsters:entities/mutant_skeleton/shoulder_pad}.pools[1].entries[0]->{botania:elementium_axe_beheading}.pools[4].condition[0]: Parameters [<parameter minecraft:origin>, <parameter minecraft:last_damage_player>] are not provided in this context
[08May2026 01:14:49.463] [main/WARN] [net.minecraft.world.level.storage.loot.LootDataManager/]: Found loot table element validation problem in {loot_tables:mutantmonsters:entities/mutant_skeleton/skull}.pools[1].entries[0]->{botania:elementium_axe_beheading}.pools[1].condition[0]: Parameters [<parameter minecraft:origin>, <parameter minecraft:last_damage_player>] are not provided in this context
[08May2026 01:14:49.463] [main/WARN] [net.minecraft.world.level.storage.loot.LootDataManager/]: Found loot table element validation problem in {loot_tables:mutantmonsters:entities/mutant_skeleton/skull}.pools[1].entries[0]->{botania:elementium_axe_beheading}.pools[6].condition[0]: Parameters [<parameter minecraft:origin>, <parameter minecraft:last_damage_player>] are not provided in this context
[08May2026 01:14:49.463] [main/WARN] [net.minecraft.world.level.storage.loot.LootDataManager/]: Found loot table element validation problem in {loot_tables:mutantmonsters:entities/mutant_skeleton/limb}.pools[1].entries[0]->{botania:elementium_axe_beheading}.pools[2].condition[1].term[0]: Parameters [<parameter minecraft:origin>] are not provided in this context
[08May2026 01:14:49.463] [main/WARN] [net.minecraft.world.level.storage.loot.LootDataManager/]: Found loot table element validation problem in {loot_tables:mutantmonsters:entities/mutant_skeleton/shoulder_pad}.pools[1].entries[0]->{botania:elementium_axe_beheading}.pools[1].condition[3]: Parameters [<parameter minecraft:killer_entity>] are not provided in this context
[08May2026 01:14:49.463] [main/WARN] [net.minecraft.world.level.storage.loot.LootDataManager/]: Found loot table element validation problem in {loot_tables:alexsmobs:gameplay/seal_reward}.pools[0].entries[0]->{minecraft:gameplay/fishing/junk}.pools[1].condition[0]: Parameters [<parameter minecraft:origin>] are not provided in this context
[08May2026 01:14:49.463] [main/WARN] [net.minecraft.world.level.storage.loot.LootDataManager/]: Found loot table element validation problem in {loot_tables:mutantmonsters:entities/mutant_skeleton/limb}.pools[1].entries[0]->{botania:elementium_axe_beheading}.pools[5].condition[2]: Parameters [<parameter minecraft:killer_entity>] are not provided in this context
[08May2026 01:14:49.464] [main/WARN] [net.minecraft.world.level.storage.loot.LootDataManager/]: Found loot table element validation problem in {loot_tables:mutantmonsters:entities/mutant_skeleton/rib}.pools[1].entries[0]->{botania:elementium_axe_beheading}.pools[5].condition[0]: Parameters [<parameter minecraft:origin>, <parameter minecraft:last_damage_player>] are not provided in this context
[08May2026 01:14:49.464] [main/WARN] [net.minecraft.world.level.storage.loot.LootDataManager/]: Found loot table element validation problem in {loot_tables:mutantmonsters:entities/mutant_skeleton/limb}.pools[1].entries[0]->{botania:elementium_axe_beheading}.pools[3].condition[2]: Parameters [<parameter minecraft:killer_entity>] are not provided in this context
[08May2026 01:14:49.464] [main/WARN] [net.minecraft.world.level.storage.loot.LootDataManager/]: Found loot table element validation problem in {loot_tables:mutantmonsters:entities/mutant_skeleton/skull}.pools[1].entries[0]->{botania:elementium_axe_beheading}.pools[3].condition[1].term[0]: Parameters [<parameter minecraft:origin>] are not provided in this context
[08May2026 01:14:49.464] [main/WARN] [net.minecraft.world.level.storage.loot.LootDataManager/]: Found loot table element validation problem in {loot_tables:mutantmonsters:entities/mutant_skeleton/skull}.pools[1].entries[0]->{botania:elementium_axe_beheading}.pools[5].condition[2]: Parameters [<parameter minecraft:killer_entity>] are not provided in this context
[08May2026 01:14:49.464] [main/WARN] [net.minecraft.world.level.storage.loot.LootDataManager/]: Found loot table element validation problem in {loot_tables:mutantmonsters:entities/mutant_skeleton/limb}.pools[1].entries[0]->{botania:elementium_axe_beheading}.pools[3].condition[1].term[0]: Parameters [<parameter minecraft:origin>] are not provided in this context
[08May2026 01:14:49.464] [main/WARN] [net.minecraft.world.level.storage.loot.LootDataManager/]: Found loot table element validation problem in {loot_tables:mutantmonsters:entities/mutant_skeleton/skull}.pools[1].entries[0]->{botania:elementium_axe_beheading}.pools[3].condition[0]: Parameters [<parameter minecraft:origin>, <parameter minecraft:last_damage_player>] are not provided in this context
[08May2026 01:14:49.465] [main/WARN] [net.minecraft.world.level.storage.loot.LootDataManager/]: Found loot table element validation problem in {loot_tables:mutantmonsters:entities/mutant_skeleton/limb}.pools[1].entries[0]->{botania:elementium_axe_beheading}.pools[0].condition[2]: Parameters [<parameter minecraft:killer_entity>] are not provided in this context
[08May2026 01:14:49.465] [main/WARN] [net.minecraft.world.level.storage.loot.LootDataManager/]: Found loot table element validation problem in {loot_tables:mutantmonsters:entities/mutant_skeleton/limb}.pools[1].entries[0]->{botania:elementium_axe_beheading}.pools[1].condition[0]: Parameters [<parameter minecraft:origin>, <parameter minecraft:last_damage_player>] are not provided in this context
[08May2026 01:14:49.465] [main/WARN] [net.minecraft.world.level.storage.loot.LootDataManager/]: Found loot table element validation problem in {loot_tables:mutantmonsters:entities/mutant_skeleton/shoulder_pad}.pools[1].entries[0]->{botania:elementium_axe_beheading}.pools[4].condition[1]: Parameters [<parameter minecraft:origin>] are not provided in this context
[08May2026 01:14:49.465] [main/WARN] [net.minecraft.world.level.storage.loot.LootDataManager/]: Found loot table element validation problem in {loot_tables:mutantmonsters:entities/mutant_skeleton/pelvis}.pools[1].entries[0]->{botania:elementium_axe_beheading}.pools[0].condition[0]: Parameters [<parameter minecraft:origin>, <parameter minecraft:last_damage_player>] are not provided in this context
[08May2026 01:14:49.465] [main/WARN] [net.minecraft.world.level.storage.loot.LootDataManager/]: Found loot table element validation problem in {loot_tables:mutantmonsters:entities/mutant_skeleton/limb}.pools[1].entries[0]->{botania:elementium_axe_beheading}.pools[0].condition[1]: Parameters [<parameter minecraft:origin>] are not provided in this context
[08May2026 01:14:49.465] [main/WARN] [net.minecraft.world.level.storage.loot.LootDataManager/]: Found loot table element validation problem in {loot_tables:mutantmonsters:entities/mutant_skeleton/limb}.pools[1].entries[0]->{botania:elementium_axe_beheading}.pools[6].condition[0]: Parameters [<parameter minecraft:origin>, <parameter minecraft:last_damage_player>] are not provided in this context
[08May2026 01:14:49.466] [main/WARN] [net.minecraft.world.level.storage.loot.LootDataManager/]: Found loot table element validation problem in {loot_tables:mutantmonsters:entities/mutant_skeleton/skull}.pools[1].entries[0]->{botania:elementium_axe_beheading}.pools[0].condition[2]: Parameters [<parameter minecraft:killer_entity>] are not provided in this context
[08May2026 01:14:49.466] [main/WARN] [net.minecraft.world.level.storage.loot.LootDataManager/]: Found loot table element validation problem in {loot_tables:mutantmonsters:entities/mutant_skeleton/skull}.pools[1].entries[0]->{botania:elementium_axe_beheading}.pools[6].condition[1]: Parameters [<parameter minecraft:origin>] are not provided in this context
[08May2026 01:14:49.466] [main/WARN] [net.minecraft.world.level.storage.loot.LootDataManager/]: Found loot table element validation problem in {loot_tables:mutantmonsters:entities/mutant_skeleton/skull}.pools[1].entries[0]->{botania:elementium_axe_beheading}.pools[2].condition[1].term[0]: Parameters [<parameter minecraft:origin>] are not provided in this context
[08May2026 01:14:49.466] [main/WARN] [net.minecraft.world.level.storage.loot.LootDataManager/]: Found loot table element validation problem in {loot_tables:mutantmonsters:entities/mutant_skeleton/shoulder_pad}.pools[1].entries[0]->{botania:elementium_axe_beheading}.pools[3].condition[2]: Parameters [<parameter minecraft:killer_entity>] are not provided in this context
[08May2026 01:14:49.466] [main/WARN] [net.minecraft.world.level.storage.loot.LootDataManager/]: Found loot table element validation problem in {loot_tables:mutantmonsters:entities/mutant_skeleton/skull}.pools[1].entries[0]->{botania:elementium_axe_beheading}.pools[1].condition[1]: Parameters [<parameter minecraft:origin>] are not provided in this context
[08May2026 01:14:49.466] [main/WARN] [net.minecraft.world.level.storage.loot.LootDataManager/]: Found loot table element validation problem in {loot_tables:aquamirae:entities/maw_random_item}.pools[1].entries[0]->{botania:elementium_axe_beheading}.pools[2].condition[0]: Parameters [<parameter minecraft:last_damage_player>] are not provided in this context
[08May2026 01:14:49.467] [main/WARN] [net.minecraft.world.level.storage.loot.LootDataManager/]: Found loot table element validation problem in {loot_tables:mutantmonsters:entities/mutant_skeleton/pelvis}.pools[1].entries[0]->{botania:elementium_axe_beheading}.pools[2].condition[2]: Parameters [<parameter minecraft:killer_entity>] are not provided in this context
[08May2026 01:14:49.467] [main/WARN] [net.minecraft.world.level.storage.loot.LootDataManager/]: Found loot table element validation problem in {loot_tables:mutantmonsters:entities/mutant_skeleton/pelvis}.pools[1].entries[0]->{botania:elementium_axe_beheading}.pools[1].condition[3]: Parameters [<parameter minecraft:killer_entity>] are not provided in this context
[08May2026 01:14:49.467] [main/WARN] [net.minecraft.world.level.storage.loot.LootDataManager/]: Found loot table element validation problem in {loot_tables:mutantmonsters:entities/mutant_skeleton/limb}.pools[1].entries[0]->{botania:elementium_axe_beheading}.pools[5].condition[1]: Parameters [<parameter minecraft:origin>] are not provided in this context
[08May2026 01:14:49.467] [main/WARN] [net.minecraft.world.level.storage.loot.LootDataManager/]: Found loot table element validation problem in {loot_tables:mutantmonsters:entities/mutant_skeleton/skull}.pools[1].entries[0]->{botania:elementium_axe_beheading}.pools[3].condition[1].term[1]: Parameters [<parameter minecraft:origin>] are not provided in this context
[08May2026 01:14:49.467] [main/WARN] [net.minecraft.world.level.storage.loot.LootDataManager/]: Found loot table element validation problem in {loot_tables:mutantmonsters:entities/mutant_skeleton/limb}.pools[1].entries[0]->{botania:elementium_axe_beheading}.pools[2].condition[2]: Parameters [<parameter minecraft:killer_entity>] are not provided in this context
[08May2026 01:14:49.467] [main/WARN] [net.minecraft.world.level.storage.loot.LootDataManager/]: Found loot table element validation problem in {loot_tables:aquamirae:entities/maw_random_item}.pools[1].entries[0]->{botania:elementium_axe_beheading}.pools[4].condition[0]: Parameters [<parameter minecraft:last_damage_player>] are not provided in this context
[08May2026 01:14:49.468] [main/WARN] [net.minecraft.world.level.storage.loot.LootDataManager/]: Found loot table element validation problem in {loot_tables:mutantmonsters:entities/mutant_skeleton/rib}.pools[1].entries[0]->{botania:elementium_axe_beheading}.pools[0].condition[2]: Parameters [<parameter minecraft:killer_entity>] are not provided in this context
[08May2026 01:14:49.468] [main/WARN] [net.minecraft.world.level.storage.loot.LootDataManager/]: Found loot table element validation problem in {loot_tables:mutantmonsters:entities/mutant_skeleton/skull}.pools[1].entries[0]->{botania:elementium_axe_beheading}.pools[5].condition[1]: Parameters [<parameter minecraft:origin>] are not provided in this context
[08May2026 01:14:49.468] [main/WARN] [net.minecraft.world.level.storage.loot.LootDataManager/]: Found loot table element validation problem in {loot_tables:mutantmonsters:entities/mutant_skeleton/skull}.pools[1].entries[0]->{botania:elementium_axe_beheading}.pools[2].condition[2]: Parameters [<parameter minecraft:killer_entity>] are not provided in this context
[08May2026 01:14:49.468] [main/WARN] [net.minecraft.world.level.storage.loot.LootDataManager/]: Found loot table element validation problem in {loot_tables:mutantmonsters:entities/mutant_skeleton/pelvis}.pools[1].entries[0]->{botania:elementium_axe_beheading}.pools[4].condition[1]: Parameters [<parameter minecraft:origin>] are not provided in this context
[08May2026 01:14:49.468] [main/WARN] [net.minecraft.world.level.storage.loot.LootDataManager/]: Found loot table element validation problem in {loot_tables:mutantmonsters:entities/mutant_skeleton/limb}.pools[1].entries[0]->{botania:elementium_axe_beheading}.pools[3].condition[1].term[1]: Parameters [<parameter minecraft:origin>] are not provided in this context
[08May2026 01:14:49.468] [main/WARN] [net.minecraft.world.level.storage.loot.LootDataManager/]: Found loot table element validation problem in {loot_tables:mutantmonsters:entities/mutant_skeleton/rib}.pools[1].entries[0]->{botania:elementium_axe_beheading}.pools[2].condition[0]: Parameters [<parameter minecraft:origin>, <parameter minecraft:last_damage_player>] are not provided in this context
[08May2026 01:14:49.468] [main/WARN] [net.minecraft.world.level.storage.loot.LootDataManager/]: Found loot table element validation problem in {loot_tables:mutantmonsters:entities/mutant_skeleton/shoulder_pad}.pools[1].entries[0]->{botania:elementium_axe_beheading}.pools[6].condition[0]: Parameters [<parameter minecraft:origin>, <parameter minecraft:last_damage_player>] are not provided in this context
[08May2026 01:14:49.468] [main/WARN] [net.minecraft.world.level.storage.loot.LootDataManager/]: Found loot table element validation problem in {loot_tables:mutantmonsters:entities/mutant_skeleton/limb}.pools[1].entries[0]->{botania:elementium_axe_beheading}.pools[1].condition[1]: Parameters [<parameter minecraft:origin>] are not provided in this context
[08May2026 01:14:49.468] [main/WARN] [net.minecraft.world.level.storage.loot.LootDataManager/]: Found loot table element validation problem in {loot_tables:mutantmonsters:entities/mutant_skeleton/skull}.pools[1].entries[0]->{botania:elementium_axe_beheading}.pools[4].condition[0]: Parameters [<parameter minecraft:origin>, <parameter minecraft:last_damage_player>] are not provided in this context
[08May2026 01:14:49.469] [main/WARN] [net.minecraft.world.level.storage.loot.LootDataManager/]: Found loot table element validation problem in {loot_tables:mutantmonsters:entities/mutant_skeleton/pelvis}.pools[1].entries[0]->{botania:elementium_axe_beheading}.pools[5].condition[2]: Parameters [<parameter minecraft:killer_entity>] are not provided in this context
[08May2026 01:14:49.469] [main/WARN] [net.minecraft.world.level.storage.loot.LootDataManager/]: Found loot table element validation problem in {loot_tables:mutantmonsters:entities/mutant_skeleton/skull}.pools[1].entries[0]->{botania:elementium_axe_beheading}.pools[1].condition[2]: Parameters [<parameter minecraft:origin>] are not provided in this context
[08May2026 01:14:49.469] [main/WARN] [net.minecraft.world.level.storage.loot.LootDataManager/]: Found loot table element validation problem in {loot_tables:mutantmonsters:entities/mutant_skeleton/pelvis}.pools[1].entries[0]->{botania:elementium_axe_beheading}.pools[6].condition[2]: Parameters [<parameter minecraft:killer_entity>] are not provided in this context
[08May2026 01:14:49.469] [main/WARN] [net.minecraft.world.level.storage.loot.LootDataManager/]: Found loot table element validation problem in {loot_tables:mutantmonsters:entities/mutant_skeleton/shoulder_pad}.pools[1].entries[0]->{botania:elementium_axe_beheading}.pools[4].condition[2]: Parameters [<parameter minecraft:killer_entity>] are not provided in this context
[08May2026 01:14:49.469] [main/WARN] [net.minecraft.world.level.storage.loot.LootDataManager/]: Found loot table element validation problem in {loot_tables:phantasm:blocks/hanging_pream_leaves}.pools[0].entries[0].entry[1]: Empty children list
[08May2026 01:14:49.469] [main/WARN] [net.minecraft.world.level.storage.loot.LootDataManager/]: Found loot table element validation problem in {loot_tables:mutantmonsters:entities/mutant_skeleton/rib}.pools[1].entries[0]->{botania:elementium_axe_beheading}.pools[3].condition[0]: Parameters [<parameter minecraft:origin>, <parameter minecraft:last_damage_player>] are not provided in this context
[08May2026 01:14:49.469] [main/WARN] [net.minecraft.world.level.storage.loot.LootDataManager/]: Found loot table element validation problem in {loot_tables:mutantmonsters:entities/mutant_skeleton/shoulder_pad}.pools[1].entries[0]->{botania:elementium_axe_beheading}.pools[0].condition[0]: Parameters [<parameter minecraft:origin>, <parameter minecraft:last_damage_player>] are not provided in this context
[08May2026 01:14:49.470] [main/WARN] [net.minecraft.world.level.storage.loot.LootDataManager/]: Found loot table element validation problem in {loot_tables:mutantmonsters:entities/mutant_skeleton/limb}.pools[1].entries[0]->{botania:elementium_axe_beheading}.pools[5].condition[0]: Parameters [<parameter minecraft:origin>, <parameter minecraft:last_damage_player>] are not provided in this context
[08May2026 01:14:49.470] [main/WARN] [net.minecraft.world.level.storage.loot.LootDataManager/]: Found loot table element validation problem in {loot_tables:mutantmonsters:entities/mutant_skeleton/rib}.pools[1].entries[0]->{botania:elementium_axe_beheading}.pools[3].condition[1].term[0]: Parameters [<parameter minecraft:origin>] are not provided in this context
[08May2026 01:14:49.470] [main/WARN] [net.minecraft.world.level.storage.loot.LootDataManager/]: Found loot table element validation problem in {loot_tables:mutantmonsters:entities/mutant_skeleton/skull}.pools[1].entries[0]->{botania:elementium_axe_beheading}.pools[4].condition[1]: Parameters [<parameter minecraft:origin>] are not provided in this context
[08May2026 01:14:49.470] [main/WARN] [net.minecraft.world.level.storage.loot.LootDataManager/]: Found loot table element validation problem in {loot_tables:mutantmonsters:entities/mutant_skeleton/limb}.pools[1].entries[0]->{botania:elementium_axe_beheading}.pools[3].condition[0]: Parameters [<parameter minecraft:origin>, <parameter minecraft:last_damage_player>] are not provided in this context
[08May2026 01:14:49.470] [main/WARN] [net.minecraft.world.level.storage.loot.LootDataManager/]: Found loot table element validation problem in {loot_tables:aquamirae:entities/maw_random_item}.pools[1].entries[0]->{botania:elementium_axe_beheading}.pools[5].condition[0]: Parameters [<parameter minecraft:last_damage_player>] are not provided in this context
[08May2026 01:14:49.470] [main/WARN] [net.minecraft.world.level.storage.loot.LootDataManager/]: Found loot table element validation problem in {loot_tables:mutantmonsters:entities/mutant_skeleton/rib}.pools[1].entries[0]->{botania:elementium_axe_beheading}.pools[0].condition[1]: Parameters [<parameter minecraft:origin>] are not provided in this context
[08May2026 01:14:49.470] [main/WARN] [net.minecraft.world.level.storage.loot.LootDataManager/]: Found loot table element validation problem in {loot_tables:mutantmonsters:entities/mutant_skeleton/skull}.pools[1].entries[0]->{botania:elementium_axe_beheading}.pools[5].condition[0]: Parameters [<parameter minecraft:origin>, <parameter minecraft:last_damage_player>] are not provided in this context
[08May2026 01:14:49.470] [main/WARN] [net.minecraft.world.level.storage.loot.LootDataManager/]: Found loot table element validation problem in {loot_tables:mutantmonsters:entities/mutant_skeleton/pelvis}.pools[1].entries[0]->{botania:elementium_axe_beheading}.pools[4].condition[2]: Parameters [<parameter minecraft:killer_entity>] are not provided in this context
[08May2026 01:14:49.470] [main/WARN] [net.minecraft.world.level.storage.loot.LootDataManager/]: Found loot table element validation problem in {loot_tables:mutantmonsters:entities/mutant_skeleton/limb}.pools[1].entries[0]->{botania:elementium_axe_beheading}.pools[1].condition[2]: Parameters [<parameter minecraft:origin>] are not provided in this context
[08May2026 01:14:49.471] [main/WARN] [net.minecraft.world.level.storage.loot.LootDataManager/]: Found loot table element validation problem in {loot_tables:mutantmonsters:entities/mutant_skeleton/shoulder_pad}.pools[1].entries[0]->{botania:elementium_axe_beheading}.pools[5].condition[2]: Parameters [<parameter minecraft:killer_entity>] are not provided in this context
[08May2026 01:14:49.471] [main/WARN] [net.minecraft.world.level.storage.loot.LootDataManager/]: Found loot table element validation problem in {loot_tables:mutantmonsters:entities/mutant_skeleton/shoulder_pad}.pools[1].entries[0]->{botania:elementium_axe_beheading}.pools[6].condition[1]: Parameters [<parameter minecraft:origin>] are not provided in this context
[08May2026 01:14:49.471] [main/WARN] [net.minecraft.world.level.storage.loot.LootDataManager/]: Found loot table element validation problem in {loot_tables:mutantmonsters:entities/mutant_skeleton/pelvis}.pools[1].entries[0]->{botania:elementium_axe_beheading}.pools[5].condition[1]: Parameters [<parameter minecraft:origin>] are not provided in this context
[08May2026 01:14:49.471] [main/WARN] [net.minecraft.world.level.storage.loot.LootDataManager/]: Found loot table element validation problem in {loot_tables:mutantmonsters:entities/mutant_skeleton/rib}.pools[1].entries[0]->{botania:elementium_axe_beheading}.pools[1].condition[0]: Parameters [<parameter minecraft:origin>, <parameter minecraft:last_damage_player>] are not provided in this context
[08May2026 01:14:49.471] [main/WARN] [net.minecraft.world.level.storage.loot.LootDataManager/]: Found loot table element validation problem in {loot_tables:mutantmonsters:entities/mutant_skeleton/skull}.pools[1].entries[0]->{botania:elementium_axe_beheading}.pools[3].condition[2]: Parameters [<parameter minecraft:killer_entity>] are not provided in this context
[08May2026 01:14:49.471] [main/WARN] [net.minecraft.world.level.storage.loot.LootDataManager/]: Found loot table element validation problem in {loot_tables:mutantmonsters:entities/mutant_skeleton/skull}.pools[1].entries[0]->{botania:elementium_axe_beheading}.pools[1].condition[3]: Parameters [<parameter minecraft:killer_entity>] are not provided in this context
[08May2026 01:14:49.471] [main/WARN] [net.minecraft.world.level.storage.loot.LootDataManager/]: Found loot table element validation problem in {loot_tables:mutantmonsters:entities/mutant_skeleton/pelvis}.pools[1].entries[0]->{botania:elementium_axe_beheading}.pools[6].condition[1]: Parameters [<parameter minecraft:origin>] are not provided in this context
[08May2026 01:14:49.471] [main/WARN] [net.minecraft.world.level.storage.loot.LootDataManager/]: Found loot table element validation problem in {loot_tables:mutantmonsters:entities/mutant_skeleton/pelvis}.pools[1].entries[0]->{botania:elementium_axe_beheading}.pools[2].condition[1].term[0]: Parameters [<parameter minecraft:origin>] are not provided in this context
[08May2026 01:14:49.471] [main/WARN] [net.minecraft.world.level.storage.loot.LootDataManager/]: Found loot table element validation problem in {loot_tables:mutantmonsters:entities/mutant_skeleton/limb}.pools[1].entries[0]->{botania:elementium_axe_beheading}.pools[1].condition[3]: Parameters [<parameter minecraft:killer_entity>] are not provided in this context
[08May2026 01:14:49.472] [main/WARN] [net.minecraft.world.level.storage.loot.LootDataManager/]: Found loot table element validation problem in {loot_tables:mutantmonsters:entities/mutant_skeleton/rib}.pools[1].entries[0]->{botania:elementium_axe_beheading}.pools[2].condition[1].term[3]: Parameters [<parameter minecraft:origin>] are not provided in this context
[08May2026 01:14:49.472] [main/WARN] [net.minecraft.world.level.storage.loot.LootDataManager/]: Found loot table element validation problem in {loot_tables:mutantmonsters:entities/mutant_skeleton/limb}.pools[1].entries[0]->{botania:elementium_axe_beheading}.pools[4].condition[0]: Parameters [<parameter minecraft:origin>, <parameter minecraft:last_damage_player>] are not provided in this context
[08May2026 01:14:50.084] [main/INFO] [Cucumber Library/]: Registered 0 recipes in 0 ms
[08May2026 01:14:50.378] [main/ERROR] [net.minecraft.world.item.crafting.RecipeManager/]: Parsing error loading recipe sophisticatedstorage:bamboo_chest_from_quark_bamboo_chest: com.google.gson.JsonSyntaxException: Item array cannot be empty, at least one item must be defined
[08May2026 01:14:50.411] [main/WARN] [com.simibubi.create.Create/]: Your custom createaddition:rolling/brass_ingot recipe (createaddition:rolling/brass_ingot) specified a duration. Durations have no impact on this type of recipe.
[08May2026 01:14:50.416] [main/ERROR] [net.minecraft.world.item.crafting.RecipeManager/]: Parsing error loading recipe farmersdelight:cutting/azure_door: com.google.gson.JsonSyntaxException: Unknown ingredient type: farmersdelight:tool
[08May2026 01:14:50.513] [main/INFO] [Spartan Weaponry/]: Empty result tag:"forge:nuggets/tin" Skipping...
[08May2026 01:14:50.707] [main/ERROR] [net.minecraft.world.item.crafting.RecipeManager/]: Parsing error loading recipe aetherdelight:addon_redux/aether_grass_from_bale: com.google.gson.JsonSyntaxException: Unknown item 'aether_redux:bundle_of_aether_grass'
[08May2026 01:14:50.712] [main/ERROR] [net.minecraft.world.item.crafting.RecipeManager/]: Parsing error loading recipe aetherdelight:addon_redux/cutting/axe/fieldsprout_wood: com.google.gson.JsonSyntaxException: Unknown item 'aether_redux:fieldsprout_wood'
[08May2026 01:14:50.720] [main/ERROR] [net.minecraft.world.item.crafting.RecipeManager/]: Parsing error loading recipe outer_end:violite/bricks/vertical_slab: com.google.gson.JsonSyntaxException: Unknown item 'outer_end:violite_brick_vertical_slab'
[08May2026 01:14:50.812] [main/INFO] [Spartan Weaponry/]: Empty result tag:"forge:nuggets/nickel" Skipping...
[08May2026 01:14:50.828] [main/ERROR] [net.minecraft.world.item.crafting.RecipeManager/]: Parsing error loading recipe outer_end:azure_vertical_to_slab: com.google.gson.JsonSyntaxException: Unknown item 'outer_end:azure_vertical_slab'
[08May2026 01:14:50.880] [main/INFO] [Spartan Weaponry/]: Empty result tag:"forge:nuggets/platinum" Skipping...
[08May2026 01:14:50.896] [main/ERROR] [net.minecraft.world.item.crafting.RecipeManager/]: Parsing error loading recipe sophisticatedstorage:crimson_chest_from_quark_crimson_chest: com.google.gson.JsonSyntaxException: Item array cannot be empty, at least one item must be defined
[08May2026 01:14:50.933] [main/ERROR] [net.minecraft.world.item.crafting.RecipeManager/]: Parsing error loading recipe aetherdelight:addon_redux/chromaberry_from_crate: com.google.gson.JsonSyntaxException: Unknown item 'aether_redux:chromaberry'
[08May2026 01:14:50.966] [main/ERROR] [net.minecraft.world.item.crafting.RecipeManager/]: Parsing error loading recipe outer_end:himmel_vertical_to_slab: com.google.gson.JsonSyntaxException: Unknown item 'outer_end:himmel_vertical_slab'
[08May2026 01:14:50.983] [main/ERROR] [net.minecraft.world.item.crafting.RecipeManager/]: Parsing error loading recipe sophisticatedstorage:jungle_chest_from_quark_jungle_chest: com.google.gson.JsonSyntaxException: Item array cannot be empty, at least one item must be defined
[08May2026 01:14:51.065] [main/ERROR] [net.minecraft.world.item.crafting.RecipeManager/]: Parsing error loading recipe aetherdelight:addon_redux/cutting/knife/tall_cloudcap: com.google.gson.JsonSyntaxException: Unknown item 'aether_redux:tall_cloudcap'
[08May2026 01:14:51.081] [main/ERROR] [net.minecraft.world.item.crafting.RecipeManager/]: Parsing error loading recipe aetherdelight:addon_redux/strange_root_salad: com.google.gson.JsonSyntaxException: Unknown item 'aether_redux:quickroot'
[08May2026 01:14:51.129] [main/WARN] [com.simibubi.create.Create/]: Your custom createaddition:rolling/electrum_ingot recipe (createaddition:rolling/electrum_ingot) specified a duration. Durations have no impact on this type of recipe.
[08May2026 01:14:51.207] [main/ERROR] [net.minecraft.world.item.crafting.RecipeManager/]: Parsing error loading recipe outer_end:violite/tiles/vertical_slab: com.google.gson.JsonSyntaxException: Unknown item 'outer_end:violite_tile_vertical_slab'
[08May2026 01:14:51.222] [main/ERROR] [net.minecraft.world.item.crafting.RecipeManager/]: Parsing error loading recipe aetherdelight:addon_redux/cutting/knife/blighted_fungi: com.google.gson.JsonSyntaxException: Unknown item 'aether_redux:blighted_fungi'
[08May2026 01:14:51.236] [main/ERROR] [net.minecraft.world.item.crafting.RecipeManager/]: Parsing error loading recipe alexsdelight:barbecue_on_a_stick: com.google.gson.JsonSyntaxException: Unknown item 'amfd:singular_cooked_moose_rib'
[08May2026 01:14:51.238] [main/ERROR] [net.minecraft.world.item.crafting.RecipeManager/]: Parsing error loading recipe ancient_aether:ancient_rune: com.google.gson.JsonSyntaxException: Unknown item 'ancient_aether:ancient_rune'
[08May2026 01:14:51.321] [main/ERROR] [net.minecraft.world.item.crafting.RecipeManager/]: Parsing error loading recipe aetherdelight:addon_redux/cutting/axe/springshroom_hyphae: com.google.gson.JsonSyntaxException: Unknown item 'aether_redux:springshroom_hyphae'
[08May2026 01:14:51.322] [main/ERROR] [net.minecraft.world.item.crafting.RecipeManager/]: Parsing error loading recipe aetherdelight:addon_redux/cutting/axe/springshroom_stem: com.google.gson.JsonSyntaxException: Unknown item 'aether_redux:springshroom_stem'
[08May2026 01:14:51.326] [main/ERROR] [net.minecraft.world.item.crafting.RecipeManager/]: Parsing error loading recipe sophisticatedstorage:spruce_chest_from_quark_spruce_chest: com.google.gson.JsonSyntaxException: Item array cannot be empty, at least one item must be defined
[08May2026 01:14:51.354] [main/WARN] [com.simibubi.create.Create/]: Your custom createaddition:rolling/straw recipe (createaddition:rolling/straw) specified a duration. Durations have no impact on this type of recipe.
[08May2026 01:14:51.392] [main/ERROR] [net.minecraft.world.item.crafting.RecipeManager/]: Parsing error loading recipe outer_end:violite/vertical_slab: com.google.gson.JsonSyntaxException: Unknown item 'outer_end:violite_vertical_slab'
[08May2026 01:14:51.394] [main/INFO] [Spartan Weaponry/]: Empty result tag:"forge:nuggets/platinum" Skipping...
[08May2026 01:14:51.455] [main/INFO] [Spartan Weaponry/]: Empty result tag:"forge:nuggets/bronze" Skipping...
[08May2026 01:14:51.516] [main/ERROR] [net.minecraft.world.item.crafting.RecipeManager/]: Parsing error loading recipe farmersdelight:cutting/azure_pith: com.google.gson.JsonSyntaxException: Unknown ingredient type: farmersdelight:tool
[08May2026 01:14:51.516] [main/ERROR] [net.minecraft.world.item.crafting.RecipeManager/]: Parsing error loading recipe aetherdelight:addon_redux/cutting/axe/fieldsprout_log: com.google.gson.JsonSyntaxException: Unknown item 'aether_redux:fieldsprout_log'
[08May2026 01:14:51.517] [main/INFO] [Spartan Weaponry/]: Empty result tag:"forge:nuggets/lead" Skipping...
[08May2026 01:14:51.518] [main/ERROR] [net.minecraft.world.item.crafting.RecipeManager/]: Parsing error loading recipe sophisticatedstorage:warped_chest_from_quark_warped_chest: com.google.gson.JsonSyntaxException: Item array cannot be empty, at least one item must be defined
[08May2026 01:14:51.617] [main/ERROR] [net.minecraft.world.item.crafting.RecipeManager/]: Parsing error loading recipe outer_end:violite/mossy_bricks/vertical_slab: com.google.gson.JsonSyntaxException: Unknown item 'outer_end:mossy_violite_brick_vertical_slab'
[08May2026 01:14:51.683] [main/ERROR] [net.minecraft.world.item.crafting.RecipeManager/]: Parsing error loading recipe aetherdelight:addon_redux/quickroot_crate: com.google.gson.JsonSyntaxException: Unknown item 'aether_redux:quickroot'
[08May2026 01:14:51.695] [main/INFO] [Spartan Weaponry/]: Empty result tag:"forge:nuggets/tin" Skipping...
[08May2026 01:14:51.744] [main/ERROR] [net.minecraft.world.item.crafting.RecipeManager/]: Parsing error loading recipe outer_end:himmel_vertical_slab: com.google.gson.JsonSyntaxException: Unknown item 'outer_end:himmel_vertical_slab'
[08May2026 01:14:51.778] [main/INFO] [Spartan Weaponry/]: Empty result tag:"forge:nuggets/steel" Skipping...
[08May2026 01:14:51.779] [main/INFO] [Spartan Weaponry/]: Empty result tag:"forge:nuggets/invar" Skipping...
[08May2026 01:14:51.782] [main/INFO] [Spartan Weaponry/]: Empty result tag:"forge:nuggets/constantan" Skipping...
[08May2026 01:14:51.828] [main/INFO] [Spartan Weaponry/]: Empty result tag:"forge:nuggets/steel" Skipping...
[08May2026 01:14:51.840] [main/ERROR] [net.minecraft.world.item.crafting.RecipeManager/]: Parsing error loading recipe aether_redux:genesis_dark_gummy_swet: com.google.gson.JsonSyntaxException: Unknown item 'aether_genesis:dark_swet_ball'
[08May2026 01:14:51.874] [main/INFO] [Spartan Weaponry/]: Empty result tag:"forge:nuggets/lead" Skipping...
[08May2026 01:14:51.877] [main/ERROR] [net.minecraft.world.item.crafting.RecipeManager/]: Parsing error loading recipe aetherdelight:addon_redux/cutting/knife/gilded_white_flower: com.google.gson.JsonSyntaxException: Unknown item 'aether_redux:gilded_white_flower'
[08May2026 01:14:51.888] [main/WARN] [com.simibubi.create.Create/]: Your custom createaddition:rolling/copper_ingot recipe (createaddition:rolling/copper_ingot) specified a duration. Durations have no impact on this type of recipe.
[08May2026 01:14:51.891] [main/ERROR] [net.minecraft.world.item.crafting.RecipeManager/]: Parsing error loading recipe sophisticatedstorage:acacia_chest_from_quark_acacia_chest: com.google.gson.JsonSyntaxException: Item array cannot be empty, at least one item must be defined
[08May2026 01:14:52.007] [main/INFO] [Spartan Weaponry/]: Empty result tag:"forge:nuggets/invar" Skipping...
[08May2026 01:14:52.037] [main/ERROR] [net.minecraft.world.item.crafting.RecipeManager/]: Parsing error loading recipe aetherdelight:addon_redux/luxbuds_salad: com.google.gson.JsonSyntaxException: Unknown item 'aether_redux:purified_luxbuds'
[08May2026 01:14:52.051] [main/INFO] [Spartan Weaponry/]: Empty result tag:"forge:nuggets/aluminum" Skipping...
[08May2026 01:14:52.064] [main/ERROR] [net.minecraft.world.item.crafting.RecipeManager/]: Parsing error loading recipe outer_end:stripped_azure_post: com.google.gson.JsonSyntaxException: Unknown item 'outer_end:stripped_azure_post'
[08May2026 01:14:52.065] [main/ERROR] [net.minecraft.world.item.crafting.RecipeManager/]: Parsing error loading recipe sophisticatedstorage:birch_chest_from_quark_birch_chest: com.google.gson.JsonSyntaxException: Item array cannot be empty, at least one item must be defined
[08May2026 01:14:52.090] [main/ERROR] [net.minecraft.world.item.crafting.RecipeManager/]: Parsing error loading recipe outer_end:violite/mossy_bricks/slab_from_vertical_slab: com.google.gson.JsonSyntaxException: Unknown item 'outer_end:mossy_violite_brick_vertical_slab'
[08May2026 01:14:52.091] [main/ERROR] [net.minecraft.world.item.crafting.RecipeManager/]: Parsing error loading recipe aetherdelight:addon_redux/quickroot_from_crate: com.google.gson.JsonSyntaxException: Unknown item 'aether_redux:quickroot'
[08May2026 01:14:52.155] [main/WARN] [com.simibubi.create.Create/]: Your custom createaddition:rolling/electrum_plate recipe (createaddition:rolling/electrum_plate) specified a duration. Durations have no impact on this type of recipe.
[08May2026 01:14:52.157] [main/ERROR] [net.minecraft.world.item.crafting.RecipeManager/]: Parsing error loading recipe outer_end:violite/slab_from_vertical_slab: com.google.gson.JsonSyntaxException: Unknown item 'outer_end:violite_vertical_slab'
[08May2026 01:14:52.194] [main/ERROR] [net.minecraft.world.item.crafting.RecipeManager/]: Parsing error loading recipe aetherdelight:addon_redux/oat_cookie: com.google.gson.JsonSyntaxException: Unknown item 'aether_redux:chromaberry'
[08May2026 01:14:52.207] [main/INFO] [Spartan Weaponry/]: Empty result tag:"forge:nuggets/bronze" Skipping...
[08May2026 01:14:52.230] [main/WARN] [com.simibubi.create.Create/]: Your custom createaddition:rolling/iron_plate recipe (createaddition:rolling/iron_plate) specified a duration. Durations have no impact on this type of recipe.
[08May2026 01:14:52.264] [main/ERROR] [net.minecraft.world.item.crafting.RecipeManager/]: Parsing error loading recipe aetherdelight:addon_redux/cutting/knife/frosted_purple_flower: com.google.gson.JsonSyntaxException: Unknown item 'aether_redux:frosted_purple_flower'
[08May2026 01:14:52.289] [main/WARN] [com.simibubi.create.Create/]: Your custom createaddition:rolling/gold_plate recipe (createaddition:rolling/gold_plate) specified a duration. Durations have no impact on this type of recipe.
[08May2026 01:14:52.292] [main/ERROR] [net.minecraft.world.item.crafting.RecipeManager/]: Parsing error loading recipe sophisticatedstorage:dark_oak_chest_from_quark_dark_oak_chest: com.google.gson.JsonSyntaxException: Item array cannot be empty, at least one item must be defined
[08May2026 01:14:52.309] [main/ERROR] [net.minecraft.world.item.crafting.RecipeManager/]: Parsing error loading recipe aether_treasure_reforging:valkyrie_upgrade_smithing_template: com.google.gson.JsonSyntaxException: Unknown item 'aether_treasure_reforging:valkyrie_upgrade_smithing_template'
[08May2026 01:14:52.311] [main/ERROR] [net.minecraft.world.item.crafting.RecipeManager/]: Parsing error loading recipe outer_end:violite/bricks/slab_from_vertical_slab: com.google.gson.JsonSyntaxException: Unknown item 'outer_end:violite_brick_vertical_slab'
[08May2026 01:14:52.322] [main/ERROR] [net.minecraft.world.item.crafting.RecipeManager/]: Parsing error loading recipe farmersdelight:cutting/azure_sign: com.google.gson.JsonSyntaxException: Unknown ingredient type: farmersdelight:tool
[08May2026 01:14:52.401] [main/INFO] [Spartan Weaponry/]: Empty result tag:"forge:nuggets/constantan" Skipping...
[08May2026 01:14:52.403] [main/WARN] [com.simibubi.create.Create/]: Your custom createaddition:rolling/iron_ingot recipe (createaddition:rolling/iron_ingot) specified a duration. Durations have no impact on this type of recipe.
[08May2026 01:14:52.425] [main/ERROR] [net.minecraft.world.item.crafting.RecipeManager/]: Parsing error loading recipe aetherdelight:addon_redux/cutting/knife/fieldsprout_petals: com.google.gson.JsonSyntaxException: Unknown item 'aether_redux:fieldsprout_petals'
[08May2026 01:14:52.426] [main/ERROR] [net.minecraft.world.item.crafting.RecipeManager/]: Parsing error loading recipe aether_treasure_reforging:phoenix_upgrade_smithing_template: com.google.gson.JsonSyntaxException: Unknown item 'aether_treasure_reforging:phoenix_upgrade_smithing_template'
[08May2026 01:14:52.427] [main/ERROR] [net.minecraft.world.item.crafting.RecipeManager/]: Parsing error loading recipe outer_end:violite/tiles/slab_from_vertical_slab: com.google.gson.JsonSyntaxException: Unknown item 'outer_end:violite_tile_vertical_slab'
[08May2026 01:14:52.428] [main/ERROR] [net.minecraft.world.item.crafting.RecipeManager/]: Parsing error loading recipe sophisticatedstorage:cherry_chest_from_quark_cherry_chest: com.google.gson.JsonSyntaxException: Item array cannot be empty, at least one item must be defined
[08May2026 01:14:52.428] [main/ERROR] [net.minecraft.world.item.crafting.RecipeManager/]: Parsing error loading recipe outer_end:azure_vertical_slab: com.google.gson.JsonSyntaxException: Unknown item 'outer_end:azure_vertical_slab'
[08May2026 01:14:52.464] [main/WARN] [com.simibubi.create.Create/]: Your custom createaddition:rolling/gold_ingot recipe (createaddition:rolling/gold_ingot) specified a duration. Durations have no impact on this type of recipe.
[08May2026 01:14:52.477] [main/INFO] [Spartan Weaponry/]: Empty result tag:"forge:nuggets/aluminum" Skipping...
[08May2026 01:14:52.509] [main/ERROR] [net.minecraft.world.item.crafting.RecipeManager/]: Parsing error loading recipe outer_end:azure_post: com.google.gson.JsonSyntaxException: Unknown item 'outer_end:azure_post'
[08May2026 01:14:52.520] [main/ERROR] [net.minecraft.world.item.crafting.RecipeManager/]: Parsing error loading recipe sophisticatedstorage:mangrove_chest_from_quark_mangrove_chest: com.google.gson.JsonSyntaxException: Item array cannot be empty, at least one item must be defined
[08May2026 01:14:52.522] [main/ERROR] [net.minecraft.world.item.crafting.RecipeManager/]: Parsing error loading recipe outer_end:violite/mossy_tiles/slab_from_vertical_slab: com.google.gson.JsonSyntaxException: Unknown item 'outer_end:mossy_violite_tile_vertical_slab'
[08May2026 01:14:52.523] [main/ERROR] [net.minecraft.world.item.crafting.RecipeManager/]: Parsing error loading recipe aetherdelight:addon_redux/aether_grass_bale: com.google.gson.JsonSyntaxException: Unknown item 'aether_redux:bundle_of_aether_grass'
[08May2026 01:14:52.547] [main/ERROR] [net.minecraft.world.item.crafting.RecipeManager/]: Parsing error loading recipe outer_end:violite/mossy_tiles/vertical_slab: com.google.gson.JsonSyntaxException: Unknown item 'outer_end:mossy_violite_tile_vertical_slab'
[08May2026 01:14:52.548] [main/WARN] [com.simibubi.create.Create/]: Your custom createaddition:rolling/copper_plate recipe (createaddition:rolling/copper_plate) specified a duration. Durations have no impact on this type of recipe.
[08May2026 01:14:52.549] [main/ERROR] [net.minecraft.world.item.crafting.RecipeManager/]: Parsing error loading recipe farmersdelight:cutting/azure_stem: com.google.gson.JsonSyntaxException: Unknown ingredient type: farmersdelight:tool
[08May2026 01:14:52.550] [main/ERROR] [net.minecraft.world.item.crafting.RecipeManager/]: Parsing error loading recipe aetherdelight:addon_redux/straw: com.google.gson.JsonSyntaxException: Unknown item 'aether_redux:bundle_of_aether_grass'
[08May2026 01:14:52.563] [main/ERROR] [net.minecraft.world.item.crafting.RecipeManager/]: Parsing error loading recipe aetherdelight:addon_redux/cutting/knife/sweetblossom: com.google.gson.JsonSyntaxException: Unknown item 'aether_redux:sweetblossom'
[08May2026 01:14:52.576] [main/ERROR] [net.minecraft.world.item.crafting.RecipeManager/]: Parsing error loading recipe sophisticatedstorage:oak_chest_from_quark_oak_chest: com.google.gson.JsonSyntaxException: Item array cannot be empty, at least one item must be defined
[08May2026 01:14:52.578] [main/INFO] [Spartan Weaponry/]: Empty result tag:"forge:nuggets/nickel" Skipping...
[08May2026 01:14:52.581] [main/ERROR] [net.minecraft.world.item.crafting.RecipeManager/]: Parsing error loading recipe aether_treasure_reforging:neptune_upgrade_smithing_template: com.google.gson.JsonSyntaxException: Unknown item 'aether_treasure_reforging:neptune_upgrade_smithing_template'
[08May2026 01:14:52.593] [main/ERROR] [net.minecraft.world.item.crafting.RecipeManager/]: Parsing error loading recipe farmersdelight:cutting/azure_trapdoor: com.google.gson.JsonSyntaxException: Unknown ingredient type: farmersdelight:tool
[08May2026 01:14:52.597] [main/ERROR] [net.minecraft.world.item.crafting.RecipeManager/]: Parsing error loading recipe aetherdelight:addon_redux/chromaberry_crate: com.google.gson.JsonSyntaxException: Unknown item 'aether_redux:chromaberry'
[08May2026 01:14:52.610] [main/INFO] [net.minecraft.world.item.crafting.RecipeManager/]: Loaded 88 recipes
[08May2026 01:14:52.645] [main/INFO] [com.teamabnormals.blueprint.core.Blueprint/]: Advancement Modification Manager has loaded 6 modifier groups
[08May2026 01:14:52.771] [main/ERROR] [net.minecraft.server.ServerAdvancementManager/]: Parsing error loading custom advancement aether_redux:recipes/genesis_dark_gummy_swet: Unknown item id 'aether_genesis:dark_swet_ball'
[08May2026 01:14:52.820] [main/ERROR] [net.minecraft.server.ServerAdvancementManager/]: Parsing error loading custom advancement spartanshields:recipes/dark_steel_riot_basic_shield: Unknown item id 'enderio:octadic_capacitor'
[08May2026 01:14:52.837] [main/ERROR] [net.minecraft.server.ServerAdvancementManager/]: Parsing error loading custom advancement sob:get_prickly_pear: Expected item to be an item, was unknown string 'sob:prickly_pear'
[08May2026 01:14:52.895] [main/ERROR] [net.minecraft.server.ServerAdvancementManager/]: Parsing error loading custom advancement spartanshields:recipes/basic_mekanists_basic_shield: Unknown item id 'mekanism:energy_tablet'
[08May2026 01:14:52.959] [main/ERROR] [net.minecraft.server.ServerAdvancementManager/]: Parsing error loading custom advancement spartanshields:recipes/basic_mekanists_tower_shield: Unknown item id 'mekanism:energy_tablet'
[08May2026 01:14:53.055] [main/ERROR] [net.minecraft.server.ServerAdvancementManager/]: Parsing error loading custom advancement outer_end:end/find_catacombs: Expected item to be an item, was unknown string 'outer_end:chiseled_violite'
[08May2026 01:14:53.077] [main/ERROR] [net.minecraft.server.ServerAdvancementManager/]: Parsing error loading custom advancement spartanshields:recipes/dark_steel_riot_tower_shield: Unknown item id 'enderio:octadic_capacitor'
[08May2026 01:14:53.115] [main/INFO] [quark/]: [Automatic Recipe Unlock] Removed 15415 recipe advancements
[08May2026 01:14:53.131] [main/INFO] [net.minecraft.advancements.AdvancementList/]: Loaded 1887 advancements
[08May2026 01:14:53.151] [main/INFO] [placebo/]: Registered 0 additional recipes.
[08May2026 01:14:53.156] [main/INFO] [com.cupboard.Cupboard/]: Loaded config for: lootintegrations.json
[08May2026 01:14:53.173] [main/INFO] [top.theillusivec4.curios.Curios/]: Loaded 23 curio slots
[08May2026 01:14:53.179] [main/INFO] [top.theillusivec4.curios.Curios/]: Loaded 13 curio entities
[08May2026 01:14:53.270] [main/WARN] [net.minecraftforge.common.loot.LootModifierManager/]: Could not decode GlobalLootModifier with json id bygonenether:soul_stone_from_block - error: Unknown registry key in ResourceKey[minecraft:root / forge:global_loot_modifier_serializers]: bygonenether:replace_item
[08May2026 01:14:53.270] [main/WARN] [net.minecraftforge.common.loot.LootModifierManager/]: Could not decode GlobalLootModifier with json id bygonenether:soul_stone_in_catacombs - error: Unknown registry key in ResourceKey[minecraft:root / forge:global_loot_modifier_serializers]: bygonenether:replace_item
[08May2026 01:14:53.273] [main/WARN] [net.minecraftforge.common.loot.LootModifierManager/]: Unable to decode loot conditions
com.google.gson.JsonSyntaxException: Unknown type 'neoforge:loot_table_id'
	at net.minecraft.world.level.storage.loot.GsonAdapterFactory$JsonAdapter.deserialize(GsonAdapterFactory.java:99) ~[server-1.20.1-20230612.114412-srg.jar%23777!/:?]
	at com.google.gson.internal.bind.TreeTypeAdapter.read(TreeTypeAdapter.java:76) ~[gson-2.10.jar%2372!/:?]
	at com.google.gson.internal.bind.TypeAdapterRuntimeTypeWrapper.read(TypeAdapterRuntimeTypeWrapper.java:40) ~[gson-2.10.jar%2372!/:?]
	at com.google.gson.internal.bind.ArrayTypeAdapter.read(ArrayTypeAdapter.java:72) ~[gson-2.10.jar%2372!/:?]
	at com.google.gson.Gson.fromJson(Gson.java:1214) ~[gson-2.10.jar%2372!/:?]
	at com.google.gson.Gson.fromJson(Gson.java:1319) ~[gson-2.10.jar%2372!/:?]
	at com.google.gson.Gson.fromJson(Gson.java:1290) ~[gson-2.10.jar%2372!/:?]
	at com.google.gson.internal.bind.TreeTypeAdapter$GsonContextImpl.deserialize(TreeTypeAdapter.java:179) ~[gson-2.10.jar%2372!/:?]
	at net.minecraft.util.GsonHelper.m_13808_(GsonHelper.java:463) ~[server-1.20.1-20230612.114412-srg.jar%23777!/:?]
	at net.minecraft.util.GsonHelper.m_13836_(GsonHelper.java:471) ~[server-1.20.1-20230612.114412-srg.jar%23777!/:?]
	at net.minecraft.world.level.storage.loot.predicates.CompositeLootItemCondition$Serializer.m_7561_(CompositeLootItemCondition.java:68) ~[server-1.20.1-20230612.114412-srg.jar%23777!/:?]
	at net.minecraft.world.level.storage.loot.predicates.CompositeLootItemCondition$Serializer.m_7561_(CompositeLootItemCondition.java:60) ~[server-1.20.1-20230612.114412-srg.jar%23777!/:?]
	at net.minecraft.world.level.storage.loot.GsonAdapterFactory$JsonAdapter.deserialize(GsonAdapterFactory.java:102) ~[server-1.20.1-20230612.114412-srg.jar%23777!/:?]
	at com.google.gson.internal.bind.TreeTypeAdapter.read(TreeTypeAdapter.java:76) ~[gson-2.10.jar%2372!/:?]
	at com.google.gson.internal.bind.TypeAdapterRuntimeTypeWrapper.read(TypeAdapterRuntimeTypeWrapper.java:40) ~[gson-2.10.jar%2372!/:?]
	at com.google.gson.internal.bind.ArrayTypeAdapter.read(ArrayTypeAdapter.java:72) ~[gson-2.10.jar%2372!/:?]
	at com.google.gson.Gson.fromJson(Gson.java:1214) ~[gson-2.10.jar%2372!/:?]
	at com.google.gson.Gson.fromJson(Gson.java:1319) ~[gson-2.10.jar%2372!/:?]
	at com.google.gson.Gson.fromJson(Gson.java:1261) ~[gson-2.10.jar%2372!/:?]
	at net.minecraftforge.common.loot.IGlobalLootModifier.lambda$static$1(IGlobalLootModifier.java:39) ~[forge-1.20.1-47.4.20-universal.jar%23782!/:?]
	at com.mojang.serialization.Decoder$1.lambda$decode$1(Decoder.java:49) ~[datafixerupper-6.0.8.jar%2377!/:?]
	at com.mojang.serialization.DataResult.lambda$flatMap$11(DataResult.java:139) ~[datafixerupper-6.0.8.jar%2377!/:?]
	at com.mojang.datafixers.util.Either$Left.map(Either.java:38) ~[datafixerupper-6.0.8.jar%2377!/:?]
	at com.mojang.serialization.DataResult.flatMap(DataResult.java:137) ~[datafixerupper-6.0.8.jar%2377!/:?]
	at com.mojang.serialization.Decoder$1.decode(Decoder.java:49) ~[datafixerupper-6.0.8.jar%2377!/:?]
	at com.mojang.serialization.Codec$2.decode(Codec.java:71) ~[datafixerupper-6.0.8.jar%2377!/:?]
	at com.mojang.serialization.Decoder.parse(Decoder.java:18) ~[datafixerupper-6.0.8.jar%2377!/:?]
	at com.mojang.serialization.codecs.FieldDecoder.decode(FieldDecoder.java:29) ~[datafixerupper-6.0.8.jar%2377!/:?]
	at com.mojang.serialization.MapCodec$1.decode(MapCodec.java:34) ~[datafixerupper-6.0.8.jar%2377!/:?]
	at com.mojang.serialization.codecs.RecordCodecBuilder$Instance$3.decode(RecordCodecBuilder.java:248) ~[datafixerupper-6.0.8.jar%2377!/:?]
	at com.mojang.serialization.codecs.RecordCodecBuilder$2.decode(RecordCodecBuilder.java:107) ~[datafixerupper-6.0.8.jar%2377!/:?]
	at com.mojang.serialization.codecs.KeyDispatchCodec.lambda$decode$3(KeyDispatchCodec.java:67) ~[datafixerupper-6.0.8.jar%2377!/:?]
	at com.mojang.serialization.DataResult.lambda$flatMap$11(DataResult.java:139) ~[datafixerupper-6.0.8.jar%2377!/:?]
	at com.mojang.datafixers.util.Either$Left.map(Either.java:38) ~[datafixerupper-6.0.8.jar%2377!/:?]
	at com.mojang.serialization.DataResult.flatMap(DataResult.java:137) ~[datafixerupper-6.0.8.jar%2377!/:?]
	at com.mojang.serialization.codecs.KeyDispatchCodec.lambda$decode$4(KeyDispatchCodec.java:58) ~[datafixerupper-6.0.8.jar%2377!/:?]
	at com.mojang.serialization.DataResult.lambda$flatMap$11(DataResult.java:139) ~[datafixerupper-6.0.8.jar%2377!/:?]
	at com.mojang.datafixers.util.Either$Left.map(Either.java:38) ~[datafixerupper-6.0.8.jar%2377!/:?]
	at com.mojang.serialization.DataResult.flatMap(DataResult.java:137) ~[datafixerupper-6.0.8.jar%2377!/:?]
	at com.mojang.serialization.codecs.KeyDispatchCodec.decode(KeyDispatchCodec.java:56) ~[datafixerupper-6.0.8.jar%2377!/:?]
	at com.mojang.serialization.MapDecoder.lambda$compressedDecode$1(MapDecoder.java:52) ~[datafixerupper-6.0.8.jar%2377!/:?]
	at com.mojang.serialization.DataResult.lambda$flatMap$11(DataResult.java:139) ~[datafixerupper-6.0.8.jar%2377!/:?]
	at com.mojang.datafixers.util.Either$Left.map(Either.java:38) ~[datafixerupper-6.0.8.jar%2377!/:?]
	at com.mojang.serialization.DataResult.flatMap(DataResult.java:137) ~[datafixerupper-6.0.8.jar%2377!/:?]
	at com.mojang.serialization.MapDecoder.compressedDecode(MapDecoder.java:52) ~[datafixerupper-6.0.8.jar%2377!/:?]
	at com.mojang.serialization.MapCodec$MapCodecCodec.decode(MapCodec.java:91) ~[datafixerupper-6.0.8.jar%2377!/:?]
	at com.mojang.serialization.Decoder.parse(Decoder.java:18) ~[datafixerupper-6.0.8.jar%2377!/:?]
	at net.minecraftforge.common.loot.LootModifierManager.apply(LootModifierManager.java:79) ~[forge-1.20.1-47.4.20-universal.jar%23782!/:?]
	at net.minecraftforge.common.loot.LootModifierManager.m_5787_(LootModifierManager.java:38) ~[forge-1.20.1-47.4.20-universal.jar%23782!/:?]
	at net.minecraft.server.packs.resources.SimplePreparableReloadListener.m_10789_(SimplePreparableReloadListener.java:13) ~[server-1.20.1-20230612.114412-srg.jar%23777!/:?]
	at java.util.concurrent.CompletableFuture$UniAccept.tryFire(CompletableFuture.java:718) ~[?:?]
	at java.util.concurrent.CompletableFuture$Completion.run(CompletableFuture.java:482) ~[?:?]
	at net.minecraft.server.packs.resources.SimpleReloadInstance.m_143940_(SimpleReloadInstance.java:69) ~[server-1.20.1-20230612.114412-srg.jar%23777!/:?]
	at net.minecraft.Util.m_214652_(Util.java:783) ~[server-1.20.1-20230612.114412-srg.jar%23777!/:?]
	at net.minecraft.Util.m_214679_(Util.java:772) ~[server-1.20.1-20230612.114412-srg.jar%23777!/:?]
	at net.minecraft.server.Main.main(Main.java:166) ~[server-1.20.1-20230612.114412-srg.jar%23777!/:?]
	at jdk.internal.reflect.NativeMethodAccessorImpl.invoke0(Native Method) ~[?:?]
	at jdk.internal.reflect.NativeMethodAccessorImpl.invoke(NativeMethodAccessorImpl.java:77) ~[?:?]
	at jdk.internal.reflect.DelegatingMethodAccessorImpl.invoke(DelegatingMethodAccessorImpl.java:43) ~[?:?]
	at java.lang.reflect.Method.invoke(Method.java:569) ~[?:?]
	at net.minecraftforge.fml.loading.targets.CommonLaunchHandler.runTarget(CommonLaunchHandler.java:111) ~[fmlloader-1.20.1-47.4.20.jar%2369!/:?]
	at net.minecraftforge.fml.loading.targets.CommonLaunchHandler.serverService(CommonLaunchHandler.java:103) ~[fmlloader-1.20.1-47.4.20.jar%2369!/:?]
	at net.minecraftforge.fml.loading.targets.CommonServerLaunchHandler.lambda$makeService$0(CommonServerLaunchHandler.java:27) ~[fmlloader-1.20.1-47.4.20.jar%2369!/:?]
	at cpw.mods.modlauncher.LaunchServiceHandlerDecorator.launch(LaunchServiceHandlerDecorator.java:30) ~[modlauncher-10.0.9.jar%2355!/:?]
	at cpw.mods.modlauncher.LaunchServiceHandler.launch(LaunchServiceHandler.java:53) ~[modlauncher-10.0.9.jar%2355!/:?]
	at cpw.mods.modlauncher.LaunchServiceHandler.launch(LaunchServiceHandler.java:71) ~[modlauncher-10.0.9.jar%2355!/:?]
	at cpw.mods.modlauncher.Launcher.run(Launcher.java:108) ~[modlauncher-10.0.9.jar%2355!/:?]
	at cpw.mods.modlauncher.Launcher.main(Launcher.java:78) ~[modlauncher-10.0.9.jar%2355!/:?]
	at cpw.mods.modlauncher.BootstrapLaunchConsumer.accept(BootstrapLaunchConsumer.java:26) ~[modlauncher-10.0.9.jar%2355!/:?]
	at cpw.mods.modlauncher.BootstrapLaunchConsumer.accept(BootstrapLaunchConsumer.java:23) ~[modlauncher-10.0.9.jar%2355!/:?]
	at cpw.mods.bootstraplauncher.BootstrapLauncher.main(BootstrapLauncher.java:141) ~[bootstraplauncher-1.1.2.jar:?]
[08May2026 01:14:53.275] [main/WARN] [net.minecraftforge.common.loot.LootModifierManager/]: Could not decode GlobalLootModifier with json id crittersandcompanions:inject_clams - error: Unknown type 'neoforge:loot_table_id'
[08May2026 01:14:53.282] [main/WARN] [net.minecraftforge.common.loot.LootModifierManager/]: Unable to decode loot conditions
com.google.gson.JsonSyntaxException: Unknown type 'minecraft:alternatives'
	at net.minecraft.world.level.storage.loot.GsonAdapterFactory$JsonAdapter.deserialize(GsonAdapterFactory.java:99) ~[server-1.20.1-20230612.114412-srg.jar%23777!/:?]
	at com.google.gson.internal.bind.TreeTypeAdapter.read(TreeTypeAdapter.java:76) ~[gson-2.10.jar%2372!/:?]
	at com.google.gson.internal.bind.TypeAdapterRuntimeTypeWrapper.read(TypeAdapterRuntimeTypeWrapper.java:40) ~[gson-2.10.jar%2372!/:?]
	at com.google.gson.internal.bind.ArrayTypeAdapter.read(ArrayTypeAdapter.java:72) ~[gson-2.10.jar%2372!/:?]
	at com.google.gson.Gson.fromJson(Gson.java:1214) ~[gson-2.10.jar%2372!/:?]
	at com.google.gson.Gson.fromJson(Gson.java:1319) ~[gson-2.10.jar%2372!/:?]
	at com.google.gson.Gson.fromJson(Gson.java:1261) ~[gson-2.10.jar%2372!/:?]
	at net.minecraftforge.common.loot.IGlobalLootModifier.lambda$static$1(IGlobalLootModifier.java:39) ~[forge-1.20.1-47.4.20-universal.jar%23782!/:?]
	at com.mojang.serialization.Decoder$1.lambda$decode$1(Decoder.java:49) ~[datafixerupper-6.0.8.jar%2377!/:?]
	at com.mojang.serialization.DataResult.lambda$flatMap$11(DataResult.java:139) ~[datafixerupper-6.0.8.jar%2377!/:?]
	at com.mojang.datafixers.util.Either$Left.map(Either.java:38) ~[datafixerupper-6.0.8.jar%2377!/:?]
	at com.mojang.serialization.DataResult.flatMap(DataResult.java:137) ~[datafixerupper-6.0.8.jar%2377!/:?]
	at com.mojang.serialization.Decoder$1.decode(Decoder.java:49) ~[datafixerupper-6.0.8.jar%2377!/:?]
	at com.mojang.serialization.Codec$2.decode(Codec.java:71) ~[datafixerupper-6.0.8.jar%2377!/:?]
	at com.mojang.serialization.Decoder.parse(Decoder.java:18) ~[datafixerupper-6.0.8.jar%2377!/:?]
	at com.mojang.serialization.codecs.FieldDecoder.decode(FieldDecoder.java:29) ~[datafixerupper-6.0.8.jar%2377!/:?]
	at com.mojang.serialization.MapCodec$1.decode(MapCodec.java:34) ~[datafixerupper-6.0.8.jar%2377!/:?]
	at com.mojang.serialization.codecs.RecordCodecBuilder$Instance$5.decode(RecordCodecBuilder.java:323) ~[datafixerupper-6.0.8.jar%2377!/:?]
	at com.mojang.serialization.codecs.RecordCodecBuilder$2.decode(RecordCodecBuilder.java:107) ~[datafixerupper-6.0.8.jar%2377!/:?]
	at com.mojang.serialization.codecs.KeyDispatchCodec.lambda$decode$3(KeyDispatchCodec.java:67) ~[datafixerupper-6.0.8.jar%2377!/:?]
	at com.mojang.serialization.DataResult.lambda$flatMap$11(DataResult.java:139) ~[datafixerupper-6.0.8.jar%2377!/:?]
	at com.mojang.datafixers.util.Either$Left.map(Either.java:38) ~[datafixerupper-6.0.8.jar%2377!/:?]
	at com.mojang.serialization.DataResult.flatMap(DataResult.java:137) ~[datafixerupper-6.0.8.jar%2377!/:?]
	at com.mojang.serialization.codecs.KeyDispatchCodec.lambda$decode$4(KeyDispatchCodec.java:58) ~[datafixerupper-6.0.8.jar%2377!/:?]
	at com.mojang.serialization.DataResult.lambda$flatMap$11(DataResult.java:139) ~[datafixerupper-6.0.8.jar%2377!/:?]
	at com.mojang.datafixers.util.Either$Left.map(Either.java:38) ~[datafixerupper-6.0.8.jar%2377!/:?]
	at com.mojang.serialization.DataResult.flatMap(DataResult.java:137) ~[datafixerupper-6.0.8.jar%2377!/:?]
	at com.mojang.serialization.codecs.KeyDispatchCodec.decode(KeyDispatchCodec.java:56) ~[datafixerupper-6.0.8.jar%2377!/:?]
	at com.mojang.serialization.MapDecoder.lambda$compressedDecode$1(MapDecoder.java:52) ~[datafixerupper-6.0.8.jar%2377!/:?]
	at com.mojang.serialization.DataResult.lambda$flatMap$11(DataResult.java:139) ~[datafixerupper-6.0.8.jar%2377!/:?]
	at com.mojang.datafixers.util.Either$Left.map(Either.java:38) ~[datafixerupper-6.0.8.jar%2377!/:?]
	at com.mojang.serialization.DataResult.flatMap(DataResult.java:137) ~[datafixerupper-6.0.8.jar%2377!/:?]
	at com.mojang.serialization.MapDecoder.compressedDecode(MapDecoder.java:52) ~[datafixerupper-6.0.8.jar%2377!/:?]
	at com.mojang.serialization.MapCodec$MapCodecCodec.decode(MapCodec.java:91) ~[datafixerupper-6.0.8.jar%2377!/:?]
	at com.mojang.serialization.Decoder.parse(Decoder.java:18) ~[datafixerupper-6.0.8.jar%2377!/:?]
	at net.minecraftforge.common.loot.LootModifierManager.apply(LootModifierManager.java:79) ~[forge-1.20.1-47.4.20-universal.jar%23782!/:?]
	at net.minecraftforge.common.loot.LootModifierManager.m_5787_(LootModifierManager.java:38) ~[forge-1.20.1-47.4.20-universal.jar%23782!/:?]
	at net.minecraft.server.packs.resources.SimplePreparableReloadListener.m_10789_(SimplePreparableReloadListener.java:13) ~[server-1.20.1-20230612.114412-srg.jar%23777!/:?]
	at java.util.concurrent.CompletableFuture$UniAccept.tryFire(CompletableFuture.java:718) ~[?:?]
	at java.util.concurrent.CompletableFuture$Completion.run(CompletableFuture.java:482) ~[?:?]
	at net.minecraft.server.packs.resources.SimpleReloadInstance.m_143940_(SimpleReloadInstance.java:69) ~[server-1.20.1-20230612.114412-srg.jar%23777!/:?]
	at net.minecraft.Util.m_214652_(Util.java:783) ~[server-1.20.1-20230612.114412-srg.jar%23777!/:?]
	at net.minecraft.Util.m_214679_(Util.java:772) ~[server-1.20.1-20230612.114412-srg.jar%23777!/:?]
	at net.minecraft.server.Main.main(Main.java:166) ~[server-1.20.1-20230612.114412-srg.jar%23777!/:?]
	at jdk.internal.reflect.NativeMethodAccessorImpl.invoke0(Native Method) ~[?:?]
	at jdk.internal.reflect.NativeMethodAccessorImpl.invoke(NativeMethodAccessorImpl.java:77) ~[?:?]
	at jdk.internal.reflect.DelegatingMethodAccessorImpl.invoke(DelegatingMethodAccessorImpl.java:43) ~[?:?]
	at java.lang.reflect.Method.invoke(Method.java:569) ~[?:?]
	at net.minecraftforge.fml.loading.targets.CommonLaunchHandler.runTarget(CommonLaunchHandler.java:111) ~[fmlloader-1.20.1-47.4.20.jar%2369!/:?]
	at net.minecraftforge.fml.loading.targets.CommonLaunchHandler.serverService(CommonLaunchHandler.java:103) ~[fmlloader-1.20.1-47.4.20.jar%2369!/:?]
	at net.minecraftforge.fml.loading.targets.CommonServerLaunchHandler.lambda$makeService$0(CommonServerLaunchHandler.java:27) ~[fmlloader-1.20.1-47.4.20.jar%2369!/:?]
	at cpw.mods.modlauncher.LaunchServiceHandlerDecorator.launch(LaunchServiceHandlerDecorator.java:30) ~[modlauncher-10.0.9.jar%2355!/:?]
	at cpw.mods.modlauncher.LaunchServiceHandler.launch(LaunchServiceHandler.java:53) ~[modlauncher-10.0.9.jar%2355!/:?]
	at cpw.mods.modlauncher.LaunchServiceHandler.launch(LaunchServiceHandler.java:71) ~[modlauncher-10.0.9.jar%2355!/:?]
	at cpw.mods.modlauncher.Launcher.run(Launcher.java:108) ~[modlauncher-10.0.9.jar%2355!/:?]
	at cpw.mods.modlauncher.Launcher.main(Launcher.java:78) ~[modlauncher-10.0.9.jar%2355!/:?]
	at cpw.mods.modlauncher.BootstrapLaunchConsumer.accept(BootstrapLaunchConsumer.java:26) ~[modlauncher-10.0.9.jar%2355!/:?]
	at cpw.mods.modlauncher.BootstrapLaunchConsumer.accept(BootstrapLaunchConsumer.java:23) ~[modlauncher-10.0.9.jar%2355!/:?]
	at cpw.mods.bootstraplauncher.BootstrapLauncher.main(BootstrapLauncher.java:141) ~[bootstraplauncher-1.1.2.jar:?]
[08May2026 01:14:53.284] [main/WARN] [net.minecraftforge.common.loot.LootModifierManager/]: Could not decode GlobalLootModifier with json id nethersdelight:chopping_leather - error: Unknown type 'minecraft:alternatives'
[08May2026 01:14:53.284] [main/WARN] [net.minecraftforge.common.loot.LootModifierManager/]: Unable to decode loot conditions
com.google.gson.JsonSyntaxException: Unknown type 'minecraft:alternative'
	at net.minecraft.world.level.storage.loot.GsonAdapterFactory$JsonAdapter.deserialize(GsonAdapterFactory.java:99) ~[server-1.20.1-20230612.114412-srg.jar%23777!/:?]
	at com.google.gson.internal.bind.TreeTypeAdapter.read(TreeTypeAdapter.java:76) ~[gson-2.10.jar%2372!/:?]
	at com.google.gson.internal.bind.TypeAdapterRuntimeTypeWrapper.read(TypeAdapterRuntimeTypeWrapper.java:40) ~[gson-2.10.jar%2372!/:?]
	at com.google.gson.internal.bind.ArrayTypeAdapter.read(ArrayTypeAdapter.java:72) ~[gson-2.10.jar%2372!/:?]
	at com.google.gson.Gson.fromJson(Gson.java:1214) ~[gson-2.10.jar%2372!/:?]
	at com.google.gson.Gson.fromJson(Gson.java:1319) ~[gson-2.10.jar%2372!/:?]
	at com.google.gson.Gson.fromJson(Gson.java:1261) ~[gson-2.10.jar%2372!/:?]
	at net.minecraftforge.common.loot.IGlobalLootModifier.lambda$static$1(IGlobalLootModifier.java:39) ~[forge-1.20.1-47.4.20-universal.jar%23782!/:?]
	at com.mojang.serialization.Decoder$1.lambda$decode$1(Decoder.java:49) ~[datafixerupper-6.0.8.jar%2377!/:?]
	at com.mojang.serialization.DataResult.lambda$flatMap$11(DataResult.java:139) ~[datafixerupper-6.0.8.jar%2377!/:?]
	at com.mojang.datafixers.util.Either$Left.map(Either.java:38) ~[datafixerupper-6.0.8.jar%2377!/:?]
	at com.mojang.serialization.DataResult.flatMap(DataResult.java:137) ~[datafixerupper-6.0.8.jar%2377!/:?]
	at com.mojang.serialization.Decoder$1.decode(Decoder.java:49) ~[datafixerupper-6.0.8.jar%2377!/:?]
	at com.mojang.serialization.Codec$2.decode(Codec.java:71) ~[datafixerupper-6.0.8.jar%2377!/:?]
	at com.mojang.serialization.Decoder.parse(Decoder.java:18) ~[datafixerupper-6.0.8.jar%2377!/:?]
	at com.mojang.serialization.codecs.FieldDecoder.decode(FieldDecoder.java:29) ~[datafixerupper-6.0.8.jar%2377!/:?]
	at com.mojang.serialization.MapCodec$1.decode(MapCodec.java:34) ~[datafixerupper-6.0.8.jar%2377!/:?]
	at com.mojang.serialization.codecs.RecordCodecBuilder$Instance$5.decode(RecordCodecBuilder.java:323) ~[datafixerupper-6.0.8.jar%2377!/:?]
	at com.mojang.serialization.codecs.RecordCodecBuilder$2.decode(RecordCodecBuilder.java:107) ~[datafixerupper-6.0.8.jar%2377!/:?]
	at com.mojang.serialization.codecs.KeyDispatchCodec.lambda$decode$3(KeyDispatchCodec.java:67) ~[datafixerupper-6.0.8.jar%2377!/:?]
	at com.mojang.serialization.DataResult.lambda$flatMap$11(DataResult.java:139) ~[datafixerupper-6.0.8.jar%2377!/:?]
	at com.mojang.datafixers.util.Either$Left.map(Either.java:38) ~[datafixerupper-6.0.8.jar%2377!/:?]
	at com.mojang.serialization.DataResult.flatMap(DataResult.java:137) ~[datafixerupper-6.0.8.jar%2377!/:?]
	at com.mojang.serialization.codecs.KeyDispatchCodec.lambda$decode$4(KeyDispatchCodec.java:58) ~[datafixerupper-6.0.8.jar%2377!/:?]
	at com.mojang.serialization.DataResult.lambda$flatMap$11(DataResult.java:139) ~[datafixerupper-6.0.8.jar%2377!/:?]
	at com.mojang.datafixers.util.Either$Left.map(Either.java:38) ~[datafixerupper-6.0.8.jar%2377!/:?]
	at com.mojang.serialization.DataResult.flatMap(DataResult.java:137) ~[datafixerupper-6.0.8.jar%2377!/:?]
	at com.mojang.serialization.codecs.KeyDispatchCodec.decode(KeyDispatchCodec.java:56) ~[datafixerupper-6.0.8.jar%2377!/:?]
	at com.mojang.serialization.MapDecoder.lambda$compressedDecode$1(MapDecoder.java:52) ~[datafixerupper-6.0.8.jar%2377!/:?]
	at com.mojang.serialization.DataResult.lambda$flatMap$11(DataResult.java:139) ~[datafixerupper-6.0.8.jar%2377!/:?]
	at com.mojang.datafixers.util.Either$Left.map(Either.java:38) ~[datafixerupper-6.0.8.jar%2377!/:?]
	at com.mojang.serialization.DataResult.flatMap(DataResult.java:137) ~[datafixerupper-6.0.8.jar%2377!/:?]
	at com.mojang.serialization.MapDecoder.compressedDecode(MapDecoder.java:52) ~[datafixerupper-6.0.8.jar%2377!/:?]
	at com.mojang.serialization.MapCodec$MapCodecCodec.decode(MapCodec.java:91) ~[datafixerupper-6.0.8.jar%2377!/:?]
	at com.mojang.serialization.Decoder.parse(Decoder.java:18) ~[datafixerupper-6.0.8.jar%2377!/:?]
	at net.minecraftforge.common.loot.LootModifierManager.apply(LootModifierManager.java:79) ~[forge-1.20.1-47.4.20-universal.jar%23782!/:?]
	at net.minecraftforge.common.loot.LootModifierManager.m_5787_(LootModifierManager.java:38) ~[forge-1.20.1-47.4.20-universal.jar%23782!/:?]
	at net.minecraft.server.packs.resources.SimplePreparableReloadListener.m_10789_(SimplePreparableReloadListener.java:13) ~[server-1.20.1-20230612.114412-srg.jar%23777!/:?]
	at java.util.concurrent.CompletableFuture$UniAccept.tryFire(CompletableFuture.java:718) ~[?:?]
	at java.util.concurrent.CompletableFuture$Completion.run(CompletableFuture.java:482) ~[?:?]
	at net.minecraft.server.packs.resources.SimpleReloadInstance.m_143940_(SimpleReloadInstance.java:69) ~[server-1.20.1-20230612.114412-srg.jar%23777!/:?]
	at net.minecraft.Util.m_214652_(Util.java:783) ~[server-1.20.1-20230612.114412-srg.jar%23777!/:?]
	at net.minecraft.Util.m_214679_(Util.java:772) ~[server-1.20.1-20230612.114412-srg.jar%23777!/:?]
	at net.minecraft.server.Main.main(Main.java:166) ~[server-1.20.1-20230612.114412-srg.jar%23777!/:?]
	at jdk.internal.reflect.NativeMethodAccessorImpl.invoke0(Native Method) ~[?:?]
	at jdk.internal.reflect.NativeMethodAccessorImpl.invoke(NativeMethodAccessorImpl.java:77) ~[?:?]
	at jdk.internal.reflect.DelegatingMethodAccessorImpl.invoke(DelegatingMethodAccessorImpl.java:43) ~[?:?]
	at java.lang.reflect.Method.invoke(Method.java:569) ~[?:?]
	at net.minecraftforge.fml.loading.targets.CommonLaunchHandler.runTarget(CommonLaunchHandler.java:111) ~[fmlloader-1.20.1-47.4.20.jar%2369!/:?]
	at net.minecraftforge.fml.loading.targets.CommonLaunchHandler.serverService(CommonLaunchHandler.java:103) ~[fmlloader-1.20.1-47.4.20.jar%2369!/:?]
	at net.minecraftforge.fml.loading.targets.CommonServerLaunchHandler.lambda$makeService$0(CommonServerLaunchHandler.java:27) ~[fmlloader-1.20.1-47.4.20.jar%2369!/:?]
	at cpw.mods.modlauncher.LaunchServiceHandlerDecorator.launch(LaunchServiceHandlerDecorator.java:30) ~[modlauncher-10.0.9.jar%2355!/:?]
	at cpw.mods.modlauncher.LaunchServiceHandler.launch(LaunchServiceHandler.java:53) ~[modlauncher-10.0.9.jar%2355!/:?]
	at cpw.mods.modlauncher.LaunchServiceHandler.launch(LaunchServiceHandler.java:71) ~[modlauncher-10.0.9.jar%2355!/:?]
	at cpw.mods.modlauncher.Launcher.run(Launcher.java:108) ~[modlauncher-10.0.9.jar%2355!/:?]
	at cpw.mods.modlauncher.Launcher.main(Launcher.java:78) ~[modlauncher-10.0.9.jar%2355!/:?]
	at cpw.mods.modlauncher.BootstrapLaunchConsumer.accept(BootstrapLaunchConsumer.java:26) ~[modlauncher-10.0.9.jar%2355!/:?]
	at cpw.mods.modlauncher.BootstrapLaunchConsumer.accept(BootstrapLaunchConsumer.java:23) ~[modlauncher-10.0.9.jar%2355!/:?]
	at cpw.mods.bootstraplauncher.BootstrapLauncher.main(BootstrapLauncher.java:141) ~[bootstraplauncher-1.1.2.jar:?]
[08May2026 01:14:53.286] [main/WARN] [net.minecraftforge.common.loot.LootModifierManager/]: Could not decode GlobalLootModifier with json id nethersdelight:chopping_string - error: Unknown type 'minecraft:alternative'
[08May2026 01:14:53.290] [main/INFO] [ModdingLegacy/blue_skies/SkiesDataManager/]: Loaded 8 tool_handle_types
[08May2026 01:14:53.290] [main/INFO] [ModdingLegacy/blue_skies/SkiesDataManager/]: Loaded 37 snowcap_oven_freezing_recipes
[08May2026 01:14:53.290] [main/INFO] [ModdingLegacy/blue_skies/SkiesDataManager/]: Loaded 7 horizonite_forge_fuels
[08May2026 01:14:53.290] [main/INFO] [ModdingLegacy/blue_skies/SkiesDataManager/]: Loaded 12 snowcap_mushroom_freezing
[08May2026 01:14:53.305] [main/INFO] [ModdingLegacy/blue_skies/SkiesDataManager/]: Loaded 70 alchemy_recipes
[08May2026 01:14:53.308] [main/INFO] [ModdingLegacy/blue_skies/SkiesDataManager/]: Loaded 81 journal/entries
[08May2026 01:14:53.308] [main/INFO] [ModdingLegacy/blue_skies/SkiesDataManager/]: Loaded 3 journal/sections
[08May2026 01:14:53.308] [main/INFO] [ModdingLegacy/blue_skies/SkiesDataManager/]: Loaded 7 journal/requirements
[08May2026 01:14:53.350] [main/ERROR] [net.blay09.mods.kleeslabs.KleeSlabs/]: Slab minecraft:pale_oak_slab could not be found.
[08May2026 01:14:53.350] [main/ERROR] [net.blay09.mods.kleeslabs.KleeSlabs/]: Slab minecraft:resin_brick_slab could not be found.
[08May2026 01:14:53.354] [main/INFO] [twilightforest/]: Loaded 9 Stalactite configs!
[08May2026 01:14:53.462] [main/INFO] [bountiful/]: Trying to load unloaded files from: config/bountiful/bounty_pools
[08May2026 01:14:53.465] [main/INFO] [bountiful/]: Trying to load unloaded files from: config/bountiful/bounty_decrees
[08May2026 01:14:53.556] [main/INFO] [Dungeon Crawl/]: Loading data...
[08May2026 01:14:53.788] [main/INFO] [Dungeon Crawl/]: Done.
[08May2026 01:14:53.791] [main/INFO] [com.teamabnormals.blueprint.core.Blueprint/]: Chunk Generator Modification Manager has loaded 1 modifier groups
[08May2026 01:14:53.805] [main/INFO] [quark-zeta/]: Modified advancement minecraft:husbandry/wax_on with 3 patches
[08May2026 01:14:53.805] [main/INFO] [quark-zeta/]: Modified advancement minecraft:adventure/kill_a_mob with 3 patches
[08May2026 01:14:53.805] [main/INFO] [quark-zeta/]: Modified advancement minecraft:husbandry/bred_all_animals with 3 patches
[08May2026 01:14:53.806] [main/INFO] [quark-zeta/]: Modified advancement minecraft:adventure/kill_all_mobs with 3 patches
[08May2026 01:14:53.806] [main/INFO] [quark-zeta/]: Modified advancement minecraft:husbandry/balanced_diet with 3 patches
[08May2026 01:14:53.806] [main/INFO] [quark-zeta/]: Modified advancement minecraft:husbandry/plant_seed with 1 patches
[08May2026 01:14:53.806] [main/INFO] [quark-zeta/]: Modified advancement minecraft:nether/all_effects with 2 patches
[08May2026 01:14:53.806] [main/INFO] [quark-zeta/]: Modified advancement minecraft:husbandry/wax_off with 3 patches
[08May2026 01:14:53.807] [main/INFO] [quark-zeta/]: Modified advancement minecraft:adventure/adventuring_time with 1 patches
[08May2026 01:14:53.807] [main/INFO] [quark-zeta/]: Modified advancement minecraft:nether/all_potions with 1 patches
[08May2026 01:14:53.811] [main/INFO] [Supplementaries/]: Loaded 27 flute songs
[08May2026 01:14:53.821] [main/INFO] [botania/]: Loaded 30 Loonium configurations
[08May2026 01:14:53.822] [main/INFO] [placebo/]: Registered 0 gear_sets.
[08May2026 01:14:54.085] [main/INFO] [Spartan Weaponry/]: Finished initialising Weapon Traits & Attributes! Took 7.42463ms
[08May2026 01:14:54.093] [main/INFO] [Moonlight/]: Applied 18 data villager trades
[08May2026 01:14:54.432] [main/ERROR] [net.minecraftforge.fml.loading.RuntimeDistCleaner/DISTXFORM]: Attempted to load class net/minecraft/client/renderer/RenderType for invalid dist DEDICATED_SERVER
[08May2026 01:14:54.433] [main/ERROR] [net.minecraftforge.fml.loading.RuntimeDistCleaner/DISTXFORM]: Attempted to load class net/minecraft/client/renderer/RenderType for invalid dist DEDICATED_SERVER
[08May2026 01:14:54.435] [main/ERROR] [net.minecraftforge.fml.loading.RuntimeDistCleaner/DISTXFORM]: Attempted to load class net/minecraft/client/renderer/RenderType for invalid dist DEDICATED_SERVER
[08May2026 01:14:54.436] [main/ERROR] [net.minecraftforge.fml.loading.RuntimeDistCleaner/DISTXFORM]: Attempted to load class net/minecraft/client/renderer/RenderType for invalid dist DEDICATED_SERVER
[08May2026 01:14:54.437] [main/ERROR] [net.minecraftforge.fml.loading.RuntimeDistCleaner/DISTXFORM]: Attempted to load class net/minecraft/client/renderer/RenderType for invalid dist DEDICATED_SERVER
[08May2026 01:14:54.755] [main/INFO] [Supplementaries/]: Finished additional setup in 0 ms
[08May2026 01:14:55.007] [main/INFO] [Cucumber Library/]: Loaded cucumber-tags.json in 1 ms
[08May2026 01:14:55.007] [main/WARN] [ModernFix/]: Initial datapack load took 15.81 s
[08May2026 01:14:55.491] [Server thread/INFO] [net.minecraft.server.dedicated.DedicatedServer/]: Starting minecraft server version 1.20.1
[08May2026 01:14:55.492] [Server thread/INFO] [net.minecraft.server.dedicated.DedicatedServer/]: Loading properties
[08May2026 01:14:55.493] [Server thread/INFO] [net.minecraft.server.dedicated.DedicatedServer/]: Default game type: SURVIVAL
[08May2026 01:14:55.493] [Server thread/INFO] [net.minecraft.server.MinecraftServer/]: Generating keypair
[08May2026 01:14:55.736] [Server thread/INFO] [net.minecraft.server.dedicated.DedicatedServer/]: Starting Minecraft server on *:25565
[08May2026 01:14:55.851] [Server thread/INFO] [net.minecraft.server.network.ServerConnectionListener/]: Using epoll channel type
[08May2026 01:14:56.009] [Server thread/WARN] [net.minecraft.server.dedicated.DedicatedServer/]: **** SERVER IS RUNNING IN OFFLINE/INSECURE MODE!
[08May2026 01:14:56.010] [Server thread/WARN] [net.minecraft.server.dedicated.DedicatedServer/]: The server will make no attempt to authenticate usernames. Beware.
[08May2026 01:14:56.010] [Server thread/WARN] [net.minecraft.server.dedicated.DedicatedServer/]: While this makes the game possible to play without internet access, it also opens up the ability for hackers to connect with any username they choose.
[08May2026 01:14:56.010] [Server thread/WARN] [net.minecraft.server.dedicated.DedicatedServer/]: To change this, set "online-mode" to "true" in the server.properties file.
[08May2026 01:14:56.038] [Server thread/INFO] [Puzzles Lib/]: Loading server config for netherchested
[08May2026 01:14:56.047] [Server thread/INFO] [Puzzles Lib/]: Loading server config for mutantmonsters
[08May2026 01:14:56.056] [Server thread/INFO] [Puzzles Lib/]: Loading server config for illagerinvasion
[08May2026 01:14:56.061] [Server thread/INFO] [Puzzles Lib/]: Loading server config for arcanelanterns
[08May2026 01:14:56.064] [Server thread/INFO] [Puzzles Lib/]: Loading server config for easyanvils
[08May2026 01:14:56.073] [Server thread/INFO] [Puzzles Lib/]: Loading server config for puzzlesapi
[08May2026 01:14:56.080] [Server thread/INFO] [Puzzles Lib/]: Loading server config for universalbonemeal
[08May2026 01:14:56.110] [Server thread/INFO] [Puzzles Lib/]: Loading server config for tradingpost
[08May2026 01:14:56.116] [Server thread/INFO] [journeymap/]: Loading JourneyMap Forge Configs
[08May2026 01:14:56.119] [Server thread/INFO] [Puzzles Lib/]: Loading server config for barteringstation
[08May2026 01:14:56.178] [Server thread/WARN] [net.zepalesque.redux.Redux/]: Found already existing holder biomesoplenty:lush_desert from tag forge:is_desert! Replacing value anyway! Old value was 12582892, new is 14090198
[08May2026 01:14:56.178] [Server thread/WARN] [net.zepalesque.redux.Redux/]: Found already existing holder biomesoplenty:fungal_jungle from tag forge:is_magical! Replacing value anyway! Old value was 12582892, new is 12251391
[08May2026 01:14:56.178] [Server thread/WARN] [net.zepalesque.redux.Redux/]: Found already existing holder biomesoplenty:mystic_grove from tag forge:is_magical! Replacing value anyway! Old value was 12582892, new is 12251391
[08May2026 01:14:56.179] [Server thread/WARN] [net.zepalesque.redux.Redux/]: Found already existing holder biomesoplenty:crystalline_chasm from tag minecraft:is_nether! Replacing value anyway! Old value was 12251391, new is 15663072
[08May2026 01:14:56.179] [Server thread/WARN] [net.zepalesque.redux.Redux/]: Found already existing holder biomesoplenty:dryland from tag forge:is_sparse! Replacing value anyway! Old value was 14090198, new is 16774563
[08May2026 01:14:56.179] [Server thread/WARN] [net.zepalesque.redux.Redux/]: Found already existing holder biomesoplenty:lush_desert from tag forge:is_sparse! Replacing value anyway! Old value was 14090198, new is 16774563
[08May2026 01:14:56.179] [Server thread/WARN] [net.zepalesque.redux.Redux/]: Found already existing holder biomesoplenty:lush_savanna from tag forge:is_sparse! Replacing value anyway! Old value was 12582892, new is 16774563
[08May2026 01:14:56.179] [Server thread/WARN] [net.zepalesque.redux.Redux/]: Found already existing holder biomesoplenty:orchard from tag forge:is_sparse! Replacing value anyway! Old value was 12582892, new is 16774563
[08May2026 01:14:56.180] [Server thread/WARN] [net.zepalesque.redux.Redux/]: Found already existing holder incendium:ash_barrens from tag forge:is_sparse! Replacing value anyway! Old value was 15663072, new is 16774563
[08May2026 01:14:56.180] [Server thread/WARN] [net.zepalesque.redux.Redux/]: Found already existing holder incendium:quartz_flats from tag forge:is_sparse! Replacing value anyway! Old value was 15663072, new is 16774563
[08May2026 01:14:56.180] [Server thread/WARN] [net.zepalesque.redux.Redux/]: Found already existing holder incendium:weeping_valley from tag forge:is_sparse! Replacing value anyway! Old value was 15663072, new is 16774563
[08May2026 01:14:56.180] [Server thread/WARN] [net.zepalesque.redux.Redux/]: Found already existing holder biomesoplenty:rocky_rainforest from tag forge:is_plateau! Replacing value anyway! Old value was 12582892, new is 16772502
[08May2026 01:14:56.181] [Server thread/WARN] [net.zepalesque.redux.Redux/]: Found already existing holder minecraft:savanna_plateau from tag forge:is_plateau! Replacing value anyway! Old value was 16774563, new is 16772502
[08May2026 01:14:56.181] [Server thread/WARN] [net.zepalesque.redux.Redux/]: Found already existing holder minecraft:wooded_badlands from tag forge:is_plateau! Replacing value anyway! Old value was 16774563, new is 16772502
[08May2026 01:14:56.181] [Server thread/WARN] [net.zepalesque.redux.Redux/]: Found already existing holder regions_unexplored:icy_heights from tag forge:is_plateau! Replacing value anyway! Old value was 16774563, new is 16772502
[08May2026 01:14:56.181] [Server thread/WARN] [net.zepalesque.redux.Redux/]: Found already existing holder biomesoplenty:auroral_garden from tag forge:is_cold! Replacing value anyway! Old value was 12251391, new is 13432831
[08May2026 01:14:56.181] [Server thread/WARN] [net.zepalesque.redux.Redux/]: Found already existing holder biomesoplenty:bog from tag forge:is_cold! Replacing value anyway! Old value was 16774563, new is 13432831
[08May2026 01:14:56.182] [Server thread/WARN] [net.zepalesque.redux.Redux/]: Found already existing holder biomesoplenty:cold_desert from tag forge:is_cold! Replacing value anyway! Old value was 16774563, new is 13432831
[08May2026 01:14:56.182] [Server thread/WARN] [net.zepalesque.redux.Redux/]: Found already existing holder biomesoplenty:dead_forest from tag forge:is_cold! Replacing value anyway! Old value was 16774563, new is 13432831
[08May2026 01:14:56.182] [Server thread/WARN] [net.zepalesque.redux.Redux/]: Found already existing holder biomesoplenty:hot_springs from tag forge:is_cold! Replacing value anyway! Old value was 16774563, new is 13432831
[08May2026 01:14:56.182] [Server thread/WARN] [net.zepalesque.redux.Redux/]: Found already existing holder biomesoplenty:muskeg from tag forge:is_cold! Replacing value anyway! Old value was 16774563, new is 13432831
[08May2026 01:14:56.182] [Server thread/WARN] [net.zepalesque.redux.Redux/]: Found already existing holder biomesoplenty:snowblossom_grove from tag forge:is_cold! Replacing value anyway! Old value was 12251391, new is 13432831
[08May2026 01:14:56.183] [Server thread/WARN] [net.zepalesque.redux.Redux/]: Found already existing holder biomesoplenty:snowy_fir_clearing from tag forge:is_cold! Replacing value anyway! Old value was 16774563, new is 13432831
[08May2026 01:14:56.183] [Server thread/WARN] [net.zepalesque.redux.Redux/]: Found already existing holder biomesoplenty:tundra from tag forge:is_cold! Replacing value anyway! Old value was 16774563, new is 13432831
[08May2026 01:14:56.183] [Server thread/WARN] [net.zepalesque.redux.Redux/]: Found already existing holder minecraft:snowy_slopes from tag forge:is_cold! Replacing value anyway! Old value was 16774563, new is 13432831
[08May2026 01:14:56.183] [Server thread/WARN] [net.zepalesque.redux.Redux/]: Found already existing holder minecraft:jagged_peaks from tag forge:is_cold! Replacing value anyway! Old value was 16774563, new is 13432831
[08May2026 01:14:56.183] [Server thread/WARN] [net.zepalesque.redux.Redux/]: Found already existing holder minecraft:frozen_peaks from tag forge:is_cold! Replacing value anyway! Old value was 16774563, new is 13432831
[08May2026 01:14:56.184] [Server thread/WARN] [net.zepalesque.redux.Redux/]: Found already existing holder regions_unexplored:icy_heights from tag forge:is_cold! Replacing value anyway! Old value was 16772502, new is 13432831
[08May2026 01:14:56.184] [Server thread/WARN] [net.zepalesque.redux.Redux/]: Found already existing holder minecraft:the_end from tag forge:is_cold! Replacing value anyway! Old value was 12496613, new is 13432831
[08May2026 01:14:56.184] [Server thread/WARN] [net.zepalesque.redux.Redux/]: Found already existing holder minecraft:small_end_islands from tag forge:is_cold! Replacing value anyway! Old value was 12496613, new is 13432831
[08May2026 01:14:56.184] [Server thread/WARN] [net.zepalesque.redux.Redux/]: Found already existing holder minecraft:end_midlands from tag forge:is_cold! Replacing value anyway! Old value was 12496613, new is 13432831
[08May2026 01:14:56.184] [Server thread/WARN] [net.zepalesque.redux.Redux/]: Found already existing holder minecraft:end_highlands from tag forge:is_cold! Replacing value anyway! Old value was 12496613, new is 13432831
[08May2026 01:14:56.185] [Server thread/WARN] [net.zepalesque.redux.Redux/]: Found already existing holder minecraft:end_barrens from tag forge:is_cold! Replacing value anyway! Old value was 12496613, new is 13432831
[08May2026 01:14:56.185] [Server thread/WARN] [net.zepalesque.redux.Redux/]: Found already existing holder biomesoplenty:fungal_jungle from tag forge:is_mushroom! Replacing value anyway! Old value was 12251391, new is 13035007
[08May2026 01:14:56.185] [Server thread/WARN] [net.zepalesque.redux.Redux/]: Found already existing holder regions_unexplored:bioshroom_caves from tag forge:is_mushroom! Replacing value anyway! Old value was 12582892, new is 13035007
[08May2026 01:14:56.185] [Server thread/WARN] [net.zepalesque.redux.Redux/]: Found already existing holder quark:glimmering_weald from tag forge:is_mushroom! Replacing value anyway! Old value was 12251391, new is 13035007
[08May2026 01:14:57.151] [Server thread/INFO] [FTB Teams/]: loaded team data: 2 known players, 2 teams total
[08May2026 01:14:57.279] [Server thread/INFO] [spark/]: Starting background profiler...
[08May2026 01:14:57.915] [Server thread/INFO] [Framework/]: Loading server configs...
[08May2026 01:14:57.923] [Server thread/INFO] [AutoMessage/]: [AutoMessage] [SERVER] Attempting to read automessage-server.json
[08May2026 01:14:57.924] [Server thread/INFO] [STDOUT/]: [forge.com.cursee.automessage.core.abstraction.AbstractMessageService:initialize:70]: Enabled? false
[08May2026 01:14:57.927] [Server thread/INFO] [AutoMessage/]: [AutoMessage] [SERVER] Message Service loaded 1 messages
[08May2026 01:14:57.927] [Server thread/INFO] [AutoMessage/]: [AutoMessage] [SERVER] Message Service loaded in 0.004739033s
[08May2026 01:14:57.961] [Server thread/INFO] [zeta/]: Server starting, accepting filewatcher changes for zeta's config
[08May2026 01:14:57.975] [Server thread/INFO] [quark-zeta/]: Server starting, accepting filewatcher changes for quark's config
[08May2026 01:14:58.007] [Server thread/INFO] [terrablender/]: Initialized TerraBlender biomes for level stem minecraft:the_nether
[08May2026 01:14:59.162] [Server thread/INFO] [terrablender/]: Initialized TerraBlender biomes for level stem minecraft:overworld
[08May2026 01:14:59.164] [Server thread/INFO] [terrablender/]: Initialized TerraBlender biomes for level stem aether:the_aether
[08May2026 01:14:59.168] [Server thread/INFO] [net.minecraft.server.dedicated.DedicatedServer/]: Preparing level "world"
[08May2026 01:15:00.167] [Server thread/WARN] [mixin/]: Method overwrite conflict for removeIf in lithium.mixins.json:world.chunk_tickets.SortedArraySetMixin, previously written by org.embeddedt.modernfix.common.mixin.bugfix.paper_chunk_patches.SortedArraySetMixin. Skipping method.
[08May2026 01:15:00.273] [Server thread/WARN] [mixin/]: @Redirect conflict. Skipping mixins.redirected_forge_1.20.1.json:net.minecraft.world.level.block.state.CacheMixin->@Redirect::redirectSupportTypes()[Lnet/minecraft/world/level/block/SupportType; with priority 10, already redirected by modernfix-modernfix.mixins.json:perf.cache_blockstate_cache_arrays.AbstractBlockStateCacheMixin->@Redirect::getVoxelShapeValues()[Lnet/minecraft/world/level/block/SupportType; with priority 1000
[08May2026 01:15:00.821] [Server thread/INFO] [com.cupboard.Cupboard/]: Loaded config for: limitedchunks.json
[08May2026 01:15:01.306] [Server thread/WARN] [net.minecraft.network.syncher.SynchedEntityData/]: defineId called for: class forge.net.mca.entity.CribEntity from class forge.net.mca.util.network.datasync.CDataParameter
[08May2026 01:15:01.306] [Server thread/WARN] [net.minecraft.network.syncher.SynchedEntityData/]: defineId called for: class forge.net.mca.entity.CribEntity from class forge.net.mca.util.network.datasync.CEnumParameter
[08May2026 01:15:01.306] [Server thread/WARN] [net.minecraft.network.syncher.SynchedEntityData/]: defineId called for: class forge.net.mca.entity.CribEntity from class forge.net.mca.util.network.datasync.CEnumParameter
[08May2026 01:15:01.426] [Server thread/WARN] [net.minecraft.network.syncher.SynchedEntityData/]: defineId called for: class forge.net.mca.entity.ZombieVillagerEntityMCA from class forge.net.mca.util.network.datasync.CDataParameter
[08May2026 01:15:01.426] [Server thread/WARN] [net.minecraft.network.syncher.SynchedEntityData/]: defineId called for: class forge.net.mca.entity.ZombieVillagerEntityMCA from class forge.net.mca.util.network.datasync.CDataParameter
[08May2026 01:15:01.426] [Server thread/WARN] [net.minecraft.network.syncher.SynchedEntityData/]: defineId called for: class forge.net.mca.entity.ZombieVillagerEntityMCA from class forge.net.mca.util.network.datasync.CDataParameter
[08May2026 01:15:01.427] [Server thread/WARN] [net.minecraft.network.syncher.SynchedEntityData/]: defineId called for: class forge.net.mca.entity.ZombieVillagerEntityMCA from class forge.net.mca.util.network.datasync.CDataParameter
[08May2026 01:15:01.427] [Server thread/WARN] [net.minecraft.network.syncher.SynchedEntityData/]: defineId called for: class forge.net.mca.entity.ZombieVillagerEntityMCA from class forge.net.mca.util.network.datasync.CDataParameter
[08May2026 01:15:01.427] [Server thread/WARN] [net.minecraft.network.syncher.SynchedEntityData/]: defineId called for: class forge.net.mca.entity.ZombieVillagerEntityMCA from class forge.net.mca.util.network.datasync.CDataParameter
[08May2026 01:15:01.427] [Server thread/WARN] [net.minecraft.network.syncher.SynchedEntityData/]: defineId called for: class forge.net.mca.entity.ZombieVillagerEntityMCA from class forge.net.mca.util.network.datasync.CDataParameter
[08May2026 01:15:01.427] [Server thread/WARN] [net.minecraft.network.syncher.SynchedEntityData/]: defineId called for: class forge.net.mca.entity.ZombieVillagerEntityMCA from class forge.net.mca.util.network.datasync.CEnumParameter
[08May2026 01:15:01.428] [Server thread/WARN] [net.minecraft.network.syncher.SynchedEntityData/]: defineId called for: class forge.net.mca.entity.ZombieVillagerEntityMCA from class forge.net.mca.util.network.datasync.CDataParameter
[08May2026 01:15:01.428] [Server thread/WARN] [net.minecraft.network.syncher.SynchedEntityData/]: defineId called for: class forge.net.mca.entity.ZombieVillagerEntityMCA from class forge.net.mca.util.network.datasync.CDataParameter
[08May2026 01:15:01.428] [Server thread/WARN] [net.minecraft.network.syncher.SynchedEntityData/]: defineId called for: class forge.net.mca.entity.ZombieVillagerEntityMCA from class forge.net.mca.util.network.datasync.CDataParameter
[08May2026 01:15:01.428] [Server thread/WARN] [net.minecraft.network.syncher.SynchedEntityData/]: defineId called for: class forge.net.mca.entity.ZombieVillagerEntityMCA from class forge.net.mca.util.network.datasync.CDataParameter
[08May2026 01:15:01.428] [Server thread/WARN] [net.minecraft.network.syncher.SynchedEntityData/]: defineId called for: class forge.net.mca.entity.ZombieVillagerEntityMCA from class forge.net.mca.util.network.datasync.CDataParameter
[08May2026 01:15:01.429] [Server thread/WARN] [net.minecraft.network.syncher.SynchedEntityData/]: defineId called for: class forge.net.mca.entity.ZombieVillagerEntityMCA from class forge.net.mca.util.network.datasync.CDataParameter
[08May2026 01:15:01.429] [Server thread/WARN] [net.minecraft.network.syncher.SynchedEntityData/]: defineId called for: class forge.net.mca.entity.ZombieVillagerEntityMCA from class forge.net.mca.util.network.datasync.CDataParameter
[08May2026 01:15:01.429] [Server thread/WARN] [net.minecraft.network.syncher.SynchedEntityData/]: defineId called for: class forge.net.mca.entity.ZombieVillagerEntityMCA from class forge.net.mca.util.network.datasync.CDataParameter
[08May2026 01:15:01.429] [Server thread/WARN] [net.minecraft.network.syncher.SynchedEntityData/]: defineId called for: class forge.net.mca.entity.ZombieVillagerEntityMCA from class forge.net.mca.util.network.datasync.CDataParameter
[08May2026 01:15:01.429] [Server thread/WARN] [net.minecraft.network.syncher.SynchedEntityData/]: defineId called for: class forge.net.mca.entity.ZombieVillagerEntityMCA from class forge.net.mca.util.network.datasync.CDataParameter
[08May2026 01:15:01.430] [Server thread/WARN] [net.minecraft.network.syncher.SynchedEntityData/]: defineId called for: class forge.net.mca.entity.ZombieVillagerEntityMCA from class forge.net.mca.util.network.datasync.CDataParameter
[08May2026 01:15:01.430] [Server thread/WARN] [net.minecraft.network.syncher.SynchedEntityData/]: defineId called for: class forge.net.mca.entity.ZombieVillagerEntityMCA from class forge.net.mca.util.network.datasync.CEnumParameter
[08May2026 01:15:01.430] [Server thread/WARN] [net.minecraft.network.syncher.SynchedEntityData/]: defineId called for: class forge.net.mca.entity.ZombieVillagerEntityMCA from class forge.net.mca.util.network.datasync.CDataParameter
[08May2026 01:15:01.430] [Server thread/WARN] [net.minecraft.network.syncher.SynchedEntityData/]: defineId called for: class forge.net.mca.entity.ZombieVillagerEntityMCA from class forge.net.mca.util.network.datasync.CDataParameter
[08May2026 01:15:01.430] [Server thread/WARN] [net.minecraft.network.syncher.SynchedEntityData/]: defineId called for: class forge.net.mca.entity.ZombieVillagerEntityMCA from class forge.net.mca.util.network.datasync.CEnumParameter
[08May2026 01:15:01.430] [Server thread/WARN] [net.minecraft.network.syncher.SynchedEntityData/]: defineId called for: class forge.net.mca.entity.ZombieVillagerEntityMCA from class forge.net.mca.util.network.datasync.CDataParameter
[08May2026 01:15:01.431] [Server thread/WARN] [net.minecraft.network.syncher.SynchedEntityData/]: defineId called for: class forge.net.mca.entity.ZombieVillagerEntityMCA from class forge.net.mca.util.network.datasync.CEnumParameter
[08May2026 01:15:01.431] [Server thread/WARN] [net.minecraft.network.syncher.SynchedEntityData/]: defineId called for: class forge.net.mca.entity.ZombieVillagerEntityMCA from class forge.net.mca.util.network.datasync.CEnumParameter
[08May2026 01:15:01.431] [Server thread/WARN] [net.minecraft.network.syncher.SynchedEntityData/]: defineId called for: class forge.net.mca.entity.ZombieVillagerEntityMCA from class forge.net.mca.util.network.datasync.CDataParameter
[08May2026 01:15:01.431] [Server thread/WARN] [net.minecraft.network.syncher.SynchedEntityData/]: defineId called for: class forge.net.mca.entity.ZombieVillagerEntityMCA from class forge.net.mca.util.network.datasync.CDataParameter
[08May2026 01:15:01.432] [Server thread/WARN] [net.minecraft.network.syncher.SynchedEntityData/]: defineId called for: class forge.net.mca.entity.ZombieVillagerEntityMCA from class forge.net.mca.util.network.datasync.CDataParameter
[08May2026 01:15:01.432] [Server thread/WARN] [net.minecraft.network.syncher.SynchedEntityData/]: defineId called for: class forge.net.mca.entity.ZombieVillagerEntityMCA from class forge.net.mca.util.network.datasync.CDataParameter
[08May2026 01:15:01.432] [Server thread/WARN] [net.minecraft.network.syncher.SynchedEntityData/]: defineId called for: class forge.net.mca.entity.ZombieVillagerEntityMCA from class forge.net.mca.util.network.datasync.CDataParameter
[08May2026 01:15:01.432] [Server thread/WARN] [net.minecraft.network.syncher.SynchedEntityData/]: defineId called for: class forge.net.mca.entity.ZombieVillagerEntityMCA from class forge.net.mca.util.network.datasync.CDataParameter
[08May2026 01:15:01.432] [Server thread/WARN] [net.minecraft.network.syncher.SynchedEntityData/]: defineId called for: class forge.net.mca.entity.ZombieVillagerEntityMCA from class forge.net.mca.util.network.datasync.CDataParameter
[08May2026 01:15:01.432] [Server thread/WARN] [net.minecraft.network.syncher.SynchedEntityData/]: defineId called for: class forge.net.mca.entity.ZombieVillagerEntityMCA from class forge.net.mca.util.network.datasync.CDataParameter
[08May2026 01:15:01.433] [Server thread/WARN] [net.minecraft.network.syncher.SynchedEntityData/]: defineId called for: class forge.net.mca.entity.ZombieVillagerEntityMCA from class forge.net.mca.util.network.datasync.CDataParameter
[08May2026 01:15:01.433] [Server thread/WARN] [net.minecraft.network.syncher.SynchedEntityData/]: defineId called for: class forge.net.mca.entity.ZombieVillagerEntityMCA from class forge.net.mca.util.network.datasync.CDataParameter
[08May2026 01:15:01.433] [Server thread/WARN] [net.minecraft.network.syncher.SynchedEntityData/]: defineId called for: class forge.net.mca.entity.ZombieVillagerEntityMCA from class forge.net.mca.util.network.datasync.CDataParameter
[08May2026 01:15:01.474] [Server thread/INFO] [net.minecraft.world.entity.boss.enderdragon.phases.EnderDragonPhaseManager/]: Dragon is now in phase Hover (#10) on the server
[08May2026 01:15:03.467] [Server thread/WARN] [com.structureessentials.StructureEssentials/]: Non-unique structure_set salt:0 potentially creating overlapping structures detected. Structure sets: [twilightforest:dark_tower, minecraft:mineshafts, twilightforest:final_castle, twilightforest:large_hollow_hill, twilightforest:mushroom_tower, twilightforest:hedge_maze, minecraft:buried_treasures, twilightforest:aurora_palace, twilightforest:lich_tower, twilightforest:labyrinth, twilightforest:naga_courtyard, twilightforest:yeti_cave, twilightforest:quest_grove, twilightforest:small_hollow_hill, witherstormmod:bowels, minecraft:strongholds, twilightforest:troll_cave, twilightforest:medium_hollow_hill, twilightforest:knight_stronghold, twilightforest:hydra_lair]
[08May2026 01:15:03.468] [Server thread/WARN] [com.structureessentials.StructureEssentials/]: Non-unique structure_set salt:14357621 potentially creating overlapping structures detected. Structure sets: [minecraft:ocean_ruins, phantasm:acidburnt_ruin]
[08May2026 01:15:03.468] [Server thread/WARN] [com.structureessentials.StructureEssentials/]: Non-unique structure_set salt:10387313 potentially creating overlapping structures detected. Structure sets: [minecraft:ocean_monuments, minecraft:end_cities, dungeoncrawl:dungeons]
[08May2026 01:15:03.468] [Server thread/WARN] [com.structureessentials.StructureEssentials/]: Non-unique structure_set salt:3 potentially creating overlapping structures detected. Structure sets: [alexscaves:cake_cave, alexscaves:ferrocave]
[08May2026 01:15:03.468] [Server thread/WARN] [com.structureessentials.StructureEssentials/]: Non-unique structure_set salt:783 potentially creating overlapping structures detected. Structure sets: [nova_structures:taverns, nova_structures:badlands_miner_outpost]
[08May2026 01:15:03.468] [Server thread/WARN] [com.structureessentials.StructureEssentials/]: Non-unique structure_set salt:169476080 potentially creating overlapping structures detected. Structure sets: [illagerinvasion:sorcerer_hut, irons_spellbooks:mangrove_hut]
[08May2026 01:15:03.469] [Server thread/WARN] [com.structureessentials.StructureEssentials/]: Non-unique structure_set salt:2 potentially creating overlapping structures detected. Structure sets: [alexscaves:ocean_trench, alexscaves:acid_pit]
[08May2026 01:15:03.469] [Server thread/WARN] [com.structureessentials.StructureEssentials/]: Non-unique structure_set salt:239021 potentially creating overlapping structures detected. Structure sets: [nova_structures:desert_ruins, nova_structures:jungle_ruins]
[08May2026 01:15:03.469] [Server thread/WARN] [com.structureessentials.StructureEssentials/]: Non-unique structure_set salt:784827271 potentially creating overlapping structures detected. Structure sets: [betterfortresses:fortress, betteroceanmonuments:ocean_monument]
[08May2026 01:15:03.469] [Server thread/WARN] [com.structureessentials.StructureEssentials/]: Non-unique structure_set salt:598017285 potentially creating overlapping structures detected. Structure sets: [graveyard:small_desert_graveyard_structure, graveyard:small_graveyard_structure]
[08May2026 01:15:03.469] [Server thread/WARN] [com.structureessentials.StructureEssentials/]: Non-unique structure_set salt:10387312 potentially creating overlapping structures detected. Structure sets: [minecraft:villages, nova_structures:villages_jungle, nova_structures:villages_swamp]
[08May2026 01:15:03.470] [Server thread/WARN] [com.structureessentials.StructureEssentials/]: Non-unique structure_set salt:4533232 potentially creating overlapping structures detected. Structure sets: [nova_structures:illager_camp, nova_structures:nether_camps]
[08May2026 01:15:03.475] [Server thread/INFO] [net.regions_unexplored.RegionsUnexploredMod/]: Loading dimension "minecraft:the_nether" with biome source: "blueprint:modded".
[08May2026 01:15:03.476] [Server thread/INFO] [net.minecraft.server.MinecraftServer/]: Preparing start region for dimension minecraft:overworld
[08May2026 01:15:04.424] [Server thread/INFO] [net.minecraft.server.level.progress.LoggerChunkProgressListener/]: Preparing spawn area: 0%
[08May2026 01:15:04.425] [Server thread/INFO] [net.minecraft.server.level.progress.LoggerChunkProgressListener/]: Preparing spawn area: 0%
[08May2026 01:15:04.477] [Server thread/INFO] [net.minecraft.server.level.progress.LoggerChunkProgressListener/]: Preparing spawn area: 0%
[08May2026 01:15:04.991] [Worker-Main-1/INFO] [net.minecraft.server.level.progress.LoggerChunkProgressListener/]: Preparing spawn area: 22%
[08May2026 01:15:05.485] [Worker-Main-1/INFO] [net.minecraft.server.level.progress.LoggerChunkProgressListener/]: Preparing spawn area: 29%
[08May2026 01:15:05.998] [Worker-Main-3/INFO] [net.minecraft.server.level.progress.LoggerChunkProgressListener/]: Preparing spawn area: 29%
[08May2026 01:15:06.477] [Worker-Main-1/INFO] [net.minecraft.server.level.progress.LoggerChunkProgressListener/]: Preparing spawn area: 29%
[08May2026 01:15:06.980] [Worker-Main-3/INFO] [net.minecraft.server.level.progress.LoggerChunkProgressListener/]: Preparing spawn area: 29%
[08May2026 01:15:08.298] [Worker-Main-3/INFO] [net.minecraft.server.level.progress.LoggerChunkProgressListener/]: Preparing spawn area: 29%
[08May2026 01:15:08.299] [Worker-Main-3/INFO] [net.minecraft.server.level.progress.LoggerChunkProgressListener/]: Preparing spawn area: 29%
[08May2026 01:15:08.684] [Worker-Main-2/INFO] [net.minecraft.server.level.progress.LoggerChunkProgressListener/]: Preparing spawn area: 29%
[08May2026 01:15:08.978] [Worker-Main-2/INFO] [net.minecraft.server.level.progress.LoggerChunkProgressListener/]: Preparing spawn area: 29%
[08May2026 01:15:09.622] [Worker-Main-3/INFO] [net.minecraft.server.level.progress.LoggerChunkProgressListener/]: Preparing spawn area: 29%
[08May2026 01:15:12.689] [Worker-Main-1/INFO] [net.minecraft.server.level.progress.LoggerChunkProgressListener/]: Preparing spawn area: 29%
[08May2026 01:15:12.693] [Worker-Main-2/INFO] [net.minecraft.server.level.progress.LoggerChunkProgressListener/]: Preparing spawn area: 29%
[08May2026 01:15:12.698] [Worker-Main-1/INFO] [net.minecraft.server.level.progress.LoggerChunkProgressListener/]: Preparing spawn area: 29%
[08May2026 01:15:12.704] [Worker-Main-3/INFO] [net.minecraft.server.level.progress.LoggerChunkProgressListener/]: Preparing spawn area: 29%
[08May2026 01:15:12.705] [Worker-Main-3/INFO] [net.minecraft.server.level.progress.LoggerChunkProgressListener/]: Preparing spawn area: 29%
[08May2026 01:15:12.709] [Worker-Main-3/INFO] [net.minecraft.server.level.progress.LoggerChunkProgressListener/]: Preparing spawn area: 29%
[08May2026 01:15:13.096] [Worker-Main-2/INFO] [net.minecraft.server.level.progress.LoggerChunkProgressListener/]: Preparing spawn area: 29%
[08May2026 01:15:13.538] [Worker-Main-2/INFO] [net.minecraft.server.level.progress.LoggerChunkProgressListener/]: Preparing spawn area: 29%
[08May2026 01:15:13.980] [Worker-Main-1/INFO] [net.minecraft.server.level.progress.LoggerChunkProgressListener/]: Preparing spawn area: 29%
[08May2026 01:15:14.482] [Worker-Main-2/INFO] [net.minecraft.server.level.progress.LoggerChunkProgressListener/]: Preparing spawn area: 29%
[08May2026 01:15:15.001] [Worker-Main-2/INFO] [net.minecraft.server.level.progress.LoggerChunkProgressListener/]: Preparing spawn area: 29%
[08May2026 01:15:15.614] [Worker-Main-2/INFO] [net.minecraft.server.level.progress.LoggerChunkProgressListener/]: Preparing spawn area: 29%
[08May2026 01:15:16.011] [Worker-Main-2/INFO] [net.minecraft.server.level.progress.LoggerChunkProgressListener/]: Preparing spawn area: 29%
[08May2026 01:15:16.533] [Worker-Main-3/INFO] [net.minecraft.server.level.progress.LoggerChunkProgressListener/]: Preparing spawn area: 29%
[08May2026 01:15:16.990] [Worker-Main-1/INFO] [net.minecraft.server.level.progress.LoggerChunkProgressListener/]: Preparing spawn area: 29%
[08May2026 01:15:17.485] [Worker-Main-3/INFO] [net.minecraft.server.level.progress.LoggerChunkProgressListener/]: Preparing spawn area: 29%
[08May2026 01:15:18.005] [Worker-Main-1/INFO] [net.minecraft.server.level.progress.LoggerChunkProgressListener/]: Preparing spawn area: 29%
[08May2026 01:15:18.486] [Worker-Main-3/INFO] [net.minecraft.server.level.progress.LoggerChunkProgressListener/]: Preparing spawn area: 29%
[08May2026 01:15:19.003] [Worker-Main-1/INFO] [net.minecraft.server.level.progress.LoggerChunkProgressListener/]: Preparing spawn area: 29%
[08May2026 01:15:19.512] [Worker-Main-2/INFO] [net.minecraft.server.level.progress.LoggerChunkProgressListener/]: Preparing spawn area: 29%
[08May2026 01:15:20.252] [Worker-Main-2/INFO] [net.minecraft.server.level.progress.LoggerChunkProgressListener/]: Preparing spawn area: 29%
[08May2026 01:15:20.579] [Netty Epoll Server IO #1/INFO] [mixin/]: Mixing server.MixinServerboundChatCommandPacket from mixins/common/nochatreports.mixins.json into net.minecraft.network.protocol.game.ServerboundChatCommandPacket
[08May2026 01:15:20.581] [Netty Epoll Server IO #1/INFO] [mixin/]: Mixing server.MixinServerboundChatPacket from mixins/common/nochatreports.mixins.json into net.minecraft.network.protocol.game.ServerboundChatPacket
[08May2026 01:15:20.584] [Netty Epoll Server IO #1/INFO] [mixin/]: Mixing server.MixinServerboundChatSessionUpdatePacket from mixins/common/nochatreports.mixins.json into net.minecraft.network.protocol.game.ServerboundChatSessionUpdatePacket
[08May2026 01:15:20.584] [Worker-Main-2/INFO] [net.minecraft.server.level.progress.LoggerChunkProgressListener/]: Preparing spawn area: 29%
[08May2026 01:15:20.680] [Netty Epoll Server IO #1/INFO] [net.minecraftforge.server.ServerLifecycleHooks/SERVERHOOKS]: Disconnecting Player (server is still starting): literal{Server is still starting! Please wait before reconnecting.}
[08May2026 01:15:20.990] [Worker-Main-2/INFO] [net.minecraft.server.level.progress.LoggerChunkProgressListener/]: Preparing spawn area: 29%
[08May2026 01:15:21.484] [Worker-Main-2/INFO] [net.minecraft.server.level.progress.LoggerChunkProgressListener/]: Preparing spawn area: 29%
[08May2026 01:15:21.985] [Worker-Main-2/INFO] [net.minecraft.server.level.progress.LoggerChunkProgressListener/]: Preparing spawn area: 29%
[08May2026 01:15:22.514] [Worker-Main-2/INFO] [net.minecraft.server.level.progress.LoggerChunkProgressListener/]: Preparing spawn area: 29%
[08May2026 01:15:23.000] [Worker-Main-3/INFO] [net.minecraft.server.level.progress.LoggerChunkProgressListener/]: Preparing spawn area: 30%
[08May2026 01:15:23.480] [Worker-Main-3/INFO] [net.minecraft.server.level.progress.LoggerChunkProgressListener/]: Preparing spawn area: 31%
[08May2026 01:15:23.992] [Worker-Main-3/INFO] [net.minecraft.server.level.progress.LoggerChunkProgressListener/]: Preparing spawn area: 31%
[08May2026 01:15:24.489] [Worker-Main-2/INFO] [net.minecraft.server.level.progress.LoggerChunkProgressListener/]: Preparing spawn area: 32%
[08May2026 01:15:25.136] [Worker-Main-3/INFO] [net.minecraft.server.level.progress.LoggerChunkProgressListener/]: Preparing spawn area: 33%
[08May2026 01:15:25.482] [Worker-Main-3/INFO] [net.minecraft.server.level.progress.LoggerChunkProgressListener/]: Preparing spawn area: 33%
[08May2026 01:15:26.008] [Worker-Main-3/INFO] [net.minecraft.server.level.progress.LoggerChunkProgressListener/]: Preparing spawn area: 33%
[08May2026 01:15:26.486] [Worker-Main-3/INFO] [net.minecraft.server.level.progress.LoggerChunkProgressListener/]: Preparing spawn area: 34%
[08May2026 01:15:26.982] [Worker-Main-3/INFO] [net.minecraft.server.level.progress.LoggerChunkProgressListener/]: Preparing spawn area: 36%
[08May2026 01:15:27.480] [Worker-Main-1/INFO] [net.minecraft.server.level.progress.LoggerChunkProgressListener/]: Preparing spawn area: 37%
[08May2026 01:15:27.986] [Worker-Main-2/INFO] [net.minecraft.server.level.progress.LoggerChunkProgressListener/]: Preparing spawn area: 38%
[08May2026 01:15:28.480] [Worker-Main-2/INFO] [net.minecraft.server.level.progress.LoggerChunkProgressListener/]: Preparing spawn area: 39%
[08May2026 01:15:29.186] [Worker-Main-2/INFO] [net.minecraft.server.level.progress.LoggerChunkProgressListener/]: Preparing spawn area: 40%
[08May2026 01:15:29.477] [Worker-Main-3/INFO] [net.minecraft.server.level.progress.LoggerChunkProgressListener/]: Preparing spawn area: 41%
[08May2026 01:15:29.995] [Worker-Main-2/INFO] [net.minecraft.server.level.progress.LoggerChunkProgressListener/]: Preparing spawn area: 42%
[08May2026 01:15:30.495] [Worker-Main-2/INFO] [net.minecraft.server.level.progress.LoggerChunkProgressListener/]: Preparing spawn area: 42%
[08May2026 01:15:31.017] [Worker-Main-1/INFO] [net.minecraft.server.level.progress.LoggerChunkProgressListener/]: Preparing spawn area: 42%
[08May2026 01:15:31.492] [Worker-Main-2/INFO] [net.minecraft.server.level.progress.LoggerChunkProgressListener/]: Preparing spawn area: 43%
[08May2026 01:15:32.032] [Worker-Main-1/INFO] [net.minecraft.server.level.progress.LoggerChunkProgressListener/]: Preparing spawn area: 44%
[08May2026 01:15:32.516] [Worker-Main-1/INFO] [net.minecraft.server.level.progress.LoggerChunkProgressListener/]: Preparing spawn area: 44%
[08May2026 01:15:32.978] [Worker-Main-1/INFO] [net.minecraft.server.level.progress.LoggerChunkProgressListener/]: Preparing spawn area: 46%
[08May2026 01:15:33.486] [Worker-Main-1/INFO] [net.minecraft.server.level.progress.LoggerChunkProgressListener/]: Preparing spawn area: 47%
[08May2026 01:15:34.268] [Worker-Main-2/INFO] [net.minecraft.server.level.progress.LoggerChunkProgressListener/]: Preparing spawn area: 48%
[08May2026 01:15:34.489] [Worker-Main-3/INFO] [net.minecraft.server.level.progress.LoggerChunkProgressListener/]: Preparing spawn area: 48%
[08May2026 01:15:34.987] [Worker-Main-2/INFO] [net.minecraft.server.level.progress.LoggerChunkProgressListener/]: Preparing spawn area: 49%
[08May2026 01:15:35.489] [Worker-Main-3/INFO] [net.minecraft.server.level.progress.LoggerChunkProgressListener/]: Preparing spawn area: 50%
[08May2026 01:15:35.978] [Worker-Main-1/INFO] [net.minecraft.server.level.progress.LoggerChunkProgressListener/]: Preparing spawn area: 51%
[08May2026 01:15:36.482] [Worker-Main-3/INFO] [net.minecraft.server.level.progress.LoggerChunkProgressListener/]: Preparing spawn area: 53%
[08May2026 01:15:37.109] [Worker-Main-2/INFO] [net.minecraft.server.level.progress.LoggerChunkProgressListener/]: Preparing spawn area: 54%
[08May2026 01:15:37.484] [Worker-Main-3/INFO] [net.minecraft.server.level.progress.LoggerChunkProgressListener/]: Preparing spawn area: 54%
[08May2026 01:15:38.136] [Worker-Main-2/INFO] [net.minecraft.server.level.progress.LoggerChunkProgressListener/]: Preparing spawn area: 54%
[08May2026 01:15:38.481] [Worker-Main-3/INFO] [net.minecraft.server.level.progress.LoggerChunkProgressListener/]: Preparing spawn area: 54%
[08May2026 01:15:39.003] [Worker-Main-2/INFO] [net.minecraft.server.level.progress.LoggerChunkProgressListener/]: Preparing spawn area: 56%
[08May2026 01:15:39.484] [Worker-Main-3/INFO] [net.minecraft.server.level.progress.LoggerChunkProgressListener/]: Preparing spawn area: 56%
[08May2026 01:15:40.005] [Worker-Main-2/INFO] [net.minecraft.server.level.progress.LoggerChunkProgressListener/]: Preparing spawn area: 58%
[08May2026 01:15:40.512] [Worker-Main-3/INFO] [net.minecraft.server.level.progress.LoggerChunkProgressListener/]: Preparing spawn area: 58%
[08May2026 01:15:40.980] [Worker-Main-3/INFO] [net.minecraft.server.level.progress.LoggerChunkProgressListener/]: Preparing spawn area: 60%
[08May2026 01:15:41.508] [Worker-Main-3/INFO] [net.minecraft.server.level.progress.LoggerChunkProgressListener/]: Preparing spawn area: 61%
[08May2026 01:15:41.989] [Worker-Main-3/INFO] [net.minecraft.server.level.progress.LoggerChunkProgressListener/]: Preparing spawn area: 62%
[08May2026 01:15:42.493] [Worker-Main-3/INFO] [net.minecraft.server.level.progress.LoggerChunkProgressListener/]: Preparing spawn area: 63%
[08May2026 01:15:42.991] [Worker-Main-3/INFO] [net.minecraft.server.level.progress.LoggerChunkProgressListener/]: Preparing spawn area: 64%
[08May2026 01:15:43.507] [Worker-Main-3/INFO] [net.minecraft.server.level.progress.LoggerChunkProgressListener/]: Preparing spawn area: 66%
[08May2026 01:15:43.990] [Worker-Main-1/INFO] [net.minecraft.server.level.progress.LoggerChunkProgressListener/]: Preparing spawn area: 68%
[08May2026 01:15:44.525] [Worker-Main-3/INFO] [net.minecraft.server.level.progress.LoggerChunkProgressListener/]: Preparing spawn area: 68%
[08May2026 01:15:44.977] [Worker-Main-2/INFO] [net.minecraft.server.level.progress.LoggerChunkProgressListener/]: Preparing spawn area: 68%
[08May2026 01:15:45.521] [Worker-Main-2/INFO] [net.minecraft.server.level.progress.LoggerChunkProgressListener/]: Preparing spawn area: 69%
[08May2026 01:15:45.989] [Worker-Main-1/INFO] [net.minecraft.server.level.progress.LoggerChunkProgressListener/]: Preparing spawn area: 70%
[08May2026 01:15:46.489] [Worker-Main-1/INFO] [net.minecraft.server.level.progress.LoggerChunkProgressListener/]: Preparing spawn area: 71%
[08May2026 01:15:46.984] [Worker-Main-3/INFO] [net.minecraft.server.level.progress.LoggerChunkProgressListener/]: Preparing spawn area: 73%
[08May2026 01:15:47.488] [Worker-Main-1/INFO] [net.minecraft.server.level.progress.LoggerChunkProgressListener/]: Preparing spawn area: 74%
[08May2026 01:15:47.983] [Worker-Main-1/INFO] [net.minecraft.server.level.progress.LoggerChunkProgressListener/]: Preparing spawn area: 76%
[08May2026 01:15:48.483] [Worker-Main-2/INFO] [net.minecraft.server.level.progress.LoggerChunkProgressListener/]: Preparing spawn area: 77%
[08May2026 01:15:48.988] [Worker-Main-2/INFO] [net.minecraft.server.level.progress.LoggerChunkProgressListener/]: Preparing spawn area: 79%
[08May2026 01:15:49.500] [Worker-Main-1/INFO] [net.minecraft.server.level.progress.LoggerChunkProgressListener/]: Preparing spawn area: 80%
[08May2026 01:15:49.999] [Worker-Main-3/INFO] [net.minecraft.server.level.progress.LoggerChunkProgressListener/]: Preparing spawn area: 82%
[08May2026 01:15:50.556] [Worker-Main-2/INFO] [net.minecraft.server.level.progress.LoggerChunkProgressListener/]: Preparing spawn area: 82%
[08May2026 01:15:50.979] [Worker-Main-3/INFO] [net.minecraft.server.level.progress.LoggerChunkProgressListener/]: Preparing spawn area: 83%
[08May2026 01:15:51.484] [Worker-Main-2/INFO] [net.minecraft.server.level.progress.LoggerChunkProgressListener/]: Preparing spawn area: 83%
[08May2026 01:15:51.989] [Worker-Main-2/INFO] [net.minecraft.server.level.progress.LoggerChunkProgressListener/]: Preparing spawn area: 85%
[08May2026 01:15:52.522] [Worker-Main-3/INFO] [net.minecraft.server.level.progress.LoggerChunkProgressListener/]: Preparing spawn area: 86%
[08May2026 01:15:52.996] [Worker-Main-1/INFO] [net.minecraft.server.level.progress.LoggerChunkProgressListener/]: Preparing spawn area: 87%
[08May2026 01:15:53.479] [Worker-Main-3/INFO] [net.minecraft.server.level.progress.LoggerChunkProgressListener/]: Preparing spawn area: 89%
[08May2026 01:15:53.983] [Worker-Main-3/INFO] [net.minecraft.server.level.progress.LoggerChunkProgressListener/]: Preparing spawn area: 91%
[08May2026 01:15:54.515] [Worker-Main-3/INFO] [net.minecraft.server.level.progress.LoggerChunkProgressListener/]: Preparing spawn area: 92%
[08May2026 01:15:54.982] [Worker-Main-1/INFO] [net.minecraft.server.level.progress.LoggerChunkProgressListener/]: Preparing spawn area: 93%
[08May2026 01:15:55.493] [Worker-Main-2/INFO] [net.minecraft.server.level.progress.LoggerChunkProgressListener/]: Preparing spawn area: 94%
[08May2026 01:15:55.982] [Worker-Main-1/INFO] [net.minecraft.server.level.progress.LoggerChunkProgressListener/]: Preparing spawn area: 96%
[08May2026 01:15:56.496] [Worker-Main-2/INFO] [net.minecraft.server.level.progress.LoggerChunkProgressListener/]: Preparing spawn area: 98%
[08May2026 01:15:56.969] [Server thread/INFO] [net.minecraft.server.level.progress.LoggerChunkProgressListener/]: Time elapsed: 53492 ms
[08May2026 01:15:56.970] [Server thread/INFO] [net.minecraft.server.dedicated.DedicatedServer/]: Done (60.940s)! For help, type "help"
[08May2026 01:15:57.321] [Server thread/INFO] [net.minecraftforge.server.permission.PermissionAPI/]: Successfully initialized permission handler forge:default_handler
[08May2026 01:15:57.382] [Server thread/INFO] [bountiful/]: Registering Bounty Board Jigsaw Piece for Village Type: plains
[08May2026 01:15:57.385] [Server thread/INFO] [bountiful/]: Registering Bounty Board Jigsaw Piece for Village Type: savanna
[08May2026 01:15:57.385] [Server thread/INFO] [bountiful/]: Registering Bounty Board Jigsaw Piece for Village Type: snowy
[08May2026 01:15:57.385] [Server thread/INFO] [bountiful/]: Registering Bounty Board Jigsaw Piece for Village Type: taiga
[08May2026 01:15:57.386] [Server thread/INFO] [bountiful/]: Registering Bounty Board Jigsaw Piece for Village Type: desert
[08May2026 01:15:57.443] [Server thread/INFO] [FTB Quests/]: Loading quests from /workspaces/effective-couscous/servidor_minecraft/config/ftbquests/quests
[08May2026 01:15:57.480] [Server thread/INFO] [FTB Quests/]: Loaded 1 chapter groups, 4 chapters, 76 quests, 0 reward tables
[08May2026 01:15:57.490] [Server thread/INFO] [com.cupboard.Cupboard/]: Loaded config for: betterfpsdist.json
[08May2026 01:15:57.490] [Server thread/INFO] [com.cupboard.Cupboard/]: Loaded config for: clickadv.json
[08May2026 01:15:57.491] [Server thread/INFO] [com.cupboard.Cupboard/]: Loaded config for: chunksending.json
[08May2026 01:15:57.491] [Server thread/INFO] [com.cupboard.Cupboard/]: Loaded config for: smoothchunk.json
[08May2026 01:15:57.499] [Server thread/INFO] [com.github.alexthe666.iceandfire.IceAndFire/]: {iceandfire:fire_dragon_roost=true, iceandfire:fire_lily=true, iceandfire:spawn_dragon_skeleton_fire=true, iceandfire:lightning_dragon_roost=true, iceandfire:spawn_dragon_skeleton_lightning=true, iceandfire:ice_dragon_roost=true, iceandfire:ice_dragon_cave=true, iceandfire:lightning_dragon_cave=true, iceandfire:cyclops_cave=true, iceandfire:spawn_wandering_cyclops=true, iceandfire:spawn_sea_serpent=true, iceandfire:frost_lily=true, iceandfire:hydra_cave=true, iceandfire:lightning_lily=true, iceandfire:pixie_village=true, iceandfire:myrmex_hive_jungle=true, iceandfire:myrmex_hive_desert=true, iceandfire:silver_ore=true, iceandfire:siren_island=true, iceandfire:spawn_dragon_skeleton_ice=true, iceandfire:spawn_stymphalian_bird=true, iceandfire:fire_dragon_cave=true, iceandfire:sapphire_ore=true, iceandfire:spawn_hippocampus=true, iceandfire:spawn_death_worm=true}
[08May2026 01:15:57.499] [Server thread/INFO] [com.github.alexthe666.iceandfire.IceAndFire/]: {TROLL_S=true, HIPPOGRYPH=true, AMPHITHERE=true, COCKATRICE=true, TROLL_M=true, DREAD_LICH=true, TROLL_F=true}
[08May2026 01:15:57.525] [Server thread/INFO] [AllTheLeaks/]: Method invalidateAll at mixin dev.uncandango.alltheleaks.mixin.core.main.FakeLevelManagerMixin cancelled due to not matching hash: Actual -2034214357, Expected: [-1241170928]
[08May2026 01:15:57.525] [Server thread/INFO] [AllTheLeaks/]: Mixin annotation @Lcom/llamalad7/mixinextras/injector/wrapoperation/WrapOperation;(at={@Lorg/spongepowered/asm/mixin/injection/At;(args={}, value="INVOKE", target="Ljava/util/Map;values()Ljava/util/Collection;")}, method={}, slice={}) at mixin dev.uncandango.alltheleaks.mixin.core.main.FakeLevelManagerMixin removed due to no methods available
[08May2026 01:15:57.525] [Server thread/WARN] [mixinsquared-annotation-adjuster/]: Modified mixin "dev.uncandango.alltheleaks.mixin.core.main.FakeLevelManagerMixin". Check debug logs for more information.
[08May2026 01:15:57.634] [Server thread/WARN] [net.minecraft.network.syncher.SynchedEntityData/]: defineId called for: class net.minecraft.world.entity.player.Player from class tschipp.carryon.common.carry.CarryOnDataManager
[08May2026 01:15:57.838] [Server thread/INFO] [com.yellowbrossproductions.illageandspillage.IllageAndSpillage/]: Removed entity.illageandspillage.boss_randomizer from Raids to prevent a post-mod-removal crash
[08May2026 01:15:57.838] [Server thread/INFO] [com.yellowbrossproductions.illageandspillage.IllageAndSpillage/]: Removed entity.illageandspillage.igniter from Raids to prevent a post-mod-removal crash
[08May2026 01:15:57.839] [Server thread/INFO] [com.yellowbrossproductions.illageandspillage.IllageAndSpillage/]: Removed entity.illageandspillage.engineer from Raids to prevent a post-mod-removal crash
[08May2026 01:15:57.839] [Server thread/INFO] [com.yellowbrossproductions.illageandspillage.IllageAndSpillage/]: Removed entity.illageandspillage.twittollager from Raids to prevent a post-mod-removal crash
[08May2026 01:15:57.839] [Server thread/INFO] [com.yellowbrossproductions.illageandspillage.IllageAndSpillage/]: Removed entity.illageandspillage.magispeller from Raids to prevent a post-mod-removal crash
[08May2026 01:15:57.839] [Server thread/INFO] [com.yellowbrossproductions.illageandspillage.IllageAndSpillage/]: Removed entity.illageandspillage.spiritcaller from Raids to prevent a post-mod-removal crash
[08May2026 01:15:57.840] [Server thread/INFO] [com.yellowbrossproductions.illageandspillage.IllageAndSpillage/]: Removed entity.illageandspillage.crocofang from Raids to prevent a post-mod-removal crash
[08May2026 01:15:57.843] [Server thread/INFO] [com.yellowbrossproductions.illageandspillage.IllageAndSpillage/]: Removed entity.illageandspillage.absorber from Raids to prevent a post-mod-removal crash
[08May2026 01:15:57.843] [Server thread/INFO] [com.yellowbrossproductions.illageandspillage.IllageAndSpillage/]: Removed entity.illageandspillage.preserver from Raids to prevent a post-mod-removal crash
[08May2026 01:15:57.844] [Server thread/INFO] [com.yellowbrossproductions.illageandspillage.IllageAndSpillage/]: Removed entity.illageandspillage.freakager from Raids to prevent a post-mod-removal crash
[08May2026 01:15:57.844] [Server thread/INFO] [com.yellowbrossproductions.illageandspillage.IllageAndSpillage/]: Removed entity.illageandspillage.old_freakager from Raids to prevent a post-mod-removal crash
[08May2026 01:15:57.844] [Server thread/INFO] [com.yellowbrossproductions.illageandspillage.IllageAndSpillage/]: Removed entity.illageandspillage.old_magispeller from Raids to prevent a post-mod-removal crash
[08May2026 01:15:57.875] [Server thread/INFO] [patchouli/]: Sending reload packet to clients
[08May2026 01:15:57.880] [Server thread/WARN] [ModernFix/]: Dedicated server took 152.384 seconds to load
[08May2026 01:16:00.897] [Server thread/WARN] [net.minecraft.server.MinecraftServer/]: Can't keep up! Is the server overloaded? Running 2963ms or 59 ticks behind
[08May2026 01:16:48.515] [Server thread/INFO] [net.minecraft.server.players.PlayerList/]: fabrizio832[/100.122.204.39:51727] logged in with entity id 2088 at (6.003319444714168, 82.0, 8.398317291206572)
[08May2026 01:16:50.163] [Server thread/WARN] [io.redspace.ironsspellbooks.IronsSpellbooks/]: Spell Configuration file "global_config.json", outside of namespaced directory, will be ignored!
[08May2026 01:16:50.167] [Server thread/INFO] [ModdingLegacy/blue_skies/]: Sending ToolHandleTypeManager to fabrizio832
[08May2026 01:16:50.169] [Server thread/INFO] [ModdingLegacy/blue_skies/]: Sending SnowcapOvenFreezingManager to fabrizio832
[08May2026 01:16:50.169] [Server thread/INFO] [ModdingLegacy/blue_skies/]: Sending HorizoniteForgeFuelManager to fabrizio832
[08May2026 01:16:50.170] [Server thread/INFO] [ModdingLegacy/blue_skies/]: Sending AlchemyRecipeManager to fabrizio832
[08May2026 01:16:50.174] [Server thread/INFO] [ModdingLegacy/blue_skies/]: Sending JournalEntryManager to fabrizio832
[08May2026 01:16:50.177] [Server thread/INFO] [ModdingLegacy/blue_skies/]: Sending JournalSectionManager to fabrizio832
[08May2026 01:16:50.177] [Server thread/INFO] [ModdingLegacy/blue_skies/]: Sending JournalRequirementManager to fabrizio832
[08May2026 01:16:50.231] [Server thread/INFO] [ModernFix/]: Using enhanced recipe sync for player fabrizio832
[08May2026 01:16:50.259] [Server thread/INFO] [net.minecraft.server.MinecraftServer/]: fabrizio832 joined the game
[08May2026 01:16:50.928] [Server thread/INFO] [Jade/]: Syncing config to fabrizio832 (3593562b-90d6-3798-bf0c-36ea34ab2117)
[08May2026 01:16:51.124] [Server thread/WARN] [net.minecraft.server.MinecraftServer/]: Can't keep up! Is the server overloaded? Running 2690ms or 53 ticks behind
[08May2026 01:16:57.441] [Worker-Main-3/ERROR] [net.minecraft.world.entity.decoration.HangingEntity/]: Hanging entity at invalid position: BlockPos{x=216, y=47, z=211}
[08May2026 01:17:04.212] [Server thread/INFO] [net.minecraft.server.players.PlayerList/]: yellowpoppop[/100.96.102.126:59125] logged in with entity id 2141 at (2.5306248632923856, 74.1875, 5.699999988079071)
[08May2026 01:17:04.217] [Server thread/INFO] [ModdingLegacy/blue_skies/]: Sending ToolHandleTypeManager to yellowpoppop
[08May2026 01:17:04.218] [Server thread/INFO] [ModdingLegacy/blue_skies/]: Sending SnowcapOvenFreezingManager to yellowpoppop
[08May2026 01:17:04.218] [Server thread/INFO] [ModdingLegacy/blue_skies/]: Sending HorizoniteForgeFuelManager to yellowpoppop
[08May2026 01:17:04.219] [Server thread/INFO] [ModdingLegacy/blue_skies/]: Sending AlchemyRecipeManager to yellowpoppop
[08May2026 01:17:04.221] [Server thread/INFO] [ModdingLegacy/blue_skies/]: Sending JournalEntryManager to yellowpoppop
[08May2026 01:17:04.224] [Server thread/INFO] [ModdingLegacy/blue_skies/]: Sending JournalSectionManager to yellowpoppop
[08May2026 01:17:04.224] [Server thread/INFO] [ModdingLegacy/blue_skies/]: Sending JournalRequirementManager to yellowpoppop
[08May2026 01:17:04.255] [Server thread/INFO] [ModernFix/]: Using enhanced recipe sync for player yellowpoppop
[08May2026 01:17:04.260] [Server thread/INFO] [net.minecraft.server.MinecraftServer/]: yellowpoppop joined the game
[08May2026 01:17:04.480] [Server thread/INFO] [Jade/]: Syncing config to yellowpoppop (bb89c7d8-bd87-30f2-95a9-bb893e8ea4d4)
[08May2026 01:18:34.306] [Server thread/INFO] [net.minecraft.server.MinecraftServer/]: fabrizio832 has made the advancement [Spooky Scary Skeleton]
[08May2026 01:18:39.707] [Server thread/INFO] [net.minecraft.server.MinecraftServer/]: yellowpoppop has made the advancement [Spooky Scary Skeleton]
[08May2026 01:20:28.848] [Server thread/INFO] [net.minecraft.server.MinecraftServer/]: fabrizio832 has made the advancement [Dungeon Now Loading]
[08May2026 01:20:35.152] [Server thread/WARN] [net.minecraft.world.level.chunk.LevelChunk/]: Tried to load a DUMMY block entity @ BlockPos{x=-218, y=49, z=55} but found not block entity block Block{minecraft:air} at location
[08May2026 01:20:35.152] [Server thread/WARN] [net.minecraft.world.level.chunk.LevelChunk/]: Tried to load a block entity for block Block{minecraft:air} but failed at location BlockPos{x=-218, y=49, z=55}
[08May2026 01:20:56.912] [Server thread/INFO] [net.minecraft.server.MinecraftServer/]: fabrizio832 has made the advancement [Stone Age]
[08May2026 01:22:23.203] [Server thread/INFO] [net.minecraft.server.MinecraftServer/]: yellowpoppop has made the advancement [Dungeon Now Loading]
[08May2026 01:23:21.903] [Server thread/INFO] [net.minecraft.server.MinecraftServer/]: yellowpoppop has made the advancement [Stone Age]
[08May2026 01:23:28.150] [Server thread/INFO] [net.minecraft.server.MinecraftServer/]: fabrizio832 has made the advancement [Getting an Upgrade]
[08May2026 01:25:51.256] [Server thread/INFO] [net.minecraft.server.MinecraftServer/]: yellowpoppop has made the advancement [Getting an Upgrade]
[08May2026 01:26:03.858] [Server thread/INFO] [AllTheLeaks/]: Listing events...
[08May2026 01:26:03.858] [Server thread/INFO] [AllTheLeaks/]: Listing memory leaks so far...
[08May2026 01:26:03.860] [Server thread/INFO] [AllTheLeaks/]: Waiting to stabilize [6/10]
[08May2026 01:26:03.860] [Server thread/INFO] [AllTheLeaks/]: No memory leak detected!
[08May2026 01:26:35.333] [Server thread/INFO] [net.minecraft.server.MinecraftServer/]: fabrizio832 has made the advancement [Chompy]
[08May2026 01:26:49.216] [Server thread/INFO] [net.minecraft.server.MinecraftServer/]: yellowpoppop has made the advancement [Chompy]
[08May2026 01:28:09.752] [Worker-Main-1/WARN] [net.minecraft.server.level.WorldGenRegion/]: Tried to access a block entity before it was created. BlockPos{x=4, y=0, z=-337}
[08May2026 01:28:15.158] [Worker-Main-3/WARN] [net.minecraft.server.level.WorldGenRegion/]: Tried to access a block entity before it was created. BlockPos{x=0, y=-30, z=-363}
[08May2026 01:28:17.924] [Server thread/WARN] [tombstone/]: The death event of the player fabrizio832 was canceled by another mod
[08May2026 01:28:18.024] [Server thread/INFO] [tombstone/]: The player fabrizio832 has successfully been saved
[08May2026 01:29:15.366] [Server thread/INFO] [net.minecraft.server.MinecraftServer/]: fabrizio832 has made the advancement [Monster Hunter]
[08May2026 01:29:19.062] [Server thread/INFO] [net.minecraft.server.MinecraftServer/]: yellowpoppop has made the advancement [Gravedigger]
[08May2026 01:29:24.034] [Server thread/INFO] [net.minecraft.server.MinecraftServer/]: fabrizio832 has made the advancement [A Strange Grave Dust]
[08May2026 01:30:02.560] [Server thread/WARN] [tombstone/]: The death event of the player yellowpoppop was canceled by another mod
[08May2026 01:30:02.611] [Server thread/INFO] [tombstone/]: The player yellowpoppop has successfully been saved
[08May2026 01:30:26.213] [Server thread/WARN] [tombstone/]: The death event of the player yellowpoppop was canceled by another mod
[08May2026 01:30:26.268] [Server thread/INFO] [tombstone/]: The player yellowpoppop has successfully been saved
[08May2026 01:30:33.653] [Server thread/INFO] [net.minecraft.server.MinecraftServer/]: fabrizio832 has made the advancement [Not Today, Thank You]
[08May2026 01:33:03.668] [Server thread/INFO] [net.minecraft.server.MinecraftServer/]: yellowpoppop has made the advancement [Monster Hunter]
[08May2026 01:33:08.951] [Server thread/INFO] [net.minecraft.server.MinecraftServer/]: fabrizio832 has made the advancement [Gravedigger]
[08May2026 01:33:15.957] [Server thread/WARN] [tombstone/]: The death event of the player fabrizio832 was canceled by another mod
[08May2026 01:33:16.013] [Server thread/INFO] [tombstone/]: The player fabrizio832 has successfully been saved
[08May2026 01:34:04.668] [Server thread/WARN] [tombstone/]: The death event of the player yellowpoppop was canceled by another mod
[08May2026 01:34:04.723] [Server thread/INFO] [tombstone/]: The player yellowpoppop has successfully been saved
[08May2026 01:34:48.411] [Server thread/WARN] [tombstone/]: The death event of the player fabrizio832 was canceled by another mod
[08May2026 01:34:48.432] [Server thread/INFO] [tombstone/]: The player fabrizio832 has successfully been saved
[08May2026 01:35:07.985] [Server thread/INFO] [net.minecraft.server.MinecraftServer/]: fabrizio832 was slain by Spider
[08May2026 01:35:08.010] [Server thread/INFO] [net.minecraft.server.MinecraftServer/]: fabrizio832 has made the advancement [Your First Grave]
[08May2026 01:35:30.709] [Server thread/WARN] [tombstone/]: The death event of the player yellowpoppop was canceled by another mod
[08May2026 01:35:30.768] [Server thread/INFO] [tombstone/]: The player yellowpoppop has successfully been saved
[08May2026 01:36:03.907] [Server thread/INFO] [AllTheLeaks/]: Listing events...
[08May2026 01:36:03.907] [Server thread/INFO] [AllTheLeaks/]: Server Player Clone: 1
[08May2026 01:36:03.907] [Server thread/INFO] [AllTheLeaks/]: Listing memory leaks so far...
[08May2026 01:36:03.907] [Server thread/INFO] [AllTheLeaks/]: Waiting to stabilize [6/10]
[08May2026 01:36:03.907] [Server thread/INFO] [AllTheLeaks/]: Memory Leaks detected: (/atl force_refresh to update)
[08May2026 01:36:03.907] [Server thread/INFO] [AllTheLeaks/]: | Player:
[08May2026 01:36:03.908] [Server thread/INFO] [AllTheLeaks/]: |- ServerPlayer (minecraft): 1
[08May2026 01:36:24.867] [Server thread/INFO] [net.minecraft.server.MinecraftServer/]: fabrizio832 has made the advancement [Knowledge of Death]
[08May2026 01:36:24.873] [Server thread/INFO] [net.minecraft.server.MinecraftServer/]: fabrizio832 has reached the goal [Here They Come]
[08May2026 01:36:44.083] [Server thread/INFO] [net.minecraft.server.MinecraftServer/]: fabrizio832 has made the advancement [Ashes 'n Bones]
[08May2026 01:36:55.010] [Server thread/WARN] [tombstone/]: The death event of the player yellowpoppop was canceled by another mod
[08May2026 01:36:55.033] [Server thread/INFO] [tombstone/]: The player yellowpoppop has successfully been saved
[08May2026 01:38:00.667] [Worker-Main-2/ERROR] [net.minecraft.world.entity.decoration.HangingEntity/]: Hanging entity at invalid position: BlockPos{x=202, y=47, z=211}
[08May2026 01:42:43.919] [Server thread/INFO] [net.minecraft.server.MinecraftServer/]: <fabrizio832> XD
[08May2026 01:42:46.610] [Server thread/INFO] [net.minecraft.server.MinecraftServer/]: <fabrizio832> que paso
[08May2026 01:45:41.905] [Server thread/INFO] [net.minecraft.server.MinecraftServer/]: yellowpoppop has made the advancement [Crops of the Wild]
[08May2026 01:46:03.892] [Server thread/INFO] [AllTheLeaks/]: Listing events...
[08May2026 01:46:03.892] [Server thread/INFO] [AllTheLeaks/]: Server Player Clone: 1
[08May2026 01:46:03.892] [Server thread/INFO] [AllTheLeaks/]: Listing memory leaks so far...
[08May2026 01:46:03.893] [Server thread/INFO] [AllTheLeaks/]: Waiting to stabilize [2/10]
[08May2026 01:46:03.893] [Server thread/INFO] [AllTheLeaks/]: Memory Leaks detected: (/atl force_refresh to update)
[08May2026 01:46:03.893] [Server thread/INFO] [AllTheLeaks/]: | Player:
[08May2026 01:46:03.893] [Server thread/INFO] [AllTheLeaks/]: |- ServerPlayer (minecraft): 1
[08May2026 01:46:03.893] [Server thread/INFO] [AllTheLeaks/]: | ChunkAccess:
[08May2026 01:46:03.894] [Server thread/INFO] [AllTheLeaks/]: |- LevelChunk (minecraft): 5
[08May2026 01:56:03.911] [Server thread/INFO] [AllTheLeaks/]: Listing events...
[08May2026 01:56:03.958] [Server thread/INFO] [AllTheLeaks/]: Server Player Clone: 1
[08May2026 01:56:03.958] [Server thread/INFO] [AllTheLeaks/]: Listing memory leaks so far...
[08May2026 01:56:03.958] [Server thread/INFO] [AllTheLeaks/]: Waiting to stabilize [7/10]
[08May2026 01:56:03.958] [Server thread/INFO] [AllTheLeaks/]: Memory Leaks detected: (/atl force_refresh to update)
[08May2026 01:56:03.958] [Server thread/INFO] [AllTheLeaks/]: | Player:
[08May2026 01:56:03.958] [Server thread/INFO] [AllTheLeaks/]: |- ServerPlayer (minecraft): 1
[08May2026 01:56:03.959] [Server thread/INFO] [AllTheLeaks/]: | ChunkAccess:
[08May2026 01:56:03.959] [Server thread/INFO] [AllTheLeaks/]: |- LevelChunk (minecraft): 1
[08May2026 01:59:25.509] [Server thread/INFO] [net.minecraft.server.MinecraftServer/]: fabrizio832 has made the advancement [Hammer Time!]
[08May2026 02:00:04.661] [Server thread/INFO] [net.minecraft.server.MinecraftServer/]: yellowpoppop has made the advancement [Suit Up]
[08May2026 02:01:10.917] [Server thread/INFO] [net.minecraft.server.MinecraftServer/]: fabrizio832 has made the advancement [Suit Up]
[08May2026 02:01:17.964] [Server thread/INFO] [net.minecraft.server.MinecraftServer/]: fabrizio832 has made the advancement [Acquire Hardware]
[08May2026 02:02:42.696] [Server thread/INFO] [net.minecraft.server.MinecraftServer/]: yellowpoppop has made the advancement [A Strange Grave Dust]
[08May2026 02:04:10.116] [Worker-Main-1/WARN] [net.minecraft.server.level.WorldGenRegion/]: Tried to access a block entity before it was created. BlockPos{x=199, y=23, z=-441}
[08May2026 02:04:21.563] [Server thread/INFO] [net.minecraft.server.MinecraftServer/]: yellowpoppop has made the advancement [Acquire Hardware]
[08May2026 02:06:04.010] [Server thread/INFO] [AllTheLeaks/]: Listing events...
[08May2026 02:06:04.010] [Server thread/INFO] [AllTheLeaks/]: Server Player Clone: 1
[08May2026 02:06:04.010] [Server thread/INFO] [AllTheLeaks/]: Listing memory leaks so far...
[08May2026 02:06:04.010] [Server thread/INFO] [AllTheLeaks/]: Waiting to stabilize [0/10]
[08May2026 02:06:04.010] [Server thread/INFO] [AllTheLeaks/]: Memory Leaks detected: (/atl force_refresh to update)
[08May2026 02:06:04.010] [Server thread/INFO] [AllTheLeaks/]: | Player:
[08May2026 02:06:04.010] [Server thread/INFO] [AllTheLeaks/]: |- ServerPlayer (minecraft): 1
[08May2026 02:07:07.964] [Server thread/INFO] [net.minecraft.server.MinecraftServer/]: yellowpoppop has made the advancement [Knowledge of Death]
[08May2026 02:07:07.971] [Server thread/INFO] [net.minecraft.server.MinecraftServer/]: yellowpoppop has made the advancement [Ambush]
[08May2026 02:07:20.728] [Server thread/WARN] [tombstone/]: The death event of the player yellowpoppop was canceled by another mod
[08May2026 02:07:20.771] [Server thread/INFO] [tombstone/]: The player yellowpoppop has successfully been saved
[08May2026 02:08:19.826] [Server thread/INFO] [net.minecraft.server.MinecraftServer/]: Teleported fabrizio832 to yellowpoppop
[08May2026 02:08:20.660] [Server thread/INFO] [net.minecraft.server.MinecraftServer/]: yellowpoppop was killed by Witch using magic
[08May2026 02:08:20.670] [Server thread/INFO] [net.minecraft.server.MinecraftServer/]: yellowpoppop has made the advancement [Your First Grave]
[08May2026 02:08:42.827] [Server thread/INFO] [net.minecraft.server.MinecraftServer/]: yellowpoppop has made the advancement [Knowledge raises the soul]
[08May2026 02:08:51.385] [Server thread/INFO] [net.minecraft.server.MinecraftServer/]: Teleported yellowpoppop to fabrizio832
[08May2026 02:09:56.863] [Server thread/WARN] [tombstone/]: The death event of the player fabrizio832 was canceled by another mod
[08May2026 02:09:56.912] [Server thread/INFO] [tombstone/]: The player fabrizio832 has successfully been saved
[08May2026 02:10:13.019] [Server thread/WARN] [tombstone/]: The death event of the player yellowpoppop was canceled by another mod
[08May2026 02:10:13.061] [Server thread/INFO] [tombstone/]: The player yellowpoppop has successfully been saved
[08May2026 02:10:21.226] [Server thread/INFO] [net.minecraft.server.MinecraftServer/]: fabrizio832 was killed by Witch using magic
[08May2026 02:10:39.167] [Server thread/INFO] [net.minecraft.server.MinecraftServer/]: No entity was found
[08May2026 02:11:03.503] [Server thread/INFO] [net.minecraft.server.MinecraftServer/]: Teleported fabrizio832 to yellowpoppop
[08May2026 02:11:19.764] [Server thread/WARN] [tombstone/]: The death event of the player yellowpoppop was canceled by another mod
[08May2026 02:11:19.783] [Server thread/INFO] [tombstone/]: The player yellowpoppop has successfully been saved
[08May2026 02:11:28.217] [Server thread/INFO] [net.minecraft.server.MinecraftServer/]: fabrizio832 has made the advancement [Ambush]
[08May2026 02:13:28.417] [Server thread/WARN] [tombstone/]: The death event of the player fabrizio832 was canceled by another mod
[08May2026 02:13:28.476] [Server thread/INFO] [tombstone/]: The player fabrizio832 has successfully been saved
[08May2026 02:14:19.716] [Server thread/WARN] [tombstone/]: The death event of the player fabrizio832 was canceled by another mod
[08May2026 02:14:19.760] [Server thread/INFO] [tombstone/]: The player fabrizio832 has successfully been saved
[08May2026 02:14:50.478] [Server thread/INFO] [net.minecraft.server.MinecraftServer/]: fabrizio832 has reached the goal [Fortuitous Militia]
[08May2026 02:15:14.472] [Server thread/WARN] [tombstone/]: The death event of the player fabrizio832 was canceled by another mod
[08May2026 02:15:14.513] [Server thread/INFO] [tombstone/]: The player fabrizio832 has successfully been saved
[08May2026 02:15:39.032] [Server thread/WARN] [tombstone/]: The death event of the player fabrizio832 was canceled by another mod
[08May2026 02:15:39.073] [Server thread/INFO] [tombstone/]: The player fabrizio832 has successfully been saved
[08May2026 02:16:03.954] [Server thread/INFO] [AllTheLeaks/]: Listing events...
[08May2026 02:16:03.954] [Server thread/INFO] [AllTheLeaks/]: Server Player Clone: 3
[08May2026 02:16:03.954] [Server thread/INFO] [AllTheLeaks/]: Listing memory leaks so far...
[08May2026 02:16:03.955] [Server thread/INFO] [AllTheLeaks/]: Waiting to stabilize [8/10]
[08May2026 02:16:03.955] [Server thread/INFO] [AllTheLeaks/]: Memory Leaks detected: (/atl force_refresh to update)
[08May2026 02:16:03.955] [Server thread/INFO] [AllTheLeaks/]: | Player:
[08May2026 02:16:03.955] [Server thread/INFO] [AllTheLeaks/]: |- ServerPlayer (minecraft): 3
[08May2026 02:16:32.515] [Server thread/WARN] [tombstone/]: The death event of the player fabrizio832 was canceled by another mod
[08May2026 02:16:32.556] [Server thread/INFO] [tombstone/]: The player fabrizio832 has successfully been saved
[08May2026 02:17:15.019] [Server thread/WARN] [tombstone/]: The death event of the player fabrizio832 was canceled by another mod
[08May2026 02:17:15.059] [Server thread/INFO] [tombstone/]: The player fabrizio832 has successfully been saved
[08May2026 02:18:42.387] [Server thread/WARN] [tombstone/]: The death event of the player yellowpoppop was canceled by another mod
[08May2026 02:18:42.472] [Server thread/INFO] [tombstone/]: The player yellowpoppop has successfully been saved
[08May2026 02:19:41.470] [Server thread/WARN] [tombstone/]: The death event of the player yellowpoppop was canceled by another mod
[08May2026 02:19:41.515] [Server thread/INFO] [tombstone/]: The player yellowpoppop has successfully been saved
[08May2026 02:21:44.316] [Server thread/WARN] [tombstone/]: The death event of the player fabrizio832 was canceled by another mod
[08May2026 02:21:44.355] [Server thread/INFO] [tombstone/]: The player fabrizio832 has successfully been saved
[08May2026 02:21:54.409] [Server thread/WARN] [tombstone/]: The death event of the player yellowpoppop was canceled by another mod
[08May2026 02:21:54.427] [Server thread/INFO] [tombstone/]: The player yellowpoppop has successfully been saved
[08May2026 02:22:01.263] [Server thread/WARN] [tombstone/]: The death event of the player fabrizio832 was canceled by another mod
[08May2026 02:22:01.312] [Server thread/INFO] [tombstone/]: The player fabrizio832 has successfully been saved
[08May2026 02:22:16.633] [Server thread/INFO] [net.minecraft.server.MinecraftServer/]: fabrizio832 was killed by Witch using magic
[08May2026 02:22:36.069] [Server thread/INFO] [net.minecraft.server.MinecraftServer/]: Teleported fabrizio832 to yellowpoppop
[08May2026 02:23:12.864] [Server thread/WARN] [tombstone/]: The death event of the player yellowpoppop was canceled by another mod
[08May2026 02:23:12.918] [Server thread/INFO] [tombstone/]: The player yellowpoppop has successfully been saved
[08May2026 02:23:20.573] [Server thread/WARN] [tombstone/]: The death event of the player fabrizio832 was canceled by another mod
[08May2026 02:23:20.646] [Server thread/INFO] [tombstone/]: The player fabrizio832 has successfully been saved
[08May2026 02:23:29.158] [Server thread/INFO] [net.minecraft.server.MinecraftServer/]: fabrizio832 was killed by Witch using magic
[08May2026 02:23:55.234] [Server thread/INFO] [net.minecraft.server.MinecraftServer/]: Teleported fabrizio832 to yellowpoppop
[08May2026 02:24:08.064] [Server thread/WARN] [tombstone/]: The death event of the player yellowpoppop was canceled by another mod
[08May2026 02:24:08.083] [Server thread/INFO] [tombstone/]: The player yellowpoppop has successfully been saved
[08May2026 02:24:52.019] [Server thread/WARN] [tombstone/]: The death event of the player fabrizio832 was canceled by another mod
[08May2026 02:24:52.062] [Server thread/INFO] [tombstone/]: The player fabrizio832 has successfully been saved
[08May2026 02:24:59.020] [Server thread/INFO] [net.minecraft.server.MinecraftServer/]: fabrizio832 was killed by Witch using magic
[08May2026 02:25:17.834] [Server thread/INFO] [net.minecraft.server.MinecraftServer/]: Teleported fabrizio832 to yellowpoppop
[08May2026 02:26:03.164] [Server thread/WARN] [tombstone/]: The death event of the player fabrizio832 was canceled by another mod
[08May2026 02:26:03.217] [Server thread/INFO] [tombstone/]: The player fabrizio832 has successfully been saved
[08May2026 02:26:04.082] [Server thread/INFO] [AllTheLeaks/]: Listing events...
[08May2026 02:26:04.083] [Server thread/INFO] [AllTheLeaks/]: Server Player Clone: 6
[08May2026 02:26:04.083] [Server thread/INFO] [AllTheLeaks/]: Listing memory leaks so far...
[08May2026 02:26:04.086] [Server thread/INFO] [AllTheLeaks/]: B: 2621MB / C: 2621MB / Diff: +0MB
[08May2026 02:26:04.086] [Server thread/INFO] [AllTheLeaks/]: Memory Leaks detected: (/atl force_refresh to update)
[08May2026 02:26:04.086] [Server thread/INFO] [AllTheLeaks/]: | Player:
[08May2026 02:26:04.086] [Server thread/INFO] [AllTheLeaks/]: |- ServerPlayer (minecraft): 6
[08May2026 02:26:14.259] [Server thread/INFO] [net.minecraft.server.MinecraftServer/]: fabrizio832 was killed by Witch using magic
[08May2026 02:26:21.331] [Server thread/INFO] [net.minecraft.server.MinecraftServer/]: Teleported fabrizio832 to yellowpoppop
[08May2026 02:27:12.485] [Server thread/WARN] [tombstone/]: The death event of the player yellowpoppop was canceled by another mod
[08May2026 02:27:12.525] [Server thread/INFO] [tombstone/]: The player yellowpoppop has successfully been saved
[08May2026 02:29:20.762] [Server thread/WARN] [tombstone/]: The death event of the player fabrizio832 was canceled by another mod
[08May2026 02:29:20.781] [Server thread/INFO] [tombstone/]: The player fabrizio832 has successfully been saved
[08May2026 02:29:43.478] [Server thread/WARN] [tombstone/]: The death event of the player fabrizio832 was canceled by another mod
[08May2026 02:29:43.514] [Server thread/INFO] [tombstone/]: The player fabrizio832 has successfully been saved
[08May2026 02:30:27.616] [Server thread/WARN] [tombstone/]: The death event of the player fabrizio832 was canceled by another mod
[08May2026 02:30:27.656] [Server thread/INFO] [tombstone/]: The player fabrizio832 has successfully been saved
[08May2026 02:30:52.313] [Server thread/WARN] [tombstone/]: The death event of the player fabrizio832 was canceled by another mod
[08May2026 02:30:52.334] [Server thread/INFO] [tombstone/]: The player fabrizio832 has successfully been saved
[08May2026 02:31:10.475] [Server thread/WARN] [tombstone/]: The death event of the player fabrizio832 was canceled by another mod
[08May2026 02:31:10.514] [Server thread/INFO] [tombstone/]: The player fabrizio832 has successfully been saved
[08May2026 02:31:19.713] [Server thread/WARN] [tombstone/]: The death event of the player yellowpoppop was canceled by another mod
[08May2026 02:31:19.731] [Server thread/INFO] [tombstone/]: The player yellowpoppop has successfully been saved
[08May2026 02:31:26.572] [Server thread/INFO] [net.minecraft.server.MinecraftServer/]: fabrizio832 was killed by Witch using magic
[08May2026 02:31:42.634] [Server thread/INFO] [net.minecraft.server.MinecraftServer/]: Teleported fabrizio832 to yellowpoppop
[08May2026 02:31:54.721] [Server thread/WARN] [tombstone/]: The death event of the player yellowpoppop was canceled by another mod
[08May2026 02:31:54.759] [Server thread/INFO] [tombstone/]: The player yellowpoppop has successfully been saved
[08May2026 02:32:25.554] [Server thread/INFO] [net.minecraft.server.MinecraftServer/]: <fabrizio832> perame un moment
[08May2026 02:32:49.220] [Server thread/WARN] [tombstone/]: The death event of the player yellowpoppop was canceled by another mod
[08May2026 02:32:49.263] [Server thread/INFO] [tombstone/]: The player yellowpoppop has successfully been saved
[08May2026 02:34:26.868] [Server thread/INFO] [net.minecraft.server.MinecraftServer/]: yellowpoppop has reached the goal [Die Classy]
[08May2026 02:36:04.149] [Server thread/INFO] [AllTheLeaks/]: Listing events...
[08May2026 02:36:04.150] [Server thread/INFO] [AllTheLeaks/]: Server Player Clone: 8
[08May2026 02:36:04.150] [Server thread/INFO] [AllTheLeaks/]: Listing memory leaks so far...
[08May2026 02:36:04.150] [Server thread/INFO] [AllTheLeaks/]: B: 2621MB / C: 2625MB / Diff: +4MB
[08May2026 02:36:04.150] [Server thread/INFO] [AllTheLeaks/]: Memory Leaks detected: (/atl force_refresh to update)
[08May2026 02:36:04.150] [Server thread/INFO] [AllTheLeaks/]: | Player:
[08May2026 02:36:04.150] [Server thread/INFO] [AllTheLeaks/]: |- ServerPlayer (minecraft): 6
[08May2026 02:38:18.812] [Server thread/INFO] [net.minecraft.server.MinecraftServer/]: <fabrizio832> voa a comprar dame 5
[08May2026 02:40:37.659] [Server thread/INFO] [net.minecraft.server.network.ServerGamePacketListenerImpl/]: yellowpoppop lost connection: Disconnected
[08May2026 02:40:37.659] [Server thread/INFO] [net.minecraft.server.MinecraftServer/]: yellowpoppop left the game
[08May2026 02:46:03.979] [Server thread/INFO] [AllTheLeaks/]: Listing events...
[08May2026 02:46:03.979] [Server thread/INFO] [AllTheLeaks/]: Server Player Clone: 8
[08May2026 02:46:03.979] [Server thread/INFO] [AllTheLeaks/]: Server Player Logout: 1
[08May2026 02:46:03.979] [Server thread/INFO] [AllTheLeaks/]: Listing memory leaks so far...
[08May2026 02:46:03.979] [Server thread/INFO] [AllTheLeaks/]: B: 2613MB / C: 2613MB / Diff: +0MB
[08May2026 02:46:03.979] [Server thread/INFO] [AllTheLeaks/]: Memory Leaks detected: (/atl force_refresh to update)
[08May2026 02:46:03.979] [Server thread/INFO] [AllTheLeaks/]: | Player:
[08May2026 02:46:03.979] [Server thread/INFO] [AllTheLeaks/]: |- ServerPlayer (minecraft): 5
[08May2026 02:46:06.658] [Server thread/INFO] [net.minecraft.server.network.ServerGamePacketListenerImpl/]: fabrizio832 lost connection: Disconnected
[08May2026 02:46:06.658] [Server thread/INFO] [net.minecraft.server.MinecraftServer/]: fabrizio832 left the game
[08May2026 02:47:40.196] [Server thread/INFO] [net.minecraft.server.MinecraftServer/]: Stopping the server
[08May2026 02:47:40.279] [Server thread/INFO] [net.minecraft.server.MinecraftServer/]: Stopping server
[08May2026 02:47:40.280] [Server thread/INFO] [net.minecraft.server.MinecraftServer/]: Saving players
[08May2026 02:47:40.281] [Server thread/INFO] [net.minecraft.server.MinecraftServer/]: Saving worlds
[08May2026 02:47:40.388] [Server thread/INFO] [net.minecraft.server.MinecraftServer/]: Saving chunks for level 'ServerLevel[world]'/minecraft:overworld
[08May2026 02:47:40.550] [Server thread/INFO] [net.minecraft.server.MinecraftServer/]: Saving chunks for level 'ServerLevel[world]'/witherstormmod:bowels
[08May2026 02:47:40.551] [Server thread/INFO] [net.minecraft.server.MinecraftServer/]: Saving chunks for level 'ServerLevel[world]'/twilightforest:twilight_forest
[08May2026 02:47:40.552] [Server thread/INFO] [net.minecraft.server.MinecraftServer/]: Saving chunks for level 'ServerLevel[world]'/blue_skies:everbright
[08May2026 02:47:40.552] [Server thread/INFO] [net.minecraft.server.MinecraftServer/]: Saving chunks for level 'ServerLevel[world]'/graveyard:past
[08May2026 02:47:40.553] [Server thread/INFO] [net.minecraft.server.MinecraftServer/]: Saving chunks for level 'ServerLevel[world]'/minecraft:the_end
[08May2026 02:47:40.553] [Server thread/INFO] [net.minecraft.server.MinecraftServer/]: Saving chunks for level 'ServerLevel[world]'/irons_spellbooks:pocket_dimension
[08May2026 02:47:40.554] [Server thread/INFO] [net.minecraft.server.MinecraftServer/]: Saving chunks for level 'ServerLevel[world]'/minecraft:the_nether
[08May2026 02:47:40.554] [Server thread/INFO] [net.minecraft.server.MinecraftServer/]: Saving chunks for level 'ServerLevel[world]'/blue_skies:everdawn
[08May2026 02:47:40.555] [Server thread/INFO] [net.minecraft.server.MinecraftServer/]: Saving chunks for level 'ServerLevel[world]'/deeperdarker:otherside
[08May2026 02:47:40.555] [Server thread/INFO] [net.minecraft.server.MinecraftServer/]: Saving chunks for level 'ServerLevel[world]'/aether:the_aether
[08May2026 02:47:40.704] [Server thread/INFO] [net.minecraft.server.MinecraftServer/]: ThreadedAnvilChunkStorage (world): All chunks are saved
[08May2026 02:47:40.704] [Server thread/INFO] [net.minecraft.server.MinecraftServer/]: ThreadedAnvilChunkStorage (bowels): All chunks are saved
[08May2026 02:47:40.704] [Server thread/INFO] [net.minecraft.server.MinecraftServer/]: ThreadedAnvilChunkStorage (twilight_forest): All chunks are saved
[08May2026 02:47:40.705] [Server thread/INFO] [net.minecraft.server.MinecraftServer/]: ThreadedAnvilChunkStorage (everbright): All chunks are saved
[08May2026 02:47:40.705] [Server thread/INFO] [net.minecraft.server.MinecraftServer/]: ThreadedAnvilChunkStorage (past): All chunks are saved
[08May2026 02:47:40.705] [Server thread/INFO] [net.minecraft.server.MinecraftServer/]: ThreadedAnvilChunkStorage (DIM1): All chunks are saved
[08May2026 02:47:40.705] [Server thread/INFO] [net.minecraft.server.MinecraftServer/]: ThreadedAnvilChunkStorage (pocket_dimension): All chunks are saved
[08May2026 02:47:40.705] [Server thread/INFO] [net.minecraft.server.MinecraftServer/]: ThreadedAnvilChunkStorage (DIM-1): All chunks are saved
[08May2026 02:47:40.705] [Server thread/INFO] [net.minecraft.server.MinecraftServer/]: ThreadedAnvilChunkStorage (everdawn): All chunks are saved
[08May2026 02:47:40.705] [Server thread/INFO] [net.minecraft.server.MinecraftServer/]: ThreadedAnvilChunkStorage (otherside): All chunks are saved
[08May2026 02:47:40.705] [Server thread/INFO] [net.minecraft.server.MinecraftServer/]: ThreadedAnvilChunkStorage (the_aether): All chunks are saved
[08May2026 02:47:40.705] [Server thread/INFO] [net.minecraft.server.MinecraftServer/]: ThreadedAnvilChunkStorage: All dimensions are saved
[08May2026 02:47:40.706] [Server thread/INFO] [com.yellowbrossproductions.illageandspillage.IllageAndSpillage/]: Removed entity.illageandspillage.boss_randomizer from Raids to prevent a post-mod-removal crash
[08May2026 02:47:40.706] [Server thread/INFO] [com.yellowbrossproductions.illageandspillage.IllageAndSpillage/]: Removed entity.illageandspillage.igniter from Raids to prevent a post-mod-removal crash
[08May2026 02:47:40.706] [Server thread/INFO] [com.yellowbrossproductions.illageandspillage.IllageAndSpillage/]: Removed entity.illageandspillage.engineer from Raids to prevent a post-mod-removal crash
[08May2026 02:47:40.706] [Server thread/INFO] [com.yellowbrossproductions.illageandspillage.IllageAndSpillage/]: Removed entity.illageandspillage.twittollager from Raids to prevent a post-mod-removal crash
[08May2026 02:47:40.706] [Server thread/INFO] [com.yellowbrossproductions.illageandspillage.IllageAndSpillage/]: Removed entity.illageandspillage.magispeller from Raids to prevent a post-mod-removal crash
[08May2026 02:47:40.706] [Server thread/INFO] [com.yellowbrossproductions.illageandspillage.IllageAndSpillage/]: Removed entity.illageandspillage.spiritcaller from Raids to prevent a post-mod-removal crash
[08May2026 02:47:40.706] [Server thread/INFO] [com.yellowbrossproductions.illageandspillage.IllageAndSpillage/]: Removed entity.illageandspillage.crocofang from Raids to prevent a post-mod-removal crash
[08May2026 02:47:40.707] [Server thread/INFO] [com.yellowbrossproductions.illageandspillage.IllageAndSpillage/]: Removed entity.illageandspillage.absorber from Raids to prevent a post-mod-removal crash
[08May2026 02:47:40.707] [Server thread/INFO] [com.yellowbrossproductions.illageandspillage.IllageAndSpillage/]: Removed entity.illageandspillage.preserver from Raids to prevent a post-mod-removal crash
[08May2026 02:47:40.707] [Server thread/INFO] [com.yellowbrossproductions.illageandspillage.IllageAndSpillage/]: Removed entity.illageandspillage.freakager from Raids to prevent a post-mod-removal crash
[08May2026 02:47:40.707] [Server thread/INFO] [com.yellowbrossproductions.illageandspillage.IllageAndSpillage/]: Removed entity.illageandspillage.old_freakager from Raids to prevent a post-mod-removal crash
[08May2026 02:47:40.707] [Server thread/INFO] [com.yellowbrossproductions.illageandspillage.IllageAndSpillage/]: Removed entity.illageandspillage.old_magispeller from Raids to prevent a post-mod-removal crash
[08May2026 02:47:41.826] [Server thread/INFO] [com.yellowbrossproductions.illageandspillage.IllageAndSpillage/]: Removed entity.illageandspillage.boss_randomizer from Raids to prevent a post-mod-removal crash
[08May2026 02:47:41.826] [Server thread/INFO] [com.yellowbrossproductions.illageandspillage.IllageAndSpillage/]: Removed entity.illageandspillage.igniter from Raids to prevent a post-mod-removal crash
[08May2026 02:47:41.826] [Server thread/INFO] [com.yellowbrossproductions.illageandspillage.IllageAndSpillage/]: Removed entity.illageandspillage.engineer from Raids to prevent a post-mod-removal crash
[08May2026 02:47:41.826] [Server thread/INFO] [com.yellowbrossproductions.illageandspillage.IllageAndSpillage/]: Removed entity.illageandspillage.twittollager from Raids to prevent a post-mod-removal crash
[08May2026 02:47:41.826] [Server thread/INFO] [com.yellowbrossproductions.illageandspillage.IllageAndSpillage/]: Removed entity.illageandspillage.magispeller from Raids to prevent a post-mod-removal crash
[08May2026 02:47:41.826] [Server thread/INFO] [com.yellowbrossproductions.illageandspillage.IllageAndSpillage/]: Removed entity.illageandspillage.spiritcaller from Raids to prevent a post-mod-removal crash
[08May2026 02:47:41.826] [Server thread/INFO] [com.yellowbrossproductions.illageandspillage.IllageAndSpillage/]: Removed entity.illageandspillage.crocofang from Raids to prevent a post-mod-removal crash
[08May2026 02:47:41.826] [Server thread/INFO] [com.yellowbrossproductions.illageandspillage.IllageAndSpillage/]: Removed entity.illageandspillage.absorber from Raids to prevent a post-mod-removal crash
[08May2026 02:47:41.826] [Server thread/INFO] [com.yellowbrossproductions.illageandspillage.IllageAndSpillage/]: Removed entity.illageandspillage.preserver from Raids to prevent a post-mod-removal crash
[08May2026 02:47:41.826] [Server thread/INFO] [com.yellowbrossproductions.illageandspillage.IllageAndSpillage/]: Removed entity.illageandspillage.freakager from Raids to prevent a post-mod-removal crash
[08May2026 02:47:41.826] [Server thread/INFO] [com.yellowbrossproductions.illageandspillage.IllageAndSpillage/]: Removed entity.illageandspillage.old_freakager from Raids to prevent a post-mod-removal crash
[08May2026 02:47:41.827] [Server thread/INFO] [com.yellowbrossproductions.illageandspillage.IllageAndSpillage/]: Removed entity.illageandspillage.old_magispeller from Raids to prevent a post-mod-removal crash
[08May2026 02:47:41.828] [Server thread/INFO] [com.yellowbrossproductions.illageandspillage.IllageAndSpillage/]: Removed entity.illageandspillage.boss_randomizer from Raids to prevent a post-mod-removal crash
[08May2026 02:47:41.828] [Server thread/INFO] [com.yellowbrossproductions.illageandspillage.IllageAndSpillage/]: Removed entity.illageandspillage.igniter from Raids to prevent a post-mod-removal crash
[08May2026 02:47:41.828] [Server thread/INFO] [com.yellowbrossproductions.illageandspillage.IllageAndSpillage/]: Removed entity.illageandspillage.engineer from Raids to prevent a post-mod-removal crash
[08May2026 02:47:41.828] [Server thread/INFO] [com.yellowbrossproductions.illageandspillage.IllageAndSpillage/]: Removed entity.illageandspillage.twittollager from Raids to prevent a post-mod-removal crash
[08May2026 02:47:41.828] [Server thread/INFO] [com.yellowbrossproductions.illageandspillage.IllageAndSpillage/]: Removed entity.illageandspillage.magispeller from Raids to prevent a post-mod-removal crash
[08May2026 02:47:41.828] [Server thread/INFO] [com.yellowbrossproductions.illageandspillage.IllageAndSpillage/]: Removed entity.illageandspillage.spiritcaller from Raids to prevent a post-mod-removal crash
[08May2026 02:47:41.828] [Server thread/INFO] [com.yellowbrossproductions.illageandspillage.IllageAndSpillage/]: Removed entity.illageandspillage.crocofang from Raids to prevent a post-mod-removal crash
[08May2026 02:47:41.828] [Server thread/INFO] [com.yellowbrossproductions.illageandspillage.IllageAndSpillage/]: Removed entity.illageandspillage.absorber from Raids to prevent a post-mod-removal crash
[08May2026 02:47:41.828] [Server thread/INFO] [com.yellowbrossproductions.illageandspillage.IllageAndSpillage/]: Removed entity.illageandspillage.preserver from Raids to prevent a post-mod-removal crash
[08May2026 02:47:41.828] [Server thread/INFO] [com.yellowbrossproductions.illageandspillage.IllageAndSpillage/]: Removed entity.illageandspillage.freakager from Raids to prevent a post-mod-removal crash
[08May2026 02:47:41.828] [Server thread/INFO] [com.yellowbrossproductions.illageandspillage.IllageAndSpillage/]: Removed entity.illageandspillage.old_freakager from Raids to prevent a post-mod-removal crash
[08May2026 02:47:41.828] [Server thread/INFO] [com.yellowbrossproductions.illageandspillage.IllageAndSpillage/]: Removed entity.illageandspillage.old_magispeller from Raids to prevent a post-mod-removal crash
[08May2026 02:47:41.829] [Server thread/INFO] [com.yellowbrossproductions.illageandspillage.IllageAndSpillage/]: Removed entity.illageandspillage.boss_randomizer from Raids to prevent a post-mod-removal crash
[08May2026 02:47:41.829] [Server thread/INFO] [com.yellowbrossproductions.illageandspillage.IllageAndSpillage/]: Removed entity.illageandspillage.igniter from Raids to prevent a post-mod-removal crash
[08May2026 02:47:41.829] [Server thread/INFO] [com.yellowbrossproductions.illageandspillage.IllageAndSpillage/]: Removed entity.illageandspillage.engineer from Raids to prevent a post-mod-removal crash
[08May2026 02:47:41.829] [Server thread/INFO] [com.yellowbrossproductions.illageandspillage.IllageAndSpillage/]: Removed entity.illageandspillage.twittollager from Raids to prevent a post-mod-removal crash
[08May2026 02:47:41.830] [Server thread/INFO] [com.yellowbrossproductions.illageandspillage.IllageAndSpillage/]: Removed entity.illageandspillage.magispeller from Raids to prevent a post-mod-removal crash
[08May2026 02:47:41.830] [Server thread/INFO] [com.yellowbrossproductions.illageandspillage.IllageAndSpillage/]: Removed entity.illageandspillage.spiritcaller from Raids to prevent a post-mod-removal crash
[08May2026 02:47:41.830] [Server thread/INFO] [com.yellowbrossproductions.illageandspillage.IllageAndSpillage/]: Removed entity.illageandspillage.crocofang from Raids to prevent a post-mod-removal crash
[08May2026 02:47:41.830] [Server thread/INFO] [com.yellowbrossproductions.illageandspillage.IllageAndSpillage/]: Removed entity.illageandspillage.absorber from Raids to prevent a post-mod-removal crash
[08May2026 02:47:41.830] [Server thread/INFO] [com.yellowbrossproductions.illageandspillage.IllageAndSpillage/]: Removed entity.illageandspillage.preserver from Raids to prevent a post-mod-removal crash
[08May2026 02:47:41.830] [Server thread/INFO] [com.yellowbrossproductions.illageandspillage.IllageAndSpillage/]: Removed entity.illageandspillage.freakager from Raids to prevent a post-mod-removal crash
[08May2026 02:47:41.830] [Server thread/INFO] [com.yellowbrossproductions.illageandspillage.IllageAndSpillage/]: Removed entity.illageandspillage.old_freakager from Raids to prevent a post-mod-removal crash
[08May2026 02:47:41.830] [Server thread/INFO] [com.yellowbrossproductions.illageandspillage.IllageAndSpillage/]: Removed entity.illageandspillage.old_magispeller from Raids to prevent a post-mod-removal crash
[08May2026 02:47:41.831] [Server thread/INFO] [com.yellowbrossproductions.illageandspillage.IllageAndSpillage/]: Removed entity.illageandspillage.boss_randomizer from Raids to prevent a post-mod-removal crash
[08May2026 02:47:41.831] [Server thread/INFO] [com.yellowbrossproductions.illageandspillage.IllageAndSpillage/]: Removed entity.illageandspillage.igniter from Raids to prevent a post-mod-removal crash
[08May2026 02:47:41.831] [Server thread/INFO] [com.yellowbrossproductions.illageandspillage.IllageAndSpillage/]: Removed entity.illageandspillage.engineer from Raids to prevent a post-mod-removal crash
[08May2026 02:47:41.831] [Server thread/INFO] [com.yellowbrossproductions.illageandspillage.IllageAndSpillage/]: Removed entity.illageandspillage.twittollager from Raids to prevent a post-mod-removal crash
[08May2026 02:47:41.831] [Server thread/INFO] [com.yellowbrossproductions.illageandspillage.IllageAndSpillage/]: Removed entity.illageandspillage.magispeller from Raids to prevent a post-mod-removal crash
[08May2026 02:47:41.831] [Server thread/INFO] [com.yellowbrossproductions.illageandspillage.IllageAndSpillage/]: Removed entity.illageandspillage.spiritcaller from Raids to prevent a post-mod-removal crash
[08May2026 02:47:41.831] [Server thread/INFO] [com.yellowbrossproductions.illageandspillage.IllageAndSpillage/]: Removed entity.illageandspillage.crocofang from Raids to prevent a post-mod-removal crash
[08May2026 02:47:41.831] [Server thread/INFO] [com.yellowbrossproductions.illageandspillage.IllageAndSpillage/]: Removed entity.illageandspillage.absorber from Raids to prevent a post-mod-removal crash
[08May2026 02:47:41.831] [Server thread/INFO] [com.yellowbrossproductions.illageandspillage.IllageAndSpillage/]: Removed entity.illageandspillage.preserver from Raids to prevent a post-mod-removal crash
[08May2026 02:47:41.831] [Server thread/INFO] [com.yellowbrossproductions.illageandspillage.IllageAndSpillage/]: Removed entity.illageandspillage.freakager from Raids to prevent a post-mod-removal crash
[08May2026 02:47:41.832] [Server thread/INFO] [com.yellowbrossproductions.illageandspillage.IllageAndSpillage/]: Removed entity.illageandspillage.old_freakager from Raids to prevent a post-mod-removal crash
[08May2026 02:47:41.832] [Server thread/INFO] [com.yellowbrossproductions.illageandspillage.IllageAndSpillage/]: Removed entity.illageandspillage.old_magispeller from Raids to prevent a post-mod-removal crash
[08May2026 02:47:41.832] [Server thread/INFO] [com.yellowbrossproductions.illageandspillage.IllageAndSpillage/]: Removed entity.illageandspillage.boss_randomizer from Raids to prevent a post-mod-removal crash
[08May2026 02:47:41.832] [Server thread/INFO] [com.yellowbrossproductions.illageandspillage.IllageAndSpillage/]: Removed entity.illageandspillage.igniter from Raids to prevent a post-mod-removal crash
[08May2026 02:47:41.832] [Server thread/INFO] [com.yellowbrossproductions.illageandspillage.IllageAndSpillage/]: Removed entity.illageandspillage.engineer from Raids to prevent a post-mod-removal crash
[08May2026 02:47:41.832] [Server thread/INFO] [com.yellowbrossproductions.illageandspillage.IllageAndSpillage/]: Removed entity.illageandspillage.twittollager from Raids to prevent a post-mod-removal crash
[08May2026 02:47:41.833] [Server thread/INFO] [com.yellowbrossproductions.illageandspillage.IllageAndSpillage/]: Removed entity.illageandspillage.magispeller from Raids to prevent a post-mod-removal crash
[08May2026 02:47:41.833] [Server thread/INFO] [com.yellowbrossproductions.illageandspillage.IllageAndSpillage/]: Removed entity.illageandspillage.spiritcaller from Raids to prevent a post-mod-removal crash
[08May2026 02:47:41.833] [Server thread/INFO] [com.yellowbrossproductions.illageandspillage.IllageAndSpillage/]: Removed entity.illageandspillage.crocofang from Raids to prevent a post-mod-removal crash
[08May2026 02:47:41.833] [Server thread/INFO] [com.yellowbrossproductions.illageandspillage.IllageAndSpillage/]: Removed entity.illageandspillage.absorber from Raids to prevent a post-mod-removal crash
[08May2026 02:47:41.833] [Server thread/INFO] [com.yellowbrossproductions.illageandspillage.IllageAndSpillage/]: Removed entity.illageandspillage.preserver from Raids to prevent a post-mod-removal crash
[08May2026 02:47:41.833] [Server thread/INFO] [com.yellowbrossproductions.illageandspillage.IllageAndSpillage/]: Removed entity.illageandspillage.freakager from Raids to prevent a post-mod-removal crash
[08May2026 02:47:41.833] [Server thread/INFO] [com.yellowbrossproductions.illageandspillage.IllageAndSpillage/]: Removed entity.illageandspillage.old_freakager from Raids to prevent a post-mod-removal crash
[08May2026 02:47:41.833] [Server thread/INFO] [com.yellowbrossproductions.illageandspillage.IllageAndSpillage/]: Removed entity.illageandspillage.old_magispeller from Raids to prevent a post-mod-removal crash
[08May2026 02:47:41.834] [Server thread/INFO] [com.yellowbrossproductions.illageandspillage.IllageAndSpillage/]: Removed entity.illageandspillage.boss_randomizer from Raids to prevent a post-mod-removal crash
[08May2026 02:47:41.834] [Server thread/INFO] [com.yellowbrossproductions.illageandspillage.IllageAndSpillage/]: Removed entity.illageandspillage.igniter from Raids to prevent a post-mod-removal crash
[08May2026 02:47:41.834] [Server thread/INFO] [com.yellowbrossproductions.illageandspillage.IllageAndSpillage/]: Removed entity.illageandspillage.engineer from Raids to prevent a post-mod-removal crash
[08May2026 02:47:41.834] [Server thread/INFO] [com.yellowbrossproductions.illageandspillage.IllageAndSpillage/]: Removed entity.illageandspillage.twittollager from Raids to prevent a post-mod-removal crash
[08May2026 02:47:41.834] [Server thread/INFO] [com.yellowbrossproductions.illageandspillage.IllageAndSpillage/]: Removed entity.illageandspillage.magispeller from Raids to prevent a post-mod-removal crash
[08May2026 02:47:41.834] [Server thread/INFO] [com.yellowbrossproductions.illageandspillage.IllageAndSpillage/]: Removed entity.illageandspillage.spiritcaller from Raids to prevent a post-mod-removal crash
[08May2026 02:47:41.834] [Server thread/INFO] [com.yellowbrossproductions.illageandspillage.IllageAndSpillage/]: Removed entity.illageandspillage.crocofang from Raids to prevent a post-mod-removal crash
[08May2026 02:47:41.834] [Server thread/INFO] [com.yellowbrossproductions.illageandspillage.IllageAndSpillage/]: Removed entity.illageandspillage.absorber from Raids to prevent a post-mod-removal crash
[08May2026 02:47:41.834] [Server thread/INFO] [com.yellowbrossproductions.illageandspillage.IllageAndSpillage/]: Removed entity.illageandspillage.preserver from Raids to prevent a post-mod-removal crash
[08May2026 02:47:41.834] [Server thread/INFO] [com.yellowbrossproductions.illageandspillage.IllageAndSpillage/]: Removed entity.illageandspillage.freakager from Raids to prevent a post-mod-removal crash
[08May2026 02:47:41.834] [Server thread/INFO] [com.yellowbrossproductions.illageandspillage.IllageAndSpillage/]: Removed entity.illageandspillage.old_freakager from Raids to prevent a post-mod-removal crash
[08May2026 02:47:41.834] [Server thread/INFO] [com.yellowbrossproductions.illageandspillage.IllageAndSpillage/]: Removed entity.illageandspillage.old_magispeller from Raids to prevent a post-mod-removal crash
[08May2026 02:47:41.835] [Server thread/INFO] [com.yellowbrossproductions.illageandspillage.IllageAndSpillage/]: Removed entity.illageandspillage.boss_randomizer from Raids to prevent a post-mod-removal crash
[08May2026 02:47:41.835] [Server thread/INFO] [com.yellowbrossproductions.illageandspillage.IllageAndSpillage/]: Removed entity.illageandspillage.igniter from Raids to prevent a post-mod-removal crash
[08May2026 02:47:41.835] [Server thread/INFO] [com.yellowbrossproductions.illageandspillage.IllageAndSpillage/]: Removed entity.illageandspillage.engineer from Raids to prevent a post-mod-removal crash
[08May2026 02:47:41.835] [Server thread/INFO] [com.yellowbrossproductions.illageandspillage.IllageAndSpillage/]: Removed entity.illageandspillage.twittollager from Raids to prevent a post-mod-removal crash
[08May2026 02:47:41.835] [Server thread/INFO] [com.yellowbrossproductions.illageandspillage.IllageAndSpillage/]: Removed entity.illageandspillage.magispeller from Raids to prevent a post-mod-removal crash
[08May2026 02:47:41.835] [Server thread/INFO] [com.yellowbrossproductions.illageandspillage.IllageAndSpillage/]: Removed entity.illageandspillage.spiritcaller from Raids to prevent a post-mod-removal crash
[08May2026 02:47:41.836] [Server thread/INFO] [com.yellowbrossproductions.illageandspillage.IllageAndSpillage/]: Removed entity.illageandspillage.crocofang from Raids to prevent a post-mod-removal crash
[08May2026 02:47:41.836] [Server thread/INFO] [com.yellowbrossproductions.illageandspillage.IllageAndSpillage/]: Removed entity.illageandspillage.absorber from Raids to prevent a post-mod-removal crash
[08May2026 02:47:41.836] [Server thread/INFO] [com.yellowbrossproductions.illageandspillage.IllageAndSpillage/]: Removed entity.illageandspillage.preserver from Raids to prevent a post-mod-removal crash
[08May2026 02:47:41.836] [Server thread/INFO] [com.yellowbrossproductions.illageandspillage.IllageAndSpillage/]: Removed entity.illageandspillage.freakager from Raids to prevent a post-mod-removal crash
[08May2026 02:47:41.836] [Server thread/INFO] [com.yellowbrossproductions.illageandspillage.IllageAndSpillage/]: Removed entity.illageandspillage.old_freakager from Raids to prevent a post-mod-removal crash
[08May2026 02:47:41.836] [Server thread/INFO] [com.yellowbrossproductions.illageandspillage.IllageAndSpillage/]: Removed entity.illageandspillage.old_magispeller from Raids to prevent a post-mod-removal crash
[08May2026 02:47:41.836] [Server thread/INFO] [com.yellowbrossproductions.illageandspillage.IllageAndSpillage/]: Removed entity.illageandspillage.boss_randomizer from Raids to prevent a post-mod-removal crash
[08May2026 02:47:41.837] [Server thread/INFO] [com.yellowbrossproductions.illageandspillage.IllageAndSpillage/]: Removed entity.illageandspillage.igniter from Raids to prevent a post-mod-removal crash
[08May2026 02:47:41.837] [Server thread/INFO] [com.yellowbrossproductions.illageandspillage.IllageAndSpillage/]: Removed entity.illageandspillage.engineer from Raids to prevent a post-mod-removal crash
[08May2026 02:47:41.837] [Server thread/INFO] [com.yellowbrossproductions.illageandspillage.IllageAndSpillage/]: Removed entity.illageandspillage.twittollager from Raids to prevent a post-mod-removal crash
[08May2026 02:47:41.837] [Server thread/INFO] [com.yellowbrossproductions.illageandspillage.IllageAndSpillage/]: Removed entity.illageandspillage.magispeller from Raids to prevent a post-mod-removal crash
[08May2026 02:47:41.837] [Server thread/INFO] [com.yellowbrossproductions.illageandspillage.IllageAndSpillage/]: Removed entity.illageandspillage.spiritcaller from Raids to prevent a post-mod-removal crash
[08May2026 02:47:41.837] [Server thread/INFO] [com.yellowbrossproductions.illageandspillage.IllageAndSpillage/]: Removed entity.illageandspillage.crocofang from Raids to prevent a post-mod-removal crash
[08May2026 02:47:41.837] [Server thread/INFO] [com.yellowbrossproductions.illageandspillage.IllageAndSpillage/]: Removed entity.illageandspillage.absorber from Raids to prevent a post-mod-removal crash
[08May2026 02:47:41.837] [Server thread/INFO] [com.yellowbrossproductions.illageandspillage.IllageAndSpillage/]: Removed entity.illageandspillage.preserver from Raids to prevent a post-mod-removal crash
[08May2026 02:47:41.837] [Server thread/INFO] [com.yellowbrossproductions.illageandspillage.IllageAndSpillage/]: Removed entity.illageandspillage.freakager from Raids to prevent a post-mod-removal crash
[08May2026 02:47:41.837] [Server thread/INFO] [com.yellowbrossproductions.illageandspillage.IllageAndSpillage/]: Removed entity.illageandspillage.old_freakager from Raids to prevent a post-mod-removal crash
[08May2026 02:47:41.837] [Server thread/INFO] [com.yellowbrossproductions.illageandspillage.IllageAndSpillage/]: Removed entity.illageandspillage.old_magispeller from Raids to prevent a post-mod-removal crash
[08May2026 02:47:41.838] [Server thread/INFO] [com.yellowbrossproductions.illageandspillage.IllageAndSpillage/]: Removed entity.illageandspillage.boss_randomizer from Raids to prevent a post-mod-removal crash
[08May2026 02:47:41.838] [Server thread/INFO] [com.yellowbrossproductions.illageandspillage.IllageAndSpillage/]: Removed entity.illageandspillage.igniter from Raids to prevent a post-mod-removal crash
[08May2026 02:47:41.838] [Server thread/INFO] [com.yellowbrossproductions.illageandspillage.IllageAndSpillage/]: Removed entity.illageandspillage.engineer from Raids to prevent a post-mod-removal crash
[08May2026 02:47:41.838] [Server thread/INFO] [com.yellowbrossproductions.illageandspillage.IllageAndSpillage/]: Removed entity.illageandspillage.twittollager from Raids to prevent a post-mod-removal crash
[08May2026 02:47:41.838] [Server thread/INFO] [com.yellowbrossproductions.illageandspillage.IllageAndSpillage/]: Removed entity.illageandspillage.magispeller from Raids to prevent a post-mod-removal crash
[08May2026 02:47:41.838] [Server thread/INFO] [com.yellowbrossproductions.illageandspillage.IllageAndSpillage/]: Removed entity.illageandspillage.spiritcaller from Raids to prevent a post-mod-removal crash
[08May2026 02:47:41.838] [Server thread/INFO] [com.yellowbrossproductions.illageandspillage.IllageAndSpillage/]: Removed entity.illageandspillage.crocofang from Raids to prevent a post-mod-removal crash
[08May2026 02:47:41.839] [Server thread/INFO] [com.yellowbrossproductions.illageandspillage.IllageAndSpillage/]: Removed entity.illageandspillage.absorber from Raids to prevent a post-mod-removal crash
[08May2026 02:47:41.839] [Server thread/INFO] [com.yellowbrossproductions.illageandspillage.IllageAndSpillage/]: Removed entity.illageandspillage.preserver from Raids to prevent a post-mod-removal crash
[08May2026 02:47:41.839] [Server thread/INFO] [com.yellowbrossproductions.illageandspillage.IllageAndSpillage/]: Removed entity.illageandspillage.freakager from Raids to prevent a post-mod-removal crash
[08May2026 02:47:41.839] [Server thread/INFO] [com.yellowbrossproductions.illageandspillage.IllageAndSpillage/]: Removed entity.illageandspillage.old_freakager from Raids to prevent a post-mod-removal crash
[08May2026 02:47:41.839] [Server thread/INFO] [com.yellowbrossproductions.illageandspillage.IllageAndSpillage/]: Removed entity.illageandspillage.old_magispeller from Raids to prevent a post-mod-removal crash
[08May2026 02:47:41.839] [Server thread/INFO] [com.yellowbrossproductions.illageandspillage.IllageAndSpillage/]: Removed entity.illageandspillage.boss_randomizer from Raids to prevent a post-mod-removal crash
[08May2026 02:47:41.840] [Server thread/INFO] [com.yellowbrossproductions.illageandspillage.IllageAndSpillage/]: Removed entity.illageandspillage.igniter from Raids to prevent a post-mod-removal crash
[08May2026 02:47:41.840] [Server thread/INFO] [com.yellowbrossproductions.illageandspillage.IllageAndSpillage/]: Removed entity.illageandspillage.engineer from Raids to prevent a post-mod-removal crash
[08May2026 02:47:41.840] [Server thread/INFO] [com.yellowbrossproductions.illageandspillage.IllageAndSpillage/]: Removed entity.illageandspillage.twittollager from Raids to prevent a post-mod-removal crash
[08May2026 02:47:41.840] [Server thread/INFO] [com.yellowbrossproductions.illageandspillage.IllageAndSpillage/]: Removed entity.illageandspillage.magispeller from Raids to prevent a post-mod-removal crash
[08May2026 02:47:41.840] [Server thread/INFO] [com.yellowbrossproductions.illageandspillage.IllageAndSpillage/]: Removed entity.illageandspillage.spiritcaller from Raids to prevent a post-mod-removal crash
[08May2026 02:47:41.840] [Server thread/INFO] [com.yellowbrossproductions.illageandspillage.IllageAndSpillage/]: Removed entity.illageandspillage.crocofang from Raids to prevent a post-mod-removal crash
[08May2026 02:47:41.840] [Server thread/INFO] [com.yellowbrossproductions.illageandspillage.IllageAndSpillage/]: Removed entity.illageandspillage.absorber from Raids to prevent a post-mod-removal crash
[08May2026 02:47:41.840] [Server thread/INFO] [com.yellowbrossproductions.illageandspillage.IllageAndSpillage/]: Removed entity.illageandspillage.preserver from Raids to prevent a post-mod-removal crash
[08May2026 02:47:41.840] [Server thread/INFO] [com.yellowbrossproductions.illageandspillage.IllageAndSpillage/]: Removed entity.illageandspillage.freakager from Raids to prevent a post-mod-removal crash
[08May2026 02:47:41.840] [Server thread/INFO] [com.yellowbrossproductions.illageandspillage.IllageAndSpillage/]: Removed entity.illageandspillage.old_freakager from Raids to prevent a post-mod-removal crash
[08May2026 02:47:41.841] [Server thread/INFO] [com.yellowbrossproductions.illageandspillage.IllageAndSpillage/]: Removed entity.illageandspillage.old_magispeller from Raids to prevent a post-mod-removal crash
[08May2026 02:47:43.336] [Server thread/INFO] [Framework/]: Unloading server configs...
[08May2026 02:47:43.338] [Server thread/INFO] [Framework/]: Sending config unload event for goblintraders-entities.toml
[08May2026 02:47:43.341] [Server thread/INFO] [Framework/]: Finished unloading server configs
[08May2026 02:47:43.456] [Server thread/INFO] [journeymap/]: Loading JourneyMap Forge Configs
